Iter:0, max:1003.6263427734375, mean:993.86767578125, min:971.7969360351562, std:4.573978900909424
Iter:1, max:999.3949584960938, mean:989.0859985351562, min:968.2874145507812, std:4.761429309844971
Iter:2, max:1004.0265502929688, mean:993.7206420898438, min:975.8289794921875, std:4.596810817718506
Iter:3, max:1005.1097412109375, mean:994.2966918945312, min:971.1736450195312, std:4.864176273345947
Iter:4, max:1002.6015014648438, mean:992.7843017578125, min:971.2257080078125, std:4.976266860961914
Iter:5, max:1003.3134765625, mean:992.7845458984375, min:968.3392333984375, std:5.136009693145752
Iter:6, max:1003.792236328125, mean:993.0414428710938, min:973.6336669921875, std:5.126552104949951
Iter:7, max:1004.4320678710938, mean:993.8455810546875, min:967.1907348632812, std:5.18977689743042
Iter:8, max:1003.2552490234375, mean:991.75439453125, min:966.104248046875, std:5.340356826782227
Iter:9, max:1003.2236938476562, mean:992.8074951171875, min:969.1914672851562, std:5.235105037689209
Iter:10, max:1002.8319091796875, mean:991.3582763671875, min:956.42333984375, std:5.801249980926514
Iter:11, max:1003.2810668945312, mean:991.8961791992188, min:970.8743896484375, std:5.386376857757568
Iter:12, max:1003.470703125, mean:992.1466064453125, min:961.2431640625, std:5.494964122772217
Iter:13, max:1003.9278564453125, mean:991.57177734375, min:961.15087890625, std:5.740354537963867
Iter:14, max:1005.0938720703125, mean:991.7574462890625, min:966.9121704101562, std:5.4370436668396
Iter:15, max:1003.4566040039062, mean:989.9189453125, min:954.4943237304688, std:5.745828151702881
Iter:16, max:1009.5225830078125, mean:990.5720825195312, min:966.1028442382812, std:6.077192306518555
Iter:17, max:1002.90869140625, mean:989.4554443359375, min:959.3622436523438, std:6.186103343963623
Iter:18, max:1005.524169921875, mean:987.842041015625, min:951.5936279296875, std:6.187414646148682
Iter:19, max:1006.9457397460938, mean:987.7448120117188, min:957.6202392578125, std:6.8852386474609375
Iter:20, max:1011.8333740234375, mean:988.4929809570312, min:957.8062133789062, std:7.032519817352295
Iter:21, max:1006.5828247070312, mean:984.5009765625, min:936.58740234375, std:7.760193347930908
Iter:22, max:1010.853759765625, mean:986.363037109375, min:941.9672241210938, std:7.7876434326171875
Iter:23, max:1001.7407836914062, mean:984.4264526367188, min:943.4642944335938, std:7.941550254821777
Iter:24, max:1002.8179321289062, mean:984.96484375, min:953.3157348632812, std:8.07544231414795
Iter:25, max:1020.6641845703125, mean:986.9412841796875, min:942.1373901367188, std:8.211878776550293
Iter:26, max:1007.6200561523438, mean:982.9640502929688, min:907.9826049804688, std:9.680511474609375
Iter:27, max:1062.5191650390625, mean:983.93017578125, min:929.372314453125, std:9.74454116821289
Iter:28, max:1012.5153198242188, mean:981.3580322265625, min:900.7367553710938, std:10.067143440246582
Iter:29, max:1036.8836669921875, mean:979.04296875, min:850.5791015625, std:11.751167297363281
Iter:30, max:1050.139404296875, mean:982.57275390625, min:900.4671630859375, std:11.074052810668945
Iter:31, max:1020.4713134765625, mean:979.5717163085938, min:901.9805908203125, std:11.969324111938477
Iter:32, max:1019.6194458007812, mean:977.9617919921875, min:920.8458862304688, std:11.810286521911621
Iter:33, max:1022.4198608398438, mean:980.3841552734375, min:870.3673706054688, std:12.804830551147461
Iter:34, max:1059.38427734375, mean:977.8436279296875, min:906.7568359375, std:13.721096992492676
Iter:35, max:1013.5743408203125, mean:975.8905639648438, min:915.1166381835938, std:12.906604766845703
Iter:36, max:1015.9756469726562, mean:974.4207763671875, min:862.4509887695312, std:14.484522819519043
Iter:37, max:1039.1068115234375, mean:975.6148071289062, min:904.0776977539062, std:13.987741470336914
Iter:38, max:1038.9725341796875, mean:972.240966796875, min:875.359619140625, std:15.871561050415039
Iter:39, max:1042.42041015625, mean:971.8767700195312, min:900.7107543945312, std:16.463363647460938
Iter:40, max:1020.33837890625, mean:970.8111572265625, min:843.068603515625, std:17.020915985107422
Iter:41, max:1059.9505615234375, mean:968.9937744140625, min:812.87646484375, std:17.171308517456055
Iter:42, max:1102.204833984375, mean:968.8099365234375, min:856.0906982421875, std:18.884347915649414
Iter:43, max:1070.489013671875, mean:969.844482421875, min:827.5187377929688, std:19.938922882080078
Iter:44, max:1100.987060546875, mean:965.149169921875, min:862.2631225585938, std:19.722558975219727
Iter:45, max:1070.234130859375, mean:968.517333984375, min:866.5955810546875, std:20.680498123168945
Iter:46, max:1088.3424072265625, mean:964.8138427734375, min:730.8782958984375, std:22.867111206054688
Iter:47, max:1058.5076904296875, mean:962.2832641601562, min:802.7752685546875, std:21.256399154663086
Iter:48, max:1078.7008056640625, mean:962.55517578125, min:65.3714828491211, std:76.00553894042969
Iter:49, max:1053.9990234375, mean:965.251953125, min:857.1179809570312, std:22.311386108398438
Iter:50, max:1037.9073486328125, mean:963.0765380859375, min:827.9481201171875, std:23.757944107055664
Iter:51, max:1058.984130859375, mean:963.0419311523438, min:873.73193359375, std:22.51892852783203
Iter:52, max:1052.1187744140625, mean:961.533203125, min:766.4912109375, std:23.978221893310547
Iter:53, max:1162.1226806640625, mean:961.0443115234375, min:780.3726806640625, std:25.660850524902344
Iter:54, max:1080.0206298828125, mean:960.0158081054688, min:821.431884765625, std:25.053184509277344
Iter:55, max:1157.783203125, mean:965.066650390625, min:807.2501831054688, std:27.082223892211914
Iter:56, max:1079.6451416015625, mean:957.7044677734375, min:776.0022583007812, std:27.453359603881836
Iter:57, max:1168.495849609375, mean:960.3291625976562, min:814.7130126953125, std:29.269319534301758
Iter:58, max:1145.7239990234375, mean:961.5028686523438, min:67.871337890625, std:40.32817840576172
Iter:59, max:1101.55078125, mean:961.833251953125, min:839.80419921875, std:29.32520294189453
Iter:60, max:1136.172607421875, mean:958.144775390625, min:848.2202758789062, std:30.085899353027344
Iter:61, max:1115.880615234375, mean:956.1541748046875, min:814.4089965820312, std:31.5665225982666
Iter:62, max:1081.956298828125, mean:954.39208984375, min:78.85260009765625, std:47.69104766845703
Iter:63, max:1109.23828125, mean:954.6627197265625, min:794.7430419921875, std:34.699703216552734
Iter:64, max:1170.336181640625, mean:953.837646484375, min:45.31758117675781, std:44.098777770996094
Iter:65, max:1134.4754638671875, mean:958.0838623046875, min:385.6368103027344, std:39.27949905395508
Iter:66, max:1107.4852294921875, mean:957.5066528320312, min:798.6508178710938, std:36.822269439697266
Iter:67, max:1163.619873046875, mean:955.42919921875, min:775.995849609375, std:41.66046142578125
Iter:68, max:1276.755859375, mean:956.4808349609375, min:483.4725646972656, std:45.4763298034668
Iter:69, max:1171.3367919921875, mean:951.2839965820312, min:746.0496215820312, std:44.409629821777344
Iter:70, max:1104.6805419921875, mean:955.98486328125, min:750.4354858398438, std:41.03555679321289
Iter:71, max:1132.0611572265625, mean:956.6383056640625, min:787.3873291015625, std:46.04415512084961
Iter:72, max:1250.1485595703125, mean:958.0399780273438, min:776.9234008789062, std:48.41045379638672
Iter:73, max:1137.96337890625, mean:951.50732421875, min:663.7221069335938, std:49.233333587646484
Iter:74, max:1142.644287109375, mean:955.5111083984375, min:728.8301391601562, std:50.91870880126953
Iter:75, max:1165.3922119140625, mean:957.607177734375, min:76.88499450683594, std:58.875694274902344
Iter:76, max:1191.07275390625, mean:959.6708984375, min:702.4432373046875, std:59.9378776550293
Iter:77, max:1240.4832763671875, mean:958.133544921875, min:708.7047119140625, std:57.08753204345703
Iter:78, max:1214.822021484375, mean:957.193359375, min:658.333740234375, std:62.2840576171875
Iter:79, max:1194.3787841796875, mean:956.3721923828125, min:334.94989013671875, std:63.38099670410156
Iter:80, max:1316.619384765625, mean:959.055419921875, min:426.7958984375, std:71.86515045166016
Iter:81, max:1336.8626708984375, mean:953.378173828125, min:370.6131286621094, std:75.50323486328125
Iter:82, max:1276.39404296875, mean:957.5731201171875, min:668.220947265625, std:75.17620849609375
Iter:83, max:1235.8280029296875, mean:957.7535400390625, min:587.0537719726562, std:77.29086303710938
Iter:84, max:1373.962646484375, mean:960.6142578125, min:567.560546875, std:81.83319091796875
Iter:85, max:1266.73388671875, mean:960.2529296875, min:67.3149642944336, std:98.97040557861328
Iter:86, max:1231.9024658203125, mean:958.011474609375, min:614.8344116210938, std:84.2649917602539
Iter:87, max:1363.18994140625, mean:962.8609619140625, min:571.5271606445312, std:91.94918823242188
Iter:88, max:1253.9501953125, mean:956.4751586914062, min:287.3291320800781, std:95.42596435546875
Iter:89, max:1357.9166259765625, mean:957.6246337890625, min:359.1002502441406, std:98.53144073486328
Iter:90, max:1365.0552978515625, mean:953.8408203125, min:495.81756591796875, std:104.6497802734375
Iter:91, max:1315.3131103515625, mean:961.9503173828125, min:313.11865234375, std:107.58708953857422
Iter:92, max:1411.5921630859375, mean:959.7581787109375, min:50.037994384765625, std:114.85208129882812
Iter:93, max:1472.3458251953125, mean:955.2261962890625, min:149.12046813964844, std:111.8358383178711
Iter:94, max:1378.477294921875, mean:953.126953125, min:120.76061248779297, std:111.77489471435547
Iter:95, max:1344.64990234375, mean:953.0563354492188, min:33.226348876953125, std:117.21773529052734
Iter:96, max:1482.29931640625, mean:956.9365234375, min:447.42059326171875, std:123.2096939086914
Iter:97, max:1361.5394287109375, mean:960.9190063476562, min:159.20745849609375, std:122.42821502685547
Iter:98, max:1392.9285888671875, mean:952.7418212890625, min:120.7280044555664, std:122.03922271728516
Iter:99, max:1408.224853515625, mean:961.025634765625, min:370.7414855957031, std:122.68596649169922
Iter:100, max:1437.2078857421875, mean:961.408447265625, min:485.7080383300781, std:128.4016876220703
Iter:101, max:1543.3707275390625, mean:952.2139282226562, min:72.03382873535156, std:134.85015869140625
Iter:102, max:1322.691162109375, mean:962.5521240234375, min:207.70176696777344, std:133.48927307128906
Iter:103, max:1307.1763916015625, mean:952.275634765625, min:205.12619018554688, std:140.32891845703125
Iter:104, max:1344.366943359375, mean:958.6837158203125, min:180.26011657714844, std:143.1484375
Iter:105, max:1521.6900634765625, mean:968.9064331054688, min:54.15861511230469, std:143.6165313720703
Iter:106, max:1494.913330078125, mean:967.5892333984375, min:78.09751892089844, std:135.31639099121094
Iter:107, max:1553.7650146484375, mean:960.1090087890625, min:225.9803009033203, std:149.3499755859375
Iter:108, max:1413.0494384765625, mean:963.6715087890625, min:488.8873291015625, std:140.64752197265625
Iter:109, max:1386.061279296875, mean:974.165771484375, min:102.72520446777344, std:147.33798217773438
Iter:110, max:1570.4970703125, mean:972.5986328125, min:402.1950378417969, std:143.8809356689453
Iter:111, max:1543.91748046875, mean:970.3948364257812, min:165.5513458251953, std:145.67807006835938
Iter:112, max:1431.7802734375, mean:969.150146484375, min:225.69961547851562, std:152.05445861816406
Iter:113, max:1406.4703369140625, mean:978.6748046875, min:331.9372863769531, std:154.57223510742188
Iter:114, max:1451.280029296875, mean:975.0761108398438, min:103.03553009033203, std:154.11880493164062
Iter:115, max:1449.6575927734375, mean:982.9642333984375, min:54.47840118408203, std:161.98831176757812
Iter:116, max:1422.1527099609375, mean:978.357421875, min:53.5142822265625, std:157.62184143066406
Iter:117, max:1568.8929443359375, mean:973.97119140625, min:96.87715148925781, std:165.75601196289062
Iter:118, max:1527.4990234375, mean:994.5968627929688, min:42.321044921875, std:165.08445739746094
Iter:119, max:1531.075927734375, mean:992.661865234375, min:183.3771209716797, std:173.33627319335938
Iter:120, max:1493.226806640625, mean:991.4339599609375, min:487.31109619140625, std:166.52102661132812
Iter:121, max:1551.200927734375, mean:991.6875, min:34.01979064941406, std:176.31442260742188
Iter:122, max:1717.2686767578125, mean:1015.2916259765625, min:122.31816864013672, std:176.27401733398438
Iter:123, max:1564.367919921875, mean:1015.1751708984375, min:127.7186279296875, std:176.4347381591797
Iter:124, max:1575.9144287109375, mean:1008.5055541992188, min:73.563232421875, std:181.45059204101562
Iter:125, max:1573.684814453125, mean:1020.74853515625, min:222.5385284423828, std:181.81272888183594
Iter:126, max:1552.9830322265625, mean:1016.7478637695312, min:281.3188171386719, std:179.40811157226562
Iter:127, max:1607.533935546875, mean:1026.4232177734375, min:57.245574951171875, std:191.58470153808594
Iter:128, max:1528.0965576171875, mean:1030.483154296875, min:-248.38800048828125, std:188.300537109375
Iter:129, max:1547.23486328125, mean:1036.06201171875, min:327.56549072265625, std:190.7169647216797
Iter:130, max:1609.1893310546875, mean:1046.63623046875, min:119.0843734741211, std:192.48443603515625
Iter:131, max:1665.0152587890625, mean:1046.8511962890625, min:162.26123046875, std:200.6724853515625
Iter:132, max:1647.82177734375, mean:1046.595703125, min:77.47478485107422, std:199.61288452148438
Iter:133, max:1600.4468994140625, mean:1050.179443359375, min:184.3155517578125, std:203.12445068359375
Iter:134, max:1715.111083984375, mean:1067.0745849609375, min:279.5011291503906, std:205.16213989257812
Iter:135, max:1649.81591796875, mean:1080.7119140625, min:281.8980712890625, std:212.35594177246094
Iter:136, max:1631.707275390625, mean:1064.773681640625, min:279.9927062988281, std:210.19479370117188
Iter:137, max:1669.4486083984375, mean:1063.010498046875, min:215.0316619873047, std:220.05418395996094
Iter:138, max:1728.7100830078125, mean:1092.472900390625, min:104.08535766601562, std:218.2347869873047
Iter:139, max:1723.2432861328125, mean:1077.607177734375, min:389.8981628417969, std:226.92767333984375
Iter:140, max:1661.3753662109375, mean:1067.9468994140625, min:144.43316650390625, std:238.1931610107422
Iter:141, max:1726.27880859375, mean:1085.762939453125, min:292.2073669433594, std:233.36117553710938
Iter:142, max:1710.569091796875, mean:1086.57763671875, min:94.16224670410156, std:236.97335815429688
Iter:143, max:1927.9947509765625, mean:1109.5498046875, min:90.05743408203125, std:241.22796630859375
Iter:144, max:1776.171630859375, mean:1096.1583251953125, min:125.33747863769531, std:236.27322387695312
Iter:145, max:1741.805419921875, mean:1092.83544921875, min:-40.675506591796875, std:251.03761291503906
Iter:146, max:1718.49267578125, mean:1111.4530029296875, min:56.81070327758789, std:250.80593872070312
Iter:147, max:1738.8333740234375, mean:1100.70654296875, min:268.9717102050781, std:258.38592529296875
Iter:148, max:1683.708740234375, mean:1110.754638671875, min:123.99484252929688, std:267.1265869140625
Iter:149, max:1895.630126953125, mean:1115.269287109375, min:298.68951416015625, std:264.6393127441406
Iter:150, max:1744.8594970703125, mean:1114.0958251953125, min:140.57508850097656, std:281.0556335449219
Iter:151, max:1949.89892578125, mean:1139.7042236328125, min:130.41189575195312, std:257.5101318359375
Iter:152, max:1732.33544921875, mean:1137.8558349609375, min:148.36737060546875, std:277.19720458984375
Iter:153, max:1843.564697265625, mean:1149.746337890625, min:128.01551818847656, std:273.0003967285156
Iter:154, max:1823.802001953125, mean:1175.717041015625, min:234.19557189941406, std:263.4640197753906
Iter:155, max:1798.5712890625, mean:1171.4915771484375, min:90.15176391601562, std:277.0450134277344
Iter:156, max:1800.134521484375, mean:1160.7073974609375, min:253.463623046875, std:278.85699462890625
Iter:157, max:1817.1807861328125, mean:1196.8955078125, min:146.13290405273438, std:267.4344787597656
Iter:158, max:1728.9466552734375, mean:1181.730712890625, min:182.6136932373047, std:278.5418395996094
Iter:159, max:1748.3934326171875, mean:1198.239501953125, min:230.22669982910156, std:278.1037292480469
Iter:160, max:1834.3082275390625, mean:1236.5440673828125, min:264.9091491699219, std:265.36761474609375
Iter:161, max:1868.1055908203125, mean:1192.6689453125, min:23.36829376220703, std:298.2626647949219
Iter:162, max:1967.6129150390625, mean:1214.162109375, min:132.2610321044922, std:281.1627197265625
Iter:163, max:1860.425048828125, mean:1219.1744384765625, min:-17.90226173400879, std:291.5665283203125
Iter:164, max:1952.55126953125, mean:1213.3846435546875, min:-6.683797359466553, std:288.1636047363281
Iter:165, max:1902.3955078125, mean:1205.4779052734375, min:101.79226684570312, std:296.1441650390625
Iter:166, max:2117.4853515625, mean:1244.6585693359375, min:187.69866943359375, std:292.0941467285156
Iter:167, max:1869.18212890625, mean:1254.37255859375, min:84.97232818603516, std:280.76507568359375
Iter:168, max:1962.5958251953125, mean:1258.6258544921875, min:63.70759582519531, std:293.98785400390625
Iter:169, max:2039.2275390625, mean:1246.504150390625, min:159.12852478027344, std:307.85711669921875
Iter:170, max:2071.132568359375, mean:1282.260498046875, min:35.720420837402344, std:306.688720703125
Iter:171, max:1964.015625, mean:1270.362548828125, min:194.6575469970703, std:306.6227111816406
Iter:172, max:1962.7451171875, mean:1286.5965576171875, min:30.614526748657227, std:289.3628845214844
Iter:173, max:1968.6636962890625, mean:1283.025390625, min:136.96368408203125, std:300.3988952636719
Iter:174, max:2003.7877197265625, mean:1306.087890625, min:68.77861785888672, std:297.06292724609375
Iter:175, max:2045.2410888671875, mean:1288.35546875, min:-154.09957885742188, std:331.3114929199219
Iter:176, max:2005.453857421875, mean:1312.1761474609375, min:-62.82566452026367, std:318.94708251953125
Iter:177, max:1984.3402099609375, mean:1301.3128662109375, min:-42.95559310913086, std:323.74420166015625
Iter:178, max:1992.913818359375, mean:1321.77734375, min:-10.036870956420898, std:305.50341796875
Iter:179, max:2043.194091796875, mean:1303.059814453125, min:5.721132755279541, std:339.0603942871094
Iter:180, max:2045.2781982421875, mean:1323.245361328125, min:14.39322566986084, std:330.3030090332031
Iter:181, max:2118.11474609375, mean:1357.02099609375, min:-78.52363586425781, std:307.52032470703125
Iter:182, max:2103.0673828125, mean:1362.775146484375, min:131.53407287597656, std:314.4583740234375
Iter:183, max:2024.591064453125, mean:1334.41064453125, min:-51.62474822998047, std:339.76580810546875
Iter:184, max:2066.180908203125, mean:1352.46630859375, min:-225.9236297607422, std:340.9603271484375
Iter:185, max:2054.760498046875, mean:1377.565673828125, min:24.89249038696289, std:325.5024108886719
Iter:186, max:2044.850830078125, mean:1378.482421875, min:-34.74542999267578, std:331.6879577636719
Iter:187, max:2117.781982421875, mean:1390.558837890625, min:104.59481048583984, std:346.5160827636719
Iter:188, max:2123.526123046875, mean:1394.4215087890625, min:47.001808166503906, std:311.1365966796875
Iter:189, max:2069.2958984375, mean:1409.849365234375, min:-71.55301666259766, std:343.036865234375
Iter:190, max:2193.2412109375, mean:1397.35888671875, min:-9.659454345703125, std:335.134521484375
Iter:191, max:2160.187255859375, mean:1415.3905029296875, min:-319.6325378417969, std:356.20123291015625
Iter:192, max:2338.46875, mean:1415.83056640625, min:-89.43120574951172, std:345.5886535644531
Iter:193, max:2106.7216796875, mean:1438.8399658203125, min:-213.767578125, std:341.32159423828125
Iter:194, max:2341.52197265625, mean:1434.572265625, min:-44.69332504272461, std:331.8412780761719
Iter:195, max:2234.406494140625, mean:1411.3187255859375, min:-167.7824249267578, std:374.2940368652344
Iter:196, max:2274.20166015625, mean:1423.5911865234375, min:-111.30230712890625, std:373.70501708984375
Iter:197, max:2123.4453125, mean:1423.337890625, min:-206.10220336914062, std:375.6563720703125
Iter:198, max:2316.25341796875, mean:1442.888916015625, min:-175.0596923828125, std:382.5491638183594
Iter:199, max:2187.59619140625, mean:1476.96142578125, min:76.19332885742188, std:334.5928039550781
Iter:200, max:2187.33740234375, mean:1474.200439453125, min:-305.8140563964844, std:350.7247619628906
Iter:201, max:2161.498291015625, mean:1455.563720703125, min:-54.12385177612305, std:368.44482421875
Iter:202, max:2198.313232421875, mean:1495.0526123046875, min:-189.47500610351562, std:336.4418640136719
Iter:203, max:2166.461181640625, mean:1503.6951904296875, min:-80.82991790771484, std:373.6908874511719
Iter:204, max:2264.376953125, mean:1505.3880615234375, min:-365.9266357421875, std:357.4964294433594
Iter:205, max:2181.743408203125, mean:1489.6986083984375, min:-22.297164916992188, std:376.23284912109375
Iter:206, max:2250.761962890625, mean:1517.60009765625, min:-47.08457565307617, std:327.8769226074219
Iter:207, max:2227.45703125, mean:1538.965576171875, min:-89.99015045166016, std:348.058349609375
Iter:208, max:2267.95263671875, mean:1551.4088134765625, min:-138.90411376953125, std:362.2855224609375
Iter:209, max:2244.6923828125, mean:1560.275634765625, min:46.14419174194336, std:349.83575439453125
Iter:210, max:2293.889404296875, mean:1563.666748046875, min:17.282066345214844, std:358.30291748046875
Iter:211, max:2230.787109375, mean:1591.72509765625, min:-107.08623504638672, std:337.198486328125
Iter:212, max:2335.39892578125, mean:1600.656982421875, min:-172.15899658203125, std:353.4753112792969
Iter:213, max:2308.61572265625, mean:1596.298095703125, min:-150.51779174804688, std:350.1028747558594
Iter:214, max:2298.573974609375, mean:1615.099853515625, min:-19.511348724365234, std:327.0995178222656
Iter:215, max:2371.779296875, mean:1626.050537109375, min:-455.123291015625, std:356.432373046875
Iter:216, max:2250.9384765625, mean:1638.07177734375, min:13.53232479095459, std:314.01580810546875
Iter:217, max:2349.096923828125, mean:1658.164306640625, min:-433.6750793457031, std:342.4129638671875
Iter:218, max:2346.8134765625, mean:1655.268310546875, min:67.92680358886719, std:336.6848449707031
Iter:219, max:2390.9697265625, mean:1664.5247802734375, min:-100.75537109375, std:364.4006652832031
Iter:220, max:2369.755126953125, mean:1682.9736328125, min:31.638330459594727, std:349.2510986328125
Iter:221, max:2356.257080078125, mean:1678.998779296875, min:-63.4608154296875, std:358.4097595214844
Iter:222, max:2325.948486328125, mean:1697.1650390625, min:12.685473442077637, std:352.4754943847656
Iter:223, max:2415.83544921875, mean:1690.9697265625, min:34.597957611083984, std:365.1196594238281
Iter:224, max:2366.1162109375, mean:1710.0340576171875, min:33.32810592651367, std:343.9014892578125
Iter:225, max:2424.90576171875, mean:1735.02099609375, min:-91.59333801269531, std:346.9033203125
Iter:226, max:2478.62451171875, mean:1750.385009765625, min:-23.966012954711914, std:351.1439208984375
Iter:227, max:2545.767578125, mean:1723.7806396484375, min:-772.086669921875, std:394.5826110839844
Iter:228, max:2423.591064453125, mean:1744.2142333984375, min:-161.3252716064453, std:355.0481872558594
Iter:229, max:2542.526123046875, mean:1786.2109375, min:-113.0473861694336, std:366.153076171875
Iter:230, max:2396.273193359375, mean:1746.09033203125, min:-42.56181335449219, std:387.1714782714844
Iter:231, max:2535.18212890625, mean:1780.779296875, min:-195.4810791015625, std:357.35626220703125
Iter:232, max:2506.31640625, mean:1817.8399658203125, min:36.90509796142578, std:348.9192810058594
Iter:233, max:2549.78564453125, mean:1785.649658203125, min:-36.301055908203125, std:382.9317321777344
Iter:234, max:2559.04443359375, mean:1805.9490966796875, min:-162.50083923339844, std:370.1108093261719
Iter:235, max:2513.0810546875, mean:1823.8245849609375, min:-101.44444274902344, std:389.747314453125
Iter:236, max:2487.666015625, mean:1755.047607421875, min:-476.8417663574219, std:465.304443359375
Iter:237, max:2531.373046875, mean:1842.3544921875, min:-136.4589080810547, std:344.610595703125
Iter:238, max:2555.980224609375, mean:1876.571044921875, min:-285.16094970703125, std:370.38671875
Iter:239, max:2586.60302734375, mean:1871.1708984375, min:26.316993713378906, std:354.2331848144531
Iter:240, max:2619.67138671875, mean:1918.292724609375, min:122.5797348022461, std:355.0671691894531
Iter:241, max:2543.463623046875, mean:1907.361083984375, min:140.58316040039062, std:347.9425354003906
Iter:242, max:2806.67333984375, mean:1896.016357421875, min:-125.51395416259766, std:371.4007568359375
Iter:243, max:2554.140380859375, mean:1925.4697265625, min:27.409542083740234, std:349.1982116699219
Iter:244, max:2535.87060546875, mean:1936.4493408203125, min:69.4470443725586, std:346.3675842285156
Iter:245, max:2622.207275390625, mean:1953.853515625, min:18.13671875, std:347.95416259765625
Iter:246, max:2586.364013671875, mean:1982.53857421875, min:-166.82383728027344, std:332.4308776855469
Iter:247, max:2646.3447265625, mean:1975.4052734375, min:-51.712364196777344, std:354.8362121582031
Iter:248, max:2644.48583984375, mean:1997.3885498046875, min:-24.34630584716797, std:330.1541748046875
Iter:249, max:2689.8310546875, mean:1995.2286376953125, min:54.07044219970703, std:365.22076416015625
Iter:250, max:2622.620849609375, mean:2006.2166748046875, min:8.434921264648438, std:345.93060302734375
Iter:251, max:2702.236083984375, mean:2014.6710205078125, min:126.07386016845703, std:353.9979248046875
Iter:252, max:2682.31103515625, mean:2019.33154296875, min:-308.04345703125, std:371.7674865722656
Iter:253, max:2710.226318359375, mean:2033.7030029296875, min:-303.1980895996094, std:367.97760009765625
Iter:254, max:2719.048583984375, mean:2030.387939453125, min:-329.7276306152344, std:394.373046875
Iter:255, max:2750.69677734375, mean:2033.1514892578125, min:-295.77032470703125, std:383.4851379394531
Iter:256, max:2764.70654296875, mean:2073.548828125, min:65.31832122802734, std:370.3037414550781
Iter:257, max:2704.568359375, mean:2067.85986328125, min:-28.347076416015625, std:371.26165771484375
Iter:258, max:2773.803466796875, mean:2061.96435546875, min:-86.24028778076172, std:420.66961669921875
Iter:259, max:2749.964111328125, mean:2084.91748046875, min:-553.02392578125, std:396.80517578125
Iter:260, max:2816.1376953125, mean:2096.210205078125, min:110.85406494140625, std:407.3446960449219
Iter:261, max:2856.457275390625, mean:2069.615234375, min:-228.51596069335938, std:425.77978515625
Iter:262, max:2778.33203125, mean:2063.79541015625, min:-271.4339294433594, std:461.1367492675781
Iter:263, max:2779.991455078125, mean:2085.452392578125, min:-290.7613830566406, std:449.8321228027344
Iter:264, max:2986.552001953125, mean:2096.92578125, min:-257.3099670410156, std:416.1967468261719
Iter:265, max:2775.178466796875, mean:2090.580322265625, min:-429.0361328125, std:456.5679626464844
Iter:266, max:2824.686767578125, mean:2105.375, min:-367.7849426269531, std:457.373046875
Iter:267, max:2927.4736328125, mean:2128.790771484375, min:-278.4241943359375, std:419.83831787109375
Iter:268, max:2803.3017578125, mean:2088.73291015625, min:-237.41944885253906, std:468.2703552246094
Iter:269, max:2882.2900390625, mean:2135.1416015625, min:-216.92811584472656, std:432.69146728515625
Iter:270, max:2889.931640625, mean:2150.5673828125, min:-371.5072937011719, std:427.01470947265625
Iter:271, max:2895.33251953125, mean:2147.7021484375, min:-73.57223510742188, std:460.9726257324219
Iter:272, max:2930.58447265625, mean:2156.327880859375, min:7.756391525268555, std:433.9212646484375
Iter:273, max:2901.64404296875, mean:2138.6611328125, min:-590.0283813476562, std:502.5227355957031
Iter:274, max:3046.342041015625, mean:2162.567626953125, min:-23.27951431274414, std:471.9499206542969
Iter:275, max:2983.529296875, mean:2120.1474609375, min:21.83839225769043, std:510.077880859375
Iter:276, max:2912.4716796875, mean:2132.759033203125, min:-230.4791717529297, std:508.2167053222656
Iter:277, max:2916.251953125, mean:2179.219970703125, min:-30.380817413330078, std:473.1651306152344
Iter:278, max:2879.40283203125, mean:2157.248046875, min:77.2486343383789, std:500.0525207519531
Iter:279, max:2943.16650390625, mean:2154.424072265625, min:-70.60417938232422, std:491.6017150878906
Iter:280, max:2981.289306640625, mean:2176.76806640625, min:-449.6246643066406, std:509.6774597167969
Iter:281, max:2940.261962890625, mean:2165.6796875, min:-91.02855682373047, std:503.1380615234375
Iter:282, max:2983.50146484375, mean:2225.4111328125, min:137.03347778320312, std:473.12713623046875
Iter:283, max:2960.908447265625, mean:2199.3232421875, min:-187.2944793701172, std:486.1195068359375
Iter:284, max:3009.748046875, mean:2224.3037109375, min:-18.6817569732666, std:470.0796813964844
Iter:285, max:2924.12890625, mean:2211.079345703125, min:-165.6065216064453, std:480.5812683105469
Iter:286, max:3074.966796875, mean:2244.9833984375, min:-108.15434265136719, std:462.78741455078125
Iter:287, max:2926.1640625, mean:2240.4140625, min:-316.4949645996094, std:493.9410095214844
Iter:288, max:3002.819091796875, mean:2246.12060546875, min:11.415007591247559, std:476.33099365234375
Iter:289, max:2988.793701171875, mean:2251.46044921875, min:-77.40121459960938, std:498.6393127441406
Iter:290, max:3031.68603515625, mean:2277.4990234375, min:44.89930725097656, std:458.15936279296875
Iter:291, max:2920.546630859375, mean:2272.39501953125, min:-131.79714965820312, std:465.4395751953125
Iter:292, max:3041.086669921875, mean:2281.7705078125, min:-127.28079986572266, std:466.1261901855469
Iter:293, max:2941.315185546875, mean:2318.44287109375, min:-6.872438907623291, std:401.3276672363281
Iter:294, max:3112.6240234375, mean:2304.735595703125, min:131.65333557128906, std:451.0502624511719
Iter:295, max:2991.196533203125, mean:2338.721435546875, min:-222.51414489746094, std:417.2397766113281
Iter:296, max:3019.1015625, mean:2322.54052734375, min:80.9024658203125, std:433.9321594238281
Iter:297, max:3053.620361328125, mean:2339.536376953125, min:83.95088195800781, std:412.5491638183594
Iter:298, max:3039.1640625, mean:2340.40478515625, min:-598.7058715820312, std:440.93963623046875
Iter:299, max:3012.9990234375, mean:2372.97998046875, min:-231.0116729736328, std:367.59686279296875
Iter:300, max:3006.11474609375, mean:2361.923828125, min:204.91455078125, std:377.95526123046875
Iter:301, max:3016.0263671875, mean:2388.019775390625, min:-764.2418823242188, std:375.4981384277344
Iter:302, max:3015.3212890625, mean:2376.9345703125, min:6.081971168518066, std:393.0565185546875
Iter:303, max:3068.705810546875, mean:2387.236328125, min:122.55846405029297, std:363.0729064941406
Iter:304, max:3115.855224609375, mean:2380.40673828125, min:76.05329132080078, std:387.3044128417969
Iter:305, max:2963.074951171875, mean:2410.1064453125, min:152.50723266601562, std:333.18798828125
Iter:306, max:3090.680908203125, mean:2388.841552734375, min:-45.22846603393555, std:348.0457458496094
Iter:307, max:3041.9091796875, mean:2415.750244140625, min:0.8523967266082764, std:355.14886474609375
Iter:308, max:3136.623779296875, mean:2429.7294921875, min:395.96875, std:302.3876953125
Iter:309, max:3148.02734375, mean:2468.70703125, min:335.6456604003906, std:300.6013488769531
Iter:310, max:3126.500732421875, mean:2460.3828125, min:60.37420654296875, std:310.325927734375
Iter:311, max:3041.8720703125, mean:2457.798828125, min:272.5932922363281, std:337.7128601074219
Iter:312, max:3050.32421875, mean:2461.6787109375, min:125.9301986694336, std:323.6224060058594
Iter:313, max:3062.163330078125, mean:2469.78466796875, min:166.0229949951172, std:326.663818359375
Iter:314, max:3045.1162109375, mean:2500.545654296875, min:326.0712585449219, std:307.0263366699219
Iter:315, max:3123.003662109375, mean:2524.44140625, min:138.67822265625, std:301.52587890625
Iter:316, max:3148.7470703125, mean:2493.08740234375, min:107.69353485107422, std:326.8337097167969
Iter:317, max:3054.0380859375, mean:2493.221435546875, min:248.2421417236328, std:296.269287109375
Iter:318, max:3134.45947265625, mean:2492.564697265625, min:141.9217987060547, std:333.611572265625
Iter:319, max:3118.094970703125, mean:2538.74755859375, min:201.45872497558594, std:290.60833740234375
Iter:320, max:3170.55078125, mean:2513.72705078125, min:152.969970703125, std:317.92059326171875
Iter:321, max:3076.76806640625, mean:2540.196533203125, min:497.534423828125, std:295.1284484863281
Iter:322, max:3120.25390625, mean:2517.963134765625, min:125.29657745361328, std:345.6549377441406
Iter:323, max:3154.2490234375, mean:2559.2841796875, min:585.5289916992188, std:283.2668151855469
Iter:324, max:3165.246337890625, mean:2546.68701171875, min:95.3808364868164, std:327.2002258300781
Iter:325, max:3117.25439453125, mean:2548.77197265625, min:155.593505859375, std:314.7197570800781
Iter:326, max:3148.257080078125, mean:2540.11181640625, min:581.3045654296875, std:314.4964294433594
Iter:327, max:3100.330810546875, mean:2557.04052734375, min:462.46514892578125, std:331.3937683105469
Iter:328, max:3164.8876953125, mean:2544.77490234375, min:176.9867706298828, std:346.4498291015625
Iter:329, max:3223.271484375, mean:2577.08935546875, min:291.30743408203125, std:345.7312927246094
Iter:330, max:3184.640625, mean:2600.8466796875, min:152.57334899902344, std:317.3806457519531
Iter:331, max:3319.100341796875, mean:2623.45361328125, min:117.00140380859375, std:320.6440734863281
Iter:332, max:3156.169921875, mean:2651.4052734375, min:145.41802978515625, std:303.82659912109375
Iter:333, max:3191.765869140625, mean:2596.470703125, min:27.337677001953125, std:379.2986145019531
Iter:334, max:3162.90185546875, mean:2649.01611328125, min:351.9764099121094, std:327.36871337890625
Iter:335, max:3294.427490234375, mean:2621.384033203125, min:176.93746948242188, std:341.5995788574219
Iter:336, max:3206.661376953125, mean:2639.4365234375, min:167.8784637451172, std:320.9377746582031
Iter:337, max:3218.864013671875, mean:2674.818603515625, min:205.72357177734375, std:339.77960205078125
Iter:338, max:3198.042724609375, mean:2668.975341796875, min:74.5135269165039, std:322.3987121582031
Iter:339, max:3215.3662109375, mean:2663.765380859375, min:103.21012878417969, std:347.9366760253906
Iter:340, max:3266.214111328125, mean:2720.340087890625, min:212.20989990234375, std:315.24847412109375
Iter:341, max:3242.194580078125, mean:2721.1494140625, min:575.8110961914062, std:306.9002380371094
Iter:342, max:3278.8505859375, mean:2713.27587890625, min:-21.109756469726562, std:327.85284423828125
Iter:343, max:3326.6318359375, mean:2705.345703125, min:430.3661193847656, std:321.7751159667969
Iter:344, max:3317.8134765625, mean:2745.73388671875, min:2.5096821784973145, std:308.7936096191406
Iter:345, max:3332.23095703125, mean:2773.072021484375, min:185.43978881835938, std:311.5980529785156
Iter:346, max:3281.714111328125, mean:2749.80224609375, min:126.83634948730469, std:309.7539978027344
Iter:347, max:3402.45361328125, mean:2767.9267578125, min:363.3070983886719, std:307.2456970214844
Iter:348, max:3329.45166015625, mean:2750.91455078125, min:205.57762145996094, std:329.79693603515625
Iter:349, max:3322.6728515625, mean:2775.398193359375, min:185.726318359375, std:308.0491027832031
Iter:350, max:3390.0556640625, mean:2796.815673828125, min:153.8402099609375, std:342.30072021484375
Iter:351, max:3333.439697265625, mean:2776.771240234375, min:170.11305236816406, std:339.9172058105469
Iter:352, max:3272.5517578125, mean:2759.063232421875, min:38.896366119384766, std:336.4949645996094
Iter:353, max:3335.430419921875, mean:2799.244140625, min:192.97935485839844, std:356.26519775390625
Iter:354, max:3387.6025390625, mean:2820.784912109375, min:245.7840118408203, std:369.7768859863281
Iter:355, max:3394.1943359375, mean:2832.73681640625, min:204.21287536621094, std:348.02313232421875
Iter:356, max:3366.133544921875, mean:2802.4189453125, min:130.68267822265625, std:369.62481689453125
Iter:357, max:3393.590576171875, mean:2852.181884765625, min:588.0910034179688, std:336.95684814453125
Iter:358, max:3372.413818359375, mean:2813.66162109375, min:192.68492126464844, std:343.3286437988281
Iter:359, max:3396.826171875, mean:2838.033203125, min:296.918212890625, std:357.8380126953125
Iter:360, max:3395.121826171875, mean:2813.739990234375, min:75.30342102050781, std:375.5732727050781
Iter:361, max:3420.462890625, mean:2821.42822265625, min:115.22981262207031, std:405.39453125
Iter:362, max:3475.658447265625, mean:2839.481201171875, min:19.55455780029297, std:443.94830322265625
Iter:363, max:3493.9736328125, mean:2867.630615234375, min:106.84981536865234, std:403.8440246582031
Iter:364, max:3416.513916015625, mean:2852.900146484375, min:-3.0804500579833984, std:419.5523376464844
Iter:365, max:3392.541259765625, mean:2853.8486328125, min:66.3193130493164, std:397.955810546875
Iter:366, max:3431.509033203125, mean:2849.0869140625, min:45.516212463378906, std:434.07342529296875
Iter:367, max:3475.985595703125, mean:2843.57958984375, min:99.93180084228516, std:444.0623779296875
Iter:368, max:3544.4453125, mean:2859.5693359375, min:122.73031616210938, std:456.83245849609375
Iter:369, max:3496.952392578125, mean:2877.3271484375, min:-22.154756546020508, std:446.9436340332031
Iter:370, max:3433.327880859375, mean:2833.77392578125, min:59.121299743652344, std:464.4335021972656
Iter:371, max:3567.7109375, mean:2880.1337890625, min:-82.95411682128906, std:457.3623046875
Iter:372, max:3519.813720703125, mean:2884.003662109375, min:-345.510498046875, std:447.3032531738281
Iter:373, max:3551.873046875, mean:2876.99462890625, min:173.62017822265625, std:447.44793701171875
Iter:374, max:3612.55810546875, mean:2897.696044921875, min:147.99169921875, std:471.0215148925781
Iter:375, max:3618.5400390625, mean:2918.540771484375, min:-592.977783203125, std:426.4757080078125
Iter:376, max:3563.2119140625, mean:2892.232421875, min:-148.60572814941406, std:482.0362548828125
Iter:377, max:3527.64990234375, mean:2962.40625, min:256.2536926269531, std:388.7611083984375
Iter:378, max:3601.997314453125, mean:2916.02880859375, min:-204.47344970703125, std:502.8140563964844
Iter:379, max:3627.708740234375, mean:2988.751953125, min:-53.20762634277344, std:390.26239013671875
Iter:380, max:3594.77001953125, mean:2924.7373046875, min:55.70750427246094, std:498.45367431640625
Iter:381, max:3619.952880859375, mean:2986.55810546875, min:-385.1378479003906, std:454.4020080566406
Iter:382, max:3648.900634765625, mean:2972.98583984375, min:-328.4740295410156, std:455.6064453125
Iter:383, max:3628.4560546875, mean:2967.7841796875, min:-40.78343963623047, std:468.2467346191406
Iter:384, max:3584.4453125, mean:2960.68212890625, min:-190.9387664794922, std:544.4783935546875
Iter:385, max:3626.80224609375, mean:2947.83447265625, min:-95.40668487548828, std:477.0234680175781
Iter:386, max:3679.645263671875, mean:2981.749755859375, min:-368.0961608886719, std:540.9346923828125
Iter:387, max:3658.59033203125, mean:2998.258544921875, min:-296.66168212890625, std:474.5008544921875
Iter:388, max:3692.290771484375, mean:3033.10693359375, min:-153.15383911132812, std:467.4010925292969
Iter:389, max:3634.31103515625, mean:3008.9765625, min:-414.98974609375, std:519.1292114257812
Iter:390, max:3646.6884765625, mean:2993.37890625, min:-179.83181762695312, std:482.24090576171875
Iter:391, max:3665.196533203125, mean:2991.447021484375, min:134.28848266601562, std:524.2037353515625
Iter:392, max:3736.59765625, mean:3037.1357421875, min:-555.6837768554688, std:533.9441528320312
Iter:393, max:3682.43505859375, mean:2987.94677734375, min:-411.0071105957031, std:585.7393798828125
Iter:394, max:3692.49853515625, mean:2998.14208984375, min:-249.2279510498047, std:540.0110473632812
Iter:395, max:3619.037109375, mean:2983.086181640625, min:-345.0108947753906, std:564.3955688476562
Iter:396, max:3704.23583984375, mean:3045.713134765625, min:36.50836181640625, std:491.6306457519531
Iter:397, max:3722.26171875, mean:3093.960205078125, min:-134.88778686523438, std:482.995849609375
Iter:398, max:3682.224853515625, mean:3038.69873046875, min:-179.58457946777344, std:504.9109191894531
Iter:399, max:3753.180908203125, mean:3077.662109375, min:-205.21337890625, std:477.1651611328125
Iter:400, max:3844.4853515625, mean:3087.7548828125, min:-502.93792724609375, std:578.379150390625
Iter:401, max:3715.067626953125, mean:3122.67041015625, min:-110.97491455078125, std:427.69573974609375
Iter:402, max:3777.8271484375, mean:3078.24658203125, min:-77.27708435058594, std:488.01629638671875
Iter:403, max:3819.890625, mean:3127.52978515625, min:-521.5594482421875, std:484.20562744140625
Iter:404, max:3756.336669921875, mean:3118.0595703125, min:-305.9197998046875, std:487.7291259765625
Iter:405, max:3786.941650390625, mean:3172.600830078125, min:-201.10890197753906, std:454.5920715332031
Iter:406, max:3709.221435546875, mean:3136.83447265625, min:-187.87448120117188, std:425.8479309082031
Iter:407, max:3711.022216796875, mean:3194.730224609375, min:-343.80938720703125, std:434.965087890625
Iter:408, max:3774.039794921875, mean:3212.63232421875, min:189.78411865234375, std:381.2586975097656
Iter:409, max:3859.8154296875, mean:3201.727294921875, min:29.329500198364258, std:404.5555114746094
Iter:410, max:3817.376708984375, mean:3179.71533203125, min:-295.1322021484375, std:420.96051025390625
Iter:411, max:3851.019287109375, mean:3207.70751953125, min:284.6179504394531, std:454.9631042480469
Iter:412, max:3832.948974609375, mean:3254.757568359375, min:145.67674255371094, std:356.4102478027344
Iter:413, max:3808.235595703125, mean:3164.1845703125, min:-135.76101684570312, std:484.2512512207031
Iter:414, max:3777.466552734375, mean:3199.930419921875, min:-367.318603515625, std:465.1509704589844
Iter:415, max:3836.557373046875, mean:3241.02099609375, min:228.61521911621094, std:433.7007751464844
Iter:416, max:3806.060791015625, mean:3215.72802734375, min:-164.1752166748047, std:503.8419494628906
Iter:417, max:3835.469970703125, mean:3229.501953125, min:184.23394775390625, std:447.0383605957031
Iter:418, max:3867.243408203125, mean:3250.13525390625, min:194.2772674560547, std:445.886474609375
Iter:419, max:3900.049560546875, mean:3227.14306640625, min:131.56143188476562, std:478.7525329589844
Iter:420, max:3825.01318359375, mean:3237.7607421875, min:-932.943359375, std:518.5812377929688
Iter:421, max:3940.843994140625, mean:3214.413818359375, min:178.10235595703125, std:442.8741760253906
Iter:422, max:3971.658447265625, mean:3242.47802734375, min:97.4748764038086, std:494.8981018066406
Iter:423, max:3857.136474609375, mean:3213.47900390625, min:163.30130004882812, std:512.8484497070312
Iter:424, max:3906.111328125, mean:3204.955078125, min:135.86944580078125, std:513.4718627929688
Iter:425, max:3959.4912109375, mean:3237.11669921875, min:71.18841552734375, std:517.1216430664062
Iter:426, max:3958.0693359375, mean:3231.7470703125, min:-150.38453674316406, std:486.1724548339844
Iter:427, max:3894.8876953125, mean:3242.279541015625, min:1.4112014770507812, std:514.66162109375
Iter:428, max:3900.92578125, mean:3229.02783203125, min:38.31135177612305, std:515.7053833007812
Iter:429, max:3900.918701171875, mean:3184.275634765625, min:-157.42965698242188, std:593.088134765625
Iter:430, max:4061.328369140625, mean:3236.533203125, min:126.228515625, std:551.5014038085938
Iter:431, max:3939.895263671875, mean:3247.2744140625, min:92.56834411621094, std:541.906005859375
Iter:432, max:3910.586669921875, mean:3268.1474609375, min:180.52511596679688, std:530.2861328125
Iter:433, max:3861.2236328125, mean:3238.79736328125, min:99.59115600585938, std:517.9462280273438
Iter:434, max:3972.545166015625, mean:3206.2509765625, min:143.9959259033203, std:616.7997436523438
Iter:435, max:4021.540771484375, mean:3269.05078125, min:133.81134033203125, std:528.1441650390625
Iter:436, max:3991.820068359375, mean:3291.829345703125, min:116.82693481445312, std:527.9486083984375
Iter:437, max:4047.150146484375, mean:3279.5556640625, min:101.04313659667969, std:541.9676513671875
Iter:438, max:3928.99951171875, mean:3248.170654296875, min:69.92863464355469, std:531.0132446289062
Iter:439, max:3978.873291015625, mean:3334.0791015625, min:187.90408325195312, std:496.47601318359375
Iter:440, max:3979.57421875, mean:3222.62158203125, min:-118.20242309570312, std:585.4717407226562
Iter:441, max:4001.61962890625, mean:3318.291015625, min:128.54312133789062, std:494.1653747558594
Iter:442, max:3950.126220703125, mean:3277.41357421875, min:120.46729278564453, std:590.01513671875
Iter:443, max:3999.3330078125, mean:3285.84716796875, min:120.64350891113281, std:499.6463928222656
Iter:444, max:3963.024658203125, mean:3223.2666015625, min:77.18647003173828, std:628.6895751953125
Iter:445, max:3978.68359375, mean:3375.214599609375, min:155.6297149658203, std:506.3331298828125
Iter:446, max:4052.718994140625, mean:3317.837890625, min:234.33273315429688, std:521.3223266601562
Iter:447, max:3992.6591796875, mean:3390.412109375, min:249.13458251953125, std:395.957763671875
Iter:448, max:3986.172119140625, mean:3353.3681640625, min:210.28994750976562, std:496.5602111816406
Iter:449, max:3982.353515625, mean:3378.10107421875, min:122.22987365722656, std:469.7288513183594
Iter:450, max:4085.7099609375, mean:3396.257568359375, min:296.5968322753906, std:452.4584045410156
Iter:451, max:4040.483154296875, mean:3398.484375, min:244.00778198242188, std:426.3180236816406
Iter:452, max:4007.811279296875, mean:3385.67333984375, min:1.8163505792617798, std:458.74468994140625
Iter:453, max:4116.71337890625, mean:3380.65087890625, min:-55.98121643066406, std:479.4482421875
Iter:454, max:4081.292724609375, mean:3366.34423828125, min:34.51346206665039, std:488.299072265625
Iter:455, max:4107.41552734375, mean:3385.800048828125, min:82.49082946777344, std:484.2886657714844
Iter:456, max:4069.2939453125, mean:3426.874755859375, min:-281.6733703613281, std:458.04559326171875
Iter:457, max:4062.515380859375, mean:3379.5771484375, min:119.68084716796875, std:531.228515625
Iter:458, max:4078.5390625, mean:3417.60400390625, min:-286.79718017578125, std:515.7353515625
Iter:459, max:4057.97509765625, mean:3396.72802734375, min:89.73432922363281, std:528.6746215820312
Iter:460, max:4135.41162109375, mean:3409.184814453125, min:187.95062255859375, std:460.2554626464844
Iter:461, max:4136.9345703125, mean:3438.8837890625, min:131.09922790527344, std:486.8074035644531
Iter:462, max:4104.8310546875, mean:3435.72119140625, min:113.24601745605469, std:523.7343139648438
Iter:463, max:4120.17236328125, mean:3389.33056640625, min:79.82974243164062, std:577.158447265625
Iter:464, max:4041.9794921875, mean:3422.965576171875, min:-51.51386642456055, std:542.0753173828125
Iter:465, max:4115.43603515625, mean:3436.24169921875, min:53.37531280517578, std:555.0396728515625
Iter:466, max:4165.1318359375, mean:3444.5947265625, min:61.54561233520508, std:591.6032104492188
Iter:467, max:4148.76025390625, mean:3457.298095703125, min:122.21927642822266, std:501.9314270019531
Iter:468, max:4163.62109375, mean:3432.06787109375, min:129.712646484375, std:576.5228881835938
Iter:469, max:4148.69287109375, mean:3450.85693359375, min:-186.34310913085938, std:525.2918701171875
Iter:470, max:4186.40380859375, mean:3459.3388671875, min:54.19606018066406, std:622.8379516601562
Iter:471, max:4117.1298828125, mean:3439.537109375, min:45.88754653930664, std:584.6378784179688
Iter:472, max:4126.40673828125, mean:3470.676025390625, min:173.60589599609375, std:576.1868896484375
Iter:473, max:4271.73046875, mean:3489.377197265625, min:77.75868225097656, std:536.3110961914062
Iter:474, max:4133.90087890625, mean:3498.62255859375, min:106.14537048339844, std:583.6367797851562
Iter:475, max:4199.5234375, mean:3442.90771484375, min:121.8967514038086, std:649.236083984375
Iter:476, max:4154.93505859375, mean:3491.130859375, min:50.98591232299805, std:599.8705444335938
Iter:477, max:4164.62939453125, mean:3485.22509765625, min:168.24314880371094, std:604.3629150390625
Iter:478, max:4197.28466796875, mean:3496.659423828125, min:235.4784698486328, std:532.164306640625
Iter:479, max:4152.9521484375, mean:3458.203369140625, min:-233.15220642089844, std:637.9811401367188
Iter:480, max:4212.31787109375, mean:3521.2138671875, min:48.17458724975586, std:576.439208984375
Iter:481, max:4254.966796875, mean:3497.681396484375, min:-252.24960327148438, std:553.7698364257812
Iter:482, max:4145.62451171875, mean:3417.83154296875, min:-209.12713623046875, std:660.9603271484375
Iter:483, max:4168.95361328125, mean:3481.7177734375, min:-1044.684326171875, std:599.0632934570312
Iter:484, max:4225.87841796875, mean:3485.83447265625, min:49.50224304199219, std:635.894287109375
Iter:485, max:4266.59326171875, mean:3536.64306640625, min:86.25934600830078, std:583.092041015625
Iter:486, max:4281.21923828125, mean:3584.62939453125, min:218.6558074951172, std:475.00592041015625
Iter:487, max:4193.5361328125, mean:3569.07568359375, min:48.45627212524414, std:488.56549072265625
Iter:488, max:4239.5419921875, mean:3535.558837890625, min:-323.3844299316406, std:572.0326538085938
Iter:489, max:4217.8662109375, mean:3566.06396484375, min:138.85720825195312, std:538.2938232421875
Iter:490, max:4275.7294921875, mean:3570.23681640625, min:144.32420349121094, std:510.1260986328125
Iter:491, max:4289.7421875, mean:3622.25146484375, min:201.15383911132812, std:462.1639404296875
Iter:492, max:4263.6416015625, mean:3586.706298828125, min:115.6088638305664, std:497.7371826171875
Iter:493, max:4325.61669921875, mean:3617.0625, min:66.56120300292969, std:518.8280029296875
Iter:494, max:4262.91650390625, mean:3618.75244140625, min:132.807861328125, std:515.9635620117188
Iter:495, max:4339.2216796875, mean:3597.302490234375, min:64.42019653320312, std:514.7008056640625
Iter:496, max:4273.1259765625, mean:3628.6826171875, min:-16.26361846923828, std:520.96484375
Iter:497, max:4243.2724609375, mean:3630.32470703125, min:32.016414642333984, std:481.5400695800781
Iter:498, max:4174.2197265625, mean:3658.296630859375, min:179.73712158203125, std:407.704833984375
Iter:499, max:4366.2119140625, mean:3683.95263671875, min:126.6552505493164, std:403.6380615234375
Iter:500, max:4248.95654296875, mean:3678.60498046875, min:230.05062866210938, std:374.2669982910156
Iter:501, max:4222.8017578125, mean:3647.26318359375, min:40.63512420654297, std:504.5500183105469
Iter:502, max:4192.95849609375, mean:3636.760009765625, min:101.90424346923828, std:447.68878173828125
Iter:503, max:4334.74755859375, mean:3652.31494140625, min:136.4032745361328, std:468.1825256347656
Iter:504, max:4294.26318359375, mean:3653.4658203125, min:195.79183959960938, std:434.365966796875
Iter:505, max:4357.6513671875, mean:3633.6982421875, min:55.784156799316406, std:468.0895080566406
Iter:506, max:4204.912109375, mean:3632.800537109375, min:-282.85308837890625, std:447.9986572265625
Iter:507, max:4280.59912109375, mean:3700.05908203125, min:131.22015380859375, std:447.54083251953125
Iter:508, max:4261.43359375, mean:3637.53564453125, min:96.69865417480469, std:482.8183288574219
Iter:509, max:4298.650390625, mean:3720.28369140625, min:170.4567413330078, std:424.68463134765625
Iter:510, max:4307.6943359375, mean:3721.65478515625, min:259.34381103515625, std:403.2959899902344
Iter:511, max:4305.9365234375, mean:3691.076904296875, min:64.0249252319336, std:532.7444458007812
Iter:512, max:4347.490234375, mean:3658.30322265625, min:137.50341796875, std:497.0527038574219
Iter:513, max:4278.62451171875, mean:3702.119140625, min:98.92517852783203, std:475.9716796875
Iter:514, max:4387.5205078125, mean:3683.45068359375, min:125.18767547607422, std:547.9349975585938
Iter:515, max:4359.36962890625, mean:3757.15283203125, min:283.2397766113281, std:487.4353942871094
Iter:516, max:4293.9443359375, mean:3674.784912109375, min:80.1594009399414, std:500.98968505859375
Iter:517, max:4366.2880859375, mean:3701.72998046875, min:115.20419311523438, std:508.1729431152344
Iter:518, max:4296.58935546875, mean:3680.1455078125, min:82.90216064453125, std:481.8127136230469
Iter:519, max:4337.04150390625, mean:3725.27685546875, min:155.11087036132812, std:517.9658203125
Iter:520, max:4347.931640625, mean:3720.281982421875, min:170.69322204589844, std:519.0719604492188
Iter:521, max:4372.0771484375, mean:3712.27099609375, min:158.3515167236328, std:576.64111328125
Iter:522, max:4333.3544921875, mean:3699.31396484375, min:113.43640899658203, std:568.6514282226562
Iter:523, max:4330.61865234375, mean:3707.849853515625, min:68.61676025390625, std:573.2788696289062
Iter:524, max:4314.06298828125, mean:3719.96484375, min:107.99069213867188, std:583.5999755859375
Iter:525, max:4475.40869140625, mean:3679.90576171875, min:107.99761962890625, std:641.1181030273438
Iter:526, max:4404.0380859375, mean:3696.2734375, min:42.68312454223633, std:624.6641845703125
Iter:527, max:4426.029296875, mean:3669.27294921875, min:77.64031982421875, std:648.378662109375
Iter:528, max:4374.88818359375, mean:3744.9814453125, min:277.7618713378906, std:525.6533813476562
Iter:529, max:4324.16015625, mean:3700.769775390625, min:130.37979125976562, std:531.6886596679688
Iter:530, max:4368.5888671875, mean:3654.247802734375, min:120.1053237915039, std:711.1560668945312
Iter:531, max:4397.12841796875, mean:3725.42626953125, min:107.04847717285156, std:609.5653076171875
Iter:532, max:4511.728515625, mean:3703.022216796875, min:87.77626037597656, std:668.9691162109375
Iter:533, max:4363.27099609375, mean:3677.06396484375, min:118.54248046875, std:607.7322998046875
Iter:534, max:4360.373046875, mean:3685.45263671875, min:117.0277328491211, std:654.9345092773438
Iter:535, max:4379.02001953125, mean:3739.52685546875, min:-88.73756408691406, std:573.4876098632812
Iter:536, max:4419.52392578125, mean:3702.544189453125, min:105.67691040039062, std:641.8538818359375
Iter:537, max:4362.34130859375, mean:3723.38427734375, min:105.21342468261719, std:629.3878173828125
Iter:538, max:4367.99462890625, mean:3724.01171875, min:104.68978118896484, std:566.4088134765625
Iter:539, max:4392.95458984375, mean:3749.0439453125, min:104.39541625976562, std:636.4769897460938
Iter:540, max:4386.0244140625, mean:3751.8369140625, min:-321.6118469238281, std:653.5387573242188
Iter:541, max:4417.68798828125, mean:3748.23779296875, min:64.44792938232422, std:641.4049682617188
Iter:542, max:4394.3076171875, mean:3737.6474609375, min:130.6632080078125, std:690.9915771484375
Iter:543, max:4440.1298828125, mean:3765.0859375, min:119.74679565429688, std:509.9215087890625
Iter:544, max:4399.22998046875, mean:3718.70947265625, min:75.48567199707031, std:738.996337890625
Iter:545, max:4416.7568359375, mean:3761.0380859375, min:113.25715637207031, std:572.96728515625
Iter:546, max:4388.87109375, mean:3688.46826171875, min:-2.1925315856933594, std:627.5789794921875
Iter:547, max:4372.564453125, mean:3773.716064453125, min:110.43035125732422, std:619.4226684570312
Iter:548, max:4449.26708984375, mean:3791.2412109375, min:161.01254272460938, std:505.5679016113281
Iter:549, max:4385.74658203125, mean:3813.05029296875, min:116.27617645263672, std:572.4886474609375
Iter:550, max:4378.40673828125, mean:3748.67431640625, min:-229.16680908203125, std:624.3092041015625
Iter:551, max:4411.87744140625, mean:3778.488037109375, min:134.44602966308594, std:566.4183959960938
Iter:552, max:4444.8671875, mean:3740.06591796875, min:132.13589477539062, std:690.0442504882812
Iter:553, max:4437.17138671875, mean:3796.453125, min:100.300537109375, std:628.9474487304688
Iter:554, max:4458.29052734375, mean:3754.7568359375, min:89.2015380859375, std:713.5360717773438
Iter:555, max:4501.248046875, mean:3830.534912109375, min:133.78147888183594, std:604.8221435546875
Iter:556, max:4488.4736328125, mean:3778.69921875, min:106.3962173461914, std:618.476318359375
Iter:557, max:4468.81787109375, mean:3774.033935546875, min:87.39639282226562, std:622.2036743164062
Iter:558, max:4444.392578125, mean:3756.416259765625, min:10.12963581085205, std:710.0407104492188
Iter:559, max:4474.87060546875, mean:3808.6279296875, min:113.33299255371094, std:614.3812255859375
Iter:560, max:4470.33935546875, mean:3797.23974609375, min:45.939640045166016, std:672.5267333984375
Iter:561, max:4467.58154296875, mean:3811.97705078125, min:53.01001739501953, std:653.29931640625
Iter:562, max:4463.90576171875, mean:3801.11865234375, min:187.64938354492188, std:667.4807739257812
Iter:563, max:4428.7255859375, mean:3733.50048828125, min:-235.01190185546875, std:788.2758178710938
Iter:564, max:4467.96142578125, mean:3840.43115234375, min:49.392024993896484, std:647.7025146484375
Iter:565, max:4489.94775390625, mean:3826.279052734375, min:-413.1041259765625, std:695.5322875976562
Iter:566, max:4441.306640625, mean:3817.01416015625, min:115.218505859375, std:696.909912109375
Iter:567, max:4496.4228515625, mean:3748.166748046875, min:3.2942750453948975, std:775.6049194335938
Iter:568, max:4478.79931640625, mean:3820.79052734375, min:46.68892288208008, std:722.3141479492188
Iter:569, max:4513.15478515625, mean:3896.92724609375, min:126.69728088378906, std:584.0551147460938
Iter:570, max:4478.40283203125, mean:3898.03369140625, min:-119.47254180908203, std:632.957763671875
Iter:571, max:4625.1806640625, mean:3911.720703125, min:136.3840789794922, std:551.32275390625
Iter:572, max:4525.6796875, mean:3824.92724609375, min:127.02747344970703, std:725.4441528320312
Iter:573, max:4508.76123046875, mean:3882.399658203125, min:108.4686508178711, std:647.1668701171875
Iter:574, max:4486.26123046875, mean:3893.592529296875, min:114.32775115966797, std:628.8648681640625
Iter:575, max:4476.2001953125, mean:3782.8125, min:-555.5725708007812, std:695.5143432617188
Iter:576, max:4541.89501953125, mean:3870.20556640625, min:101.00115966796875, std:758.6759033203125
Iter:577, max:4534.884765625, mean:3884.28955078125, min:103.43496704101562, std:571.8366088867188
Iter:578, max:4506.17578125, mean:3875.9697265625, min:104.74641418457031, std:711.7781982421875
Iter:579, max:4477.4287109375, mean:3851.09619140625, min:24.88618278503418, std:713.1588134765625
Iter:580, max:4552.78173828125, mean:3883.30419921875, min:65.9428482055664, std:598.8885498046875
Iter:581, max:4509.07373046875, mean:3849.1630859375, min:45.867794036865234, std:704.0014038085938
Iter:582, max:4553.181640625, mean:3925.2919921875, min:119.69065856933594, std:628.294921875
Iter:583, max:4543.43212890625, mean:3834.5927734375, min:-315.5484924316406, std:747.6143798828125
Iter:584, max:4501.2705078125, mean:3918.2734375, min:117.37090301513672, std:591.4271240234375
Iter:585, max:4567.74755859375, mean:3914.145263671875, min:-323.9457702636719, std:703.0868530273438
Iter:586, max:4541.71826171875, mean:3913.3623046875, min:0.21295452117919922, std:669.2803344726562
Iter:587, max:4509.66064453125, mean:3686.239013671875, min:-196.34597778320312, std:998.8609619140625
Iter:588, max:4536.453125, mean:3902.03125, min:-151.24307250976562, std:731.728759765625
Iter:589, max:4570.84326171875, mean:3927.6796875, min:121.98009490966797, std:721.7704467773438
Iter:590, max:4637.2587890625, mean:3741.73974609375, min:-356.04840087890625, std:921.8933715820312
Iter:591, max:4710.8271484375, mean:3914.884521484375, min:108.6494140625, std:759.3326416015625
Iter:592, max:4691.53759765625, mean:3934.81640625, min:-458.042724609375, std:698.2382202148438
Iter:593, max:4559.05810546875, mean:3951.360595703125, min:-446.2749328613281, std:721.0715942382812
Iter:594, max:4601.56005859375, mean:3926.338134765625, min:48.76686096191406, std:735.2583618164062
Iter:595, max:4648.330078125, mean:3907.2509765625, min:116.40154266357422, std:766.0865478515625
Iter:596, max:4587.17626953125, mean:3926.831787109375, min:124.81211853027344, std:778.5989990234375
Iter:597, max:4627.38623046875, mean:3973.934814453125, min:156.88807678222656, std:685.5790405273438
Iter:598, max:4635.70703125, mean:3999.006591796875, min:-377.0647888183594, std:661.8792724609375
Iter:599, max:4628.66943359375, mean:3889.1845703125, min:-631.3143310546875, std:790.5631713867188
Iter:600, max:4658.0400390625, mean:3969.131591796875, min:110.79273986816406, std:724.3951416015625
Iter:601, max:4668.93994140625, mean:3911.2431640625, min:-592.8048095703125, std:821.70947265625
Iter:602, max:4674.9931640625, mean:3978.738525390625, min:117.41239166259766, std:777.7296142578125
Iter:603, max:4644.7841796875, mean:3928.114990234375, min:59.51961135864258, std:853.6480102539062
Iter:604, max:4660.31787109375, mean:3900.956298828125, min:-80.1646728515625, std:837.7106323242188
Iter:605, max:4684.68115234375, mean:3883.613525390625, min:-100.718017578125, std:909.185791015625
Iter:606, max:4715.6328125, mean:3962.7548828125, min:-266.9905090332031, std:811.2216186523438
Iter:607, max:4674.5576171875, mean:3881.759521484375, min:-512.8209228515625, std:860.2982177734375
Iter:608, max:4666.6650390625, mean:3906.19482421875, min:-381.74688720703125, std:860.6414794921875
Iter:609, max:4732.1943359375, mean:3919.83642578125, min:-407.25030517578125, std:854.8548583984375
Iter:610, max:4740.78369140625, mean:3976.30419921875, min:110.46221160888672, std:807.5940551757812
Iter:611, max:4706.296875, mean:3954.02392578125, min:-498.7391662597656, std:851.8109130859375
Iter:612, max:4661.853515625, mean:3879.3701171875, min:-386.1738586425781, std:836.5980224609375
Iter:613, max:4724.447265625, mean:4000.033935546875, min:-178.1356964111328, std:702.5363159179688
Iter:614, max:4650.05908203125, mean:3850.1318359375, min:-589.5805053710938, std:929.0447998046875
Iter:615, max:4734.595703125, mean:3974.2861328125, min:-479.55133056640625, std:788.3294067382812
Iter:616, max:4654.91357421875, mean:3985.127685546875, min:122.70091247558594, std:731.894287109375
Iter:617, max:4702.09326171875, mean:4017.5556640625, min:-192.5599822998047, std:720.3919677734375
Iter:618, max:4646.2802734375, mean:3946.48046875, min:-301.92864990234375, std:805.3955688476562
Iter:619, max:4728.7333984375, mean:4001.230224609375, min:-467.0809631347656, std:736.0332641601562
Iter:620, max:4707.20068359375, mean:3998.431640625, min:-152.8923797607422, std:674.08984375
Iter:621, max:4695.7236328125, mean:3976.44482421875, min:121.77687072753906, std:748.5790405273438
Iter:622, max:4678.43115234375, mean:3872.67138671875, min:-507.5624084472656, std:966.6329956054688
Iter:623, max:4661.89111328125, mean:3811.7939453125, min:-520.8856201171875, std:890.6162719726562
Iter:624, max:4712.65576171875, mean:4001.18212890625, min:-429.0718688964844, std:755.5090942382812
Iter:625, max:4770.11669921875, mean:4047.681640625, min:15.078985214233398, std:729.4276733398438
Iter:626, max:4770.373046875, mean:4046.713134765625, min:-297.0502014160156, std:687.0776977539062
Iter:627, max:4717.861328125, mean:4075.41845703125, min:55.01097869873047, std:717.8194580078125
Iter:628, max:4725.5673828125, mean:4096.40625, min:107.07125091552734, std:669.1190185546875
Iter:629, max:4736.5888671875, mean:4094.5498046875, min:15.417153358459473, std:703.7186889648438
Iter:630, max:4814.931640625, mean:4020.231201171875, min:-261.39300537109375, std:789.15478515625
Iter:631, max:4765.2490234375, mean:4006.36669921875, min:-641.0353393554688, std:787.8096313476562
Iter:632, max:4816.6025390625, mean:4096.4716796875, min:108.95672607421875, std:728.1548461914062
Iter:633, max:4772.41943359375, mean:3984.349609375, min:-34.859107971191406, std:843.0986328125
Iter:634, max:4832.50927734375, mean:4118.86669921875, min:130.20631408691406, std:717.2431640625
Iter:635, max:4819.9794921875, mean:4157.310546875, min:53.1314811706543, std:649.9367065429688
Iter:636, max:4877.8173828125, mean:4154.392578125, min:92.51731872558594, std:664.3176879882812
Iter:637, max:4814.982421875, mean:3994.841552734375, min:-6.8489603996276855, std:880.2086791992188
Iter:638, max:4758.48193359375, mean:4033.270263671875, min:-614.9324951171875, std:794.9369506835938
Iter:639, max:4824.9736328125, mean:4101.52978515625, min:54.374610900878906, std:759.1350708007812
Iter:640, max:4771.42822265625, mean:4013.8056640625, min:-652.4625854492188, std:873.3388061523438
Iter:641, max:4836.22119140625, mean:4135.021484375, min:88.17925262451172, std:747.7418823242188
Iter:642, max:4745.72216796875, mean:4002.14794921875, min:-369.2904968261719, std:898.066650390625
Iter:643, max:4818.54638671875, mean:4093.66552734375, min:119.42955780029297, std:804.0764770507812
Iter:644, max:4820.46142578125, mean:4083.414794921875, min:48.088951110839844, std:747.5510864257812
Iter:645, max:4922.03076171875, mean:4081.4580078125, min:-458.6058349609375, std:834.4036865234375
Iter:646, max:4787.95361328125, mean:4097.25146484375, min:31.750635147094727, std:797.4774780273438
Iter:647, max:4955.24951171875, mean:4104.49951171875, min:-285.0504455566406, std:779.9679565429688
Iter:648, max:4820.0654296875, mean:4134.92529296875, min:-492.8788757324219, std:746.9186401367188
Iter:649, max:4829.2314453125, mean:4152.92431640625, min:-198.7837677001953, std:795.4143676757812
Iter:650, max:4900.97509765625, mean:4122.076171875, min:-235.91653442382812, std:807.0209350585938
Iter:651, max:4843.90283203125, mean:4107.55224609375, min:109.50289916992188, std:820.58349609375
Iter:652, max:4824.0595703125, mean:4116.7275390625, min:24.427488327026367, std:870.1466064453125
Iter:653, max:4794.892578125, mean:4150.90625, min:47.76317596435547, std:756.2448120117188
Iter:654, max:4975.78369140625, mean:4104.435546875, min:-113.25216674804688, std:859.2327880859375
Iter:655, max:4871.59130859375, mean:4045.99169921875, min:-677.3494873046875, std:926.60400390625
Iter:656, max:4881.4990234375, mean:4172.482421875, min:132.4263458251953, std:731.4147338867188
Iter:657, max:4793.93505859375, mean:4026.5595703125, min:-426.8023376464844, std:894.4060668945312
Iter:658, max:4877.62939453125, mean:4208.5068359375, min:-376.0170593261719, std:716.6541748046875
Iter:659, max:4930.033203125, mean:4202.31884765625, min:95.85459899902344, std:790.69921875
Iter:660, max:4915.29931640625, mean:4107.05322265625, min:-666.7214965820312, std:937.928955078125
Iter:661, max:4876.505859375, mean:4117.79931640625, min:-83.16887664794922, std:852.068359375
Iter:662, max:4888.1640625, mean:4133.5517578125, min:-28.625856399536133, std:788.7020874023438
Iter:663, max:4828.2392578125, mean:4158.97900390625, min:-175.54058837890625, std:735.4121704101562
Iter:664, max:4850.60009765625, mean:4118.22216796875, min:175.8756103515625, std:797.3765258789062
Iter:665, max:4945.0791015625, mean:4167.732421875, min:8.221726417541504, std:802.5714111328125
Iter:666, max:4960.8349609375, mean:4161.19189453125, min:126.84113311767578, std:843.4072875976562
Iter:667, max:4931.56201171875, mean:4118.271484375, min:136.91004943847656, std:847.3232421875
Iter:668, max:4917.892578125, mean:4180.8193359375, min:125.06216430664062, std:850.8497314453125
Iter:669, max:4963.08642578125, mean:4160.91015625, min:39.30232620239258, std:862.8631591796875
Iter:670, max:4915.76220703125, mean:4181.14599609375, min:99.40738677978516, std:810.0363159179688
Iter:671, max:4940.4384765625, mean:4114.9951171875, min:194.9672088623047, std:905.8670043945312
Iter:672, max:4953.02392578125, mean:4230.25, min:37.66277313232422, std:764.4500732421875
Iter:673, max:4831.85009765625, mean:4177.185546875, min:-315.78863525390625, std:774.3284301757812
Iter:674, max:4934.021484375, mean:4206.0029296875, min:152.72720336914062, std:755.8591918945312
Iter:675, max:4993.9814453125, mean:4160.556640625, min:139.3433837890625, std:867.8450927734375
Iter:676, max:4939.7177734375, mean:4196.8603515625, min:153.17506408691406, std:773.7759399414062
Iter:677, max:4982.45654296875, mean:4222.60400390625, min:29.594942092895508, std:786.8383178710938
Iter:678, max:4947.17626953125, mean:4166.521484375, min:-96.70777130126953, std:842.6154174804688
Iter:679, max:4896.48193359375, mean:4156.1884765625, min:-375.3014221191406, std:795.6846313476562
Iter:680, max:4953.13134765625, mean:4130.1064453125, min:-358.6308898925781, std:905.6643676757812
Iter:681, max:4927.04052734375, mean:4190.8837890625, min:113.10431671142578, std:794.9559326171875
Iter:682, max:4961.6142578125, mean:4237.8486328125, min:115.80257415771484, std:789.2304077148438
Iter:683, max:4861.23193359375, mean:4145.00390625, min:-290.1244812011719, std:794.3016357421875
Iter:684, max:4904.685546875, mean:4124.236328125, min:-64.07483673095703, std:871.2778930664062
Iter:685, max:4988.34130859375, mean:4220.95556640625, min:48.20200729370117, std:834.286376953125
Iter:686, max:4933.076171875, mean:4192.08740234375, min:-352.3790588378906, std:845.2763671875
Iter:687, max:4978.091796875, mean:4167.033203125, min:39.52897644042969, std:817.5774536132812
Iter:688, max:4977.13818359375, mean:4240.431640625, min:110.7674560546875, std:768.7778930664062
Iter:689, max:5054.5556640625, mean:4225.3427734375, min:-211.24766540527344, std:784.9155883789062
Iter:690, max:5028.61669921875, mean:4282.025390625, min:-123.3520278930664, std:798.856201171875
Iter:691, max:5025.26708984375, mean:4315.6953125, min:155.5690155029297, std:702.1294555664062
Iter:692, max:5000.63671875, mean:4224.705078125, min:-93.71461486816406, std:799.6615600585938
Iter:693, max:5006.95849609375, mean:4284.6708984375, min:131.53504943847656, std:759.3540649414062
Iter:694, max:4992.89697265625, mean:4262.78271484375, min:-233.20281982421875, std:827.2263793945312
Iter:695, max:4989.55810546875, mean:4290.5234375, min:121.66748809814453, std:727.6018676757812
Iter:696, max:5045.48779296875, mean:4248.201171875, min:-57.427066802978516, std:757.9114990234375
Iter:697, max:5005.67578125, mean:4297.0693359375, min:155.93016052246094, std:804.8946533203125
Iter:698, max:5000.93896484375, mean:4361.197265625, min:168.32801818847656, std:648.1906127929688
Iter:699, max:4982.8974609375, mean:4273.4248046875, min:99.58248901367188, std:677.2745361328125
Iter:700, max:4946.84716796875, mean:4256.5185546875, min:-192.1929931640625, std:740.4871215820312
Iter:701, max:5004.9501953125, mean:4184.07958984375, min:-326.20599365234375, std:838.9479370117188
Iter:702, max:4996.13623046875, mean:4343.5595703125, min:179.1569366455078, std:673.962158203125
Iter:703, max:4950.18408203125, mean:4177.09375, min:-76.64366149902344, std:715.6973266601562
Iter:704, max:4970.8994140625, mean:4275.60546875, min:99.78785705566406, std:668.6432495117188
Iter:705, max:5048.07177734375, mean:4373.5927734375, min:65.76000213623047, std:655.276123046875
Iter:706, max:5034.4677734375, mean:4330.240234375, min:-233.94607543945312, std:702.5582885742188
Iter:707, max:4951.17578125, mean:4267.6103515625, min:-464.06634521484375, std:789.4544677734375
Iter:708, max:5067.9208984375, mean:4349.7734375, min:138.70179748535156, std:713.4730224609375
Iter:709, max:4971.09375, mean:4237.29833984375, min:-350.7078857421875, std:709.8709106445312
Iter:710, max:4960.88232421875, mean:4261.03564453125, min:-326.366455078125, std:747.0731201171875
Iter:711, max:4994.75537109375, mean:4319.29296875, min:104.53987121582031, std:754.0269165039062
Iter:712, max:4993.33251953125, mean:4368.50634765625, min:215.94827270507812, std:620.6348876953125
Iter:713, max:5022.7666015625, mean:4378.27734375, min:136.17564392089844, std:699.30859375
Iter:714, max:4994.36474609375, mean:4254.77734375, min:18.361818313598633, std:822.724609375
Iter:715, max:5043.69189453125, mean:4285.7998046875, min:82.82673645019531, std:756.4624633789062
Iter:716, max:5025.25244140625, mean:4303.10546875, min:-426.4940490722656, std:729.1018676757812
Iter:717, max:5053.25, mean:4346.33544921875, min:192.0000762939453, std:759.5298461914062
Iter:718, max:5006.56396484375, mean:4318.330078125, min:-205.11451721191406, std:706.6895751953125
Iter:719, max:4994.7119140625, mean:4299.88720703125, min:-348.7127990722656, std:822.4172973632812
Iter:720, max:5077.36572265625, mean:4406.02001953125, min:-210.3980712890625, std:646.4048461914062
Iter:721, max:5110.9287109375, mean:4347.6455078125, min:205.614013671875, std:698.909423828125
Iter:722, max:5026.80517578125, mean:4360.70947265625, min:-321.9367980957031, std:745.44775390625
Iter:723, max:5086.4541015625, mean:4363.8623046875, min:52.87759780883789, std:737.1762084960938
Iter:724, max:5153.650390625, mean:4404.0751953125, min:245.95664978027344, std:677.2730102539062
Iter:725, max:5005.43359375, mean:4255.3779296875, min:-439.65472412109375, std:834.4390869140625
Iter:726, max:5048.72119140625, mean:4377.966796875, min:240.03704833984375, std:684.5950317382812
Iter:727, max:5103.6318359375, mean:4392.23095703125, min:-463.95416259765625, std:718.1891479492188
Iter:728, max:5065.7822265625, mean:4397.482421875, min:-310.54779052734375, std:706.638427734375
Iter:729, max:5004.2412109375, mean:4232.9013671875, min:-187.13507080078125, std:812.426513671875
Iter:730, max:5122.751953125, mean:4434.5703125, min:222.90280151367188, std:686.6505126953125
Iter:731, max:5099.62890625, mean:4376.8955078125, min:-188.44287109375, std:785.566162109375
Iter:732, max:5050.49462890625, mean:4307.28173828125, min:-189.45277404785156, std:843.882568359375
Iter:733, max:5152.7431640625, mean:4389.43359375, min:-48.44609832763672, std:745.5300903320312
Iter:734, max:5045.177734375, mean:4223.5869140625, min:-275.60699462890625, std:952.2257690429688
Iter:735, max:5023.033203125, mean:4387.13671875, min:-229.24594116210938, std:696.5327758789062
Iter:736, max:5082.49658203125, mean:4373.52880859375, min:-162.6442413330078, std:798.9807739257812
Iter:737, max:5049.26953125, mean:4379.37353515625, min:-66.14318084716797, std:780.1097412109375
Iter:738, max:5125.025390625, mean:3943.94482421875, min:-519.9521484375, std:1230.60888671875
Iter:739, max:5137.56982421875, mean:4406.17578125, min:-149.0972442626953, std:754.3551025390625
Iter:740, max:5104.5927734375, mean:4430.1591796875, min:197.27639770507812, std:718.3736572265625
Iter:741, max:5182.41650390625, mean:4437.1611328125, min:-25.011409759521484, std:731.0714721679688
Iter:742, max:5078.54248046875, mean:4361.75341796875, min:31.22149085998535, std:819.993896484375
Iter:743, max:5126.20751953125, mean:4468.7451171875, min:-273.9479675292969, std:688.1653442382812
Iter:744, max:4997.2119140625, mean:4022.67578125, min:-469.5074768066406, std:1006.8886108398438
Iter:745, max:5070.76806640625, mean:4392.185546875, min:80.9424057006836, std:762.3252563476562
Iter:746, max:5131.6201171875, mean:4437.2275390625, min:-320.66534423828125, std:721.9431762695312
Iter:747, max:5174.9765625, mean:4480.0693359375, min:247.80543518066406, std:651.294677734375
Iter:748, max:5144.31201171875, mean:4293.4794921875, min:-301.9301452636719, std:968.450439453125
Iter:749, max:5171.2734375, mean:4417.2509765625, min:110.37104797363281, std:740.3040771484375
Iter:750, max:5118.92724609375, mean:4426.125, min:-289.5208740234375, std:660.6824340820312
Iter:751, max:5199.0439453125, mean:4466.2099609375, min:167.26248168945312, std:695.8754272460938
Iter:752, max:5109.431640625, mean:4398.1123046875, min:35.42422103881836, std:760.4239501953125
Iter:753, max:5210.3203125, mean:4415.369140625, min:-75.65681457519531, std:788.9795532226562
Iter:754, max:5165.97412109375, mean:4431.642578125, min:-298.4367980957031, std:728.7754516601562
Iter:755, max:5086.23046875, mean:4300.7744140625, min:-386.6112976074219, std:832.6775512695312
Iter:756, max:5167.041015625, mean:4493.7041015625, min:-304.4609375, std:715.8623046875
Iter:757, max:5146.56494140625, mean:4391.10888671875, min:-324.458740234375, std:751.84375
Iter:758, max:5182.83447265625, mean:4441.2861328125, min:-190.81471252441406, std:726.2963256835938
Iter:759, max:5326.9482421875, mean:4463.8388671875, min:174.16232299804688, std:731.0639038085938
Iter:760, max:5155.23828125, mean:4477.46875, min:219.43898010253906, std:646.3919677734375
Iter:761, max:5076.826171875, mean:4400.9443359375, min:-127.00440216064453, std:768.4662475585938
Iter:762, max:5140.587890625, mean:4457.5751953125, min:164.21385192871094, std:717.0516357421875
Iter:763, max:5151.26220703125, mean:4498.220703125, min:125.84245300292969, std:645.7672119140625
Iter:764, max:5224.3681640625, mean:4437.0146484375, min:-277.0969543457031, std:707.671875
Iter:765, max:5085.38720703125, mean:4425.1259765625, min:102.94551086425781, std:683.4066162109375
Iter:766, max:5160.61865234375, mean:4463.412109375, min:-224.55323791503906, std:715.0110473632812
Iter:767, max:5161.48681640625, mean:4486.0810546875, min:254.33816528320312, std:585.2190551757812
Iter:768, max:5199.541015625, mean:4444.81787109375, min:-217.62388610839844, std:709.1636962890625
Iter:769, max:5166.35302734375, mean:4401.92919921875, min:-73.46802520751953, std:757.0357666015625
Iter:770, max:5204.23583984375, mean:4502.10107421875, min:-112.37837219238281, std:647.6717529296875
Iter:771, max:5154.47119140625, mean:4381.93603515625, min:-317.7548522949219, std:700.9061889648438
Iter:772, max:5134.98828125, mean:4448.001953125, min:-114.57333374023438, std:661.3638305664062
Iter:773, max:5159.66796875, mean:4423.30810546875, min:-288.6499938964844, std:779.118896484375
Iter:774, max:5135.59130859375, mean:4505.2109375, min:159.02125549316406, std:668.0302124023438
Iter:775, max:5085.1015625, mean:4357.6064453125, min:-456.62664794921875, std:788.1450805664062
Iter:776, max:5219.642578125, mean:4524.8095703125, min:242.89871215820312, std:678.4033203125
Iter:777, max:5225.2998046875, mean:4444.11181640625, min:-37.663536071777344, std:697.5648193359375
Iter:778, max:5146.544921875, mean:4338.51318359375, min:-264.7671813964844, std:865.02294921875
Iter:779, max:5218.36376953125, mean:4334.35107421875, min:-369.69635009765625, std:934.5174560546875
Iter:780, max:5211.52978515625, mean:4399.390625, min:-103.49456024169922, std:860.127197265625
Iter:781, max:5246.67431640625, mean:4401.736328125, min:-288.8129577636719, std:783.6143188476562
Iter:782, max:5203.72265625, mean:4374.18310546875, min:-254.85597229003906, std:865.047607421875
Iter:783, max:5184.47021484375, mean:4443.0595703125, min:-189.94395446777344, std:773.02978515625
Iter:784, max:5222.279296875, mean:4383.458984375, min:-423.4292907714844, std:896.2906494140625
Iter:785, max:5193.50146484375, mean:4437.3515625, min:130.591064453125, std:802.6931762695312
Iter:786, max:5226.078125, mean:4434.560546875, min:32.36360549926758, std:806.0240478515625
Iter:787, max:5214.6298828125, mean:4293.1142578125, min:-200.10694885253906, std:925.69775390625
Iter:788, max:5221.66796875, mean:4342.2421875, min:-377.5047607421875, std:1015.3954467773438
Iter:789, max:5199.67578125, mean:4436.50537109375, min:-173.54710388183594, std:883.6676635742188
Iter:790, max:5268.26611328125, mean:4431.37890625, min:-306.5074462890625, std:869.869140625
Iter:791, max:5353.41064453125, mean:4448.86474609375, min:-83.44898223876953, std:878.3651733398438
Iter:792, max:5211.58447265625, mean:4462.8271484375, min:1.3310327529907227, std:853.1965942382812
Iter:793, max:5215.58349609375, mean:4136.40625, min:-435.98834228515625, std:1141.01416015625
Iter:794, max:5272.91455078125, mean:4484.283203125, min:154.04611206054688, std:801.7389526367188
Iter:795, max:5248.02978515625, mean:4408.197265625, min:-189.07513427734375, std:919.2863159179688
Iter:796, max:5191.08447265625, mean:4035.51416015625, min:-485.8536682128906, std:1286.5252685546875
Iter:797, max:5279.1357421875, mean:4263.3173828125, min:-606.7403564453125, std:1107.2979736328125
Iter:798, max:5259.2119140625, mean:4437.02978515625, min:-191.82826232910156, std:896.0518188476562
Iter:799, max:5266.470703125, mean:4385.513671875, min:-431.38006591796875, std:1019.5477294921875
Iter:800, max:5368.501953125, mean:4382.92822265625, min:-82.4766616821289, std:1022.0005493164062
Iter:801, max:5251.52587890625, mean:4320.16015625, min:-314.61444091796875, std:935.361083984375
Iter:802, max:5238.86279296875, mean:4471.8759765625, min:2.6665658950805664, std:853.3955688476562
Iter:803, max:5242.67529296875, mean:4507.65625, min:-356.4201354980469, std:837.22998046875
Iter:804, max:5210.13427734375, mean:4387.7177734375, min:-292.2248229980469, std:978.1778564453125
Iter:805, max:5220.61767578125, mean:4413.7275390625, min:-269.47088623046875, std:911.6768798828125
Iter:806, max:5211.70654296875, mean:4352.49755859375, min:-393.8020935058594, std:1051.980712890625
Iter:807, max:5212.1669921875, mean:4414.5078125, min:-352.7475280761719, std:814.3734130859375
Iter:808, max:5283.34326171875, mean:4416.85205078125, min:-261.77398681640625, std:900.3665771484375
Iter:809, max:5199.77880859375, mean:4282.35888671875, min:-421.4007568359375, std:1059.22119140625
Iter:810, max:5284.14306640625, mean:4455.09326171875, min:20.38063621520996, std:882.9463500976562
Iter:811, max:5300.748046875, mean:4537.2919921875, min:157.13121032714844, std:795.6116333007812
Iter:812, max:5225.619140625, mean:4542.5849609375, min:180.10922241210938, std:765.2619018554688
Iter:813, max:5202.5732421875, mean:4497.3515625, min:-460.0810546875, std:837.162109375
Iter:814, max:5203.3359375, mean:4339.9931640625, min:-498.0635986328125, std:1015.3040771484375
Iter:815, max:5271.44189453125, mean:4535.0205078125, min:54.67209243774414, std:863.2652587890625
Iter:816, max:5234.3017578125, mean:4463.4580078125, min:-427.9122619628906, std:876.2085571289062
Iter:817, max:5217.8681640625, mean:4571.5791015625, min:-157.2996063232422, std:669.2197265625
Iter:818, max:5334.70263671875, mean:4537.96484375, min:-67.51825714111328, std:798.0990600585938
Iter:819, max:5240.88916015625, mean:4511.44140625, min:-232.98927307128906, std:828.2696533203125
Iter:820, max:5275.24169921875, mean:4578.931640625, min:-45.74907302856445, std:747.9862670898438
Iter:821, max:5288.62255859375, mean:4437.44677734375, min:-312.0018310546875, std:892.974365234375
Iter:822, max:5297.1220703125, mean:4611.162109375, min:242.49070739746094, std:653.7918090820312
Iter:823, max:5242.236328125, mean:4549.1171875, min:-203.9626007080078, std:700.6550903320312
Iter:824, max:5225.68359375, mean:4581.2900390625, min:-133.31369018554688, std:700.6660766601562
Iter:825, max:5300.29443359375, mean:4618.591796875, min:-104.15826416015625, std:633.5140991210938
Iter:826, max:5244.86279296875, mean:4629.79150390625, min:-177.5558624267578, std:603.9046020507812
Iter:827, max:5240.3037109375, mean:4610.9921875, min:70.51612091064453, std:660.3115844726562
Iter:828, max:5170.9912109375, mean:4571.6728515625, min:-124.30437469482422, std:587.0108642578125
Iter:829, max:5213.50732421875, mean:4570.0185546875, min:77.68856048583984, std:652.425048828125
Iter:830, max:5227.37158203125, mean:4675.5009765625, min:139.78150939941406, std:548.7838745117188
Iter:831, max:5437.4853515625, mean:4675.94775390625, min:-212.1000213623047, std:531.5701293945312
Iter:832, max:5313.85888671875, mean:4664.220703125, min:211.4896240234375, std:593.3294067382812
Iter:833, max:5212.65673828125, mean:4448.724609375, min:-303.9935607910156, std:835.0008544921875
Iter:834, max:5267.71630859375, mean:4706.1396484375, min:-202.35208129882812, std:515.077392578125
Iter:835, max:5230.17529296875, mean:4632.3310546875, min:60.46229934692383, std:604.5728149414062
Iter:836, max:5227.20263671875, mean:4652.98486328125, min:-174.1102294921875, std:585.6832275390625
Iter:837, max:5315.396484375, mean:4664.021484375, min:43.29694366455078, std:598.5482788085938
Iter:838, max:5252.0703125, mean:4546.203125, min:-19.015268325805664, std:726.1700439453125
Iter:839, max:5287.291015625, mean:4690.09375, min:134.40126037597656, std:651.446533203125
Iter:840, max:5204.2529296875, mean:4637.9873046875, min:96.98262023925781, std:668.7637329101562
Iter:841, max:5253.8095703125, mean:4657.8916015625, min:-485.19805908203125, std:610.7908325195312
Iter:842, max:5269.99755859375, mean:4669.32666015625, min:64.10427856445312, std:609.17529296875
Iter:843, max:5272.54296875, mean:4621.4853515625, min:-167.1305694580078, std:640.8463745117188
Iter:844, max:5372.57568359375, mean:4457.228515625, min:-400.9449462890625, std:844.5942993164062
Iter:845, max:5252.41845703125, mean:4671.1259765625, min:48.651519775390625, std:640.0199584960938
Iter:846, max:5219.37451171875, mean:4631.548828125, min:-146.75982666015625, std:680.3544921875
Iter:847, max:5236.6416015625, mean:4639.1787109375, min:-162.22390747070312, std:694.8199462890625
Iter:848, max:5332.93115234375, mean:4666.04541015625, min:258.2074279785156, std:595.4366455078125
Iter:849, max:5399.4384765625, mean:4597.3251953125, min:-399.8292541503906, std:791.9363403320312
Iter:850, max:5349.3837890625, mean:4666.982421875, min:-223.43356323242188, std:778.6591796875
Iter:851, max:5266.30419921875, mean:4546.2978515625, min:-835.5130004882812, std:914.8240356445312
Iter:852, max:5250.6201171875, mean:4427.89013671875, min:-395.5696716308594, std:919.566162109375
Iter:853, max:5345.10400390625, mean:4701.345703125, min:84.65824890136719, std:653.0205078125
Iter:854, max:5295.560546875, mean:4628.86669921875, min:-71.75092315673828, std:800.8302001953125
Iter:855, max:5307.0615234375, mean:4637.55078125, min:-153.0795135498047, std:763.1748657226562
Iter:856, max:5295.890625, mean:4598.8603515625, min:-343.4732360839844, std:877.6165161132812
Iter:857, max:5336.28515625, mean:4626.861328125, min:-385.11474609375, std:864.2372436523438
Iter:858, max:5302.1083984375, mean:4401.896484375, min:-598.0179443359375, std:1096.205322265625
Iter:859, max:5283.3662109375, mean:4599.99365234375, min:-109.27589416503906, std:762.868408203125
Iter:860, max:5280.4404296875, mean:4635.94775390625, min:-555.2495727539062, std:789.8703002929688
Iter:861, max:5305.51171875, mean:4532.15771484375, min:-492.957763671875, std:932.472900390625
Iter:862, max:5284.71484375, mean:4595.1025390625, min:-244.4732208251953, std:817.73291015625
Iter:863, max:5311.9638671875, mean:4670.19482421875, min:116.14488220214844, std:842.7701416015625
Iter:864, max:5372.1787109375, mean:4650.578125, min:81.93923950195312, std:847.3262939453125
Iter:865, max:5315.34716796875, mean:4660.67041015625, min:-450.9064025878906, std:756.4000854492188
Iter:866, max:5362.4404296875, mean:4667.89404296875, min:-166.01531982421875, std:867.0260009765625
Iter:867, max:5383.10009765625, mean:4667.9052734375, min:1.8599026203155518, std:875.8250122070312
Iter:868, max:5368.0576171875, mean:4719.41796875, min:-411.342041015625, std:728.2543334960938
Iter:869, max:5308.18310546875, mean:4684.22705078125, min:116.55686950683594, std:855.14794921875
Iter:870, max:5335.13427734375, mean:4412.4130859375, min:-655.0733032226562, std:1087.4007568359375
Iter:871, max:5321.85205078125, mean:4668.998046875, min:-129.70352172851562, std:794.6744384765625
Iter:872, max:5320.81201171875, mean:4609.216796875, min:39.69708251953125, std:890.4927368164062
Iter:873, max:5383.275390625, mean:4696.1591796875, min:-458.00811767578125, std:764.8636474609375
Iter:874, max:5390.11669921875, mean:4714.14306640625, min:32.635398864746094, std:770.0223999023438
Iter:875, max:5382.6611328125, mean:4644.6875, min:-198.9611053466797, std:892.71630859375
Iter:876, max:5403.24951171875, mean:4631.09814453125, min:-143.62144470214844, std:901.6593017578125
Iter:877, max:5429.06005859375, mean:4618.8603515625, min:-419.3388366699219, std:956.058349609375
Iter:878, max:5371.24560546875, mean:4674.9345703125, min:-171.73593139648438, std:859.8877563476562
Iter:879, max:5347.18408203125, mean:4578.9970703125, min:-468.8700256347656, std:940.1771240234375
Iter:880, max:5320.43896484375, mean:4668.8232421875, min:-398.0185241699219, std:770.4791259765625
Iter:881, max:5411.67431640625, mean:4705.7978515625, min:-619.058837890625, std:814.0651245117188
Iter:882, max:5428.71875, mean:4721.70361328125, min:106.88996887207031, std:782.9900512695312
Iter:883, max:5365.5908203125, mean:4658.35693359375, min:119.5103759765625, std:864.203857421875
Iter:884, max:5416.7529296875, mean:4663.591796875, min:70.03111267089844, std:860.4088745117188
Iter:885, max:5427.17578125, mean:4712.83642578125, min:-541.1087646484375, std:812.1544189453125
Iter:886, max:5333.01025390625, mean:4628.7763671875, min:105.52688598632812, std:830.6699829101562
Iter:887, max:5418.06982421875, mean:4693.076171875, min:115.00791931152344, std:863.915771484375
Iter:888, max:5406.44677734375, mean:4610.283203125, min:-334.5805358886719, std:953.9856567382812
Iter:889, max:5340.35205078125, mean:4608.5087890625, min:-179.09323120117188, std:898.7786865234375
Iter:890, max:5438.9970703125, mean:4615.86669921875, min:-21.773353576660156, std:966.0172729492188
Iter:891, max:5426.86767578125, mean:4653.97705078125, min:-203.09153747558594, std:941.0496826171875
Iter:892, max:5415.03173828125, mean:4642.1259765625, min:102.0872802734375, std:948.1969604492188
Iter:893, max:5429.6064453125, mean:4627.822265625, min:53.04755783081055, std:980.1788940429688
Iter:894, max:5394.45751953125, mean:4625.189453125, min:114.96171569824219, std:929.1057739257812
Iter:895, max:5378.61181640625, mean:4630.01953125, min:-3.738931655883789, std:942.945556640625
Iter:896, max:5427.98095703125, mean:4576.55078125, min:-136.50875854492188, std:1111.7899169921875
Iter:897, max:5391.359375, mean:4485.1923828125, min:-485.8680419921875, std:1009.20458984375
Iter:898, max:5527.35546875, mean:4610.87158203125, min:-352.4310607910156, std:1038.72216796875
Iter:899, max:5460.36962890625, mean:4652.94384765625, min:75.82281494140625, std:910.8009643554688
Iter:900, max:5427.27587890625, mean:4630.6943359375, min:22.675853729248047, std:980.7057495117188
Iter:901, max:5424.0849609375, mean:4665.32861328125, min:-208.13723754882812, std:967.522705078125
Iter:902, max:5426.78662109375, mean:4633.6337890625, min:128.00338745117188, std:924.69287109375
Iter:903, max:5448.541015625, mean:4627.630859375, min:-370.7640380859375, std:953.3626098632812
Iter:904, max:5458.55859375, mean:4679.24560546875, min:-493.56964111328125, std:948.35546875
Iter:905, max:5443.982421875, mean:4669.78955078125, min:-397.1578063964844, std:953.617431640625
Iter:906, max:5453.23779296875, mean:4656.59912109375, min:-25.565746307373047, std:891.694580078125
Iter:907, max:5465.1259765625, mean:4723.34228515625, min:149.39222717285156, std:804.8257446289062
Iter:908, max:5443.8251953125, mean:4660.6875, min:-415.4715270996094, std:898.9202270507812
Iter:909, max:5424.25537109375, mean:4691.513671875, min:-58.09982681274414, std:849.9927978515625
Iter:910, max:5422.43408203125, mean:4686.9482421875, min:-259.3294677734375, std:787.694580078125
Iter:911, max:5442.53564453125, mean:4735.384765625, min:-36.44004821777344, std:841.5836181640625
Iter:912, max:5479.017578125, mean:4784.7353515625, min:117.42483520507812, std:756.6243286132812
Iter:913, max:5433.99169921875, mean:4721.08837890625, min:-222.78187561035156, std:776.668701171875
Iter:914, max:5470.60205078125, mean:4688.2548828125, min:13.89855670928955, std:936.9935302734375
Iter:915, max:5487.0107421875, mean:4701.083984375, min:-310.6233215332031, std:891.7495727539062
Iter:916, max:5515.42822265625, mean:4724.49560546875, min:-344.52349853515625, std:951.092529296875
Iter:917, max:5532.19921875, mean:4711.94775390625, min:105.65486145019531, std:870.7921752929688
Iter:918, max:5489.99169921875, mean:4791.9736328125, min:37.31970977783203, std:856.782470703125
Iter:919, max:5528.02294921875, mean:4621.2138671875, min:-383.84759521484375, std:962.5667114257812
Iter:920, max:5474.1123046875, mean:4751.103515625, min:-502.1365661621094, std:808.447998046875
Iter:921, max:5394.26025390625, mean:4607.7294921875, min:-238.98666381835938, std:967.554931640625
Iter:922, max:5479.96826171875, mean:4718.0791015625, min:-31.439594268798828, std:893.084228515625
Iter:923, max:5489.22607421875, mean:4772.421875, min:116.56828308105469, std:772.4282836914062
Iter:924, max:5472.36474609375, mean:4681.06982421875, min:37.29746627807617, std:964.3552856445312
Iter:925, max:5486.5927734375, mean:4711.11328125, min:-89.54906463623047, std:866.5936889648438
Iter:926, max:5518.3779296875, mean:4722.3916015625, min:-158.0133819580078, std:922.0951538085938
Iter:927, max:5500.43115234375, mean:4721.490234375, min:-274.3025817871094, std:839.5282592773438
Iter:928, max:5497.34619140625, mean:4529.845703125, min:-581.0978393554688, std:1136.7215576171875
Iter:929, max:5500.06591796875, mean:4508.38623046875, min:-732.6800537109375, std:1129.7794189453125
Iter:930, max:5443.63330078125, mean:4753.4150390625, min:-180.30091857910156, std:769.4977416992188
Iter:931, max:5484.6435546875, mean:4662.16796875, min:-557.6820678710938, std:969.4636840820312
Iter:932, max:5582.56103515625, mean:4641.09765625, min:-327.0907287597656, std:1074.392822265625
Iter:933, max:5450.451171875, mean:4646.66015625, min:-496.0711364746094, std:937.1038818359375
Iter:934, max:5496.47509765625, mean:4775.9609375, min:-223.4254913330078, std:833.558349609375
Iter:935, max:5516.06787109375, mean:4686.5107421875, min:-309.11993408203125, std:923.5743408203125
Iter:936, max:5537.80419921875, mean:4693.69873046875, min:-626.0301513671875, std:955.0263671875
Iter:937, max:5510.578125, mean:4670.5810546875, min:-257.1653747558594, std:955.80078125
Iter:938, max:5406.275390625, mean:4671.185546875, min:-992.97119140625, std:873.4108276367188
Iter:939, max:5539.18359375, mean:4678.75244140625, min:-616.6681518554688, std:1020.0323486328125
Iter:940, max:5496.0546875, mean:4626.09375, min:-670.9559326171875, std:1025.8758544921875
Iter:941, max:5563.26416015625, mean:4554.38623046875, min:-290.172607421875, std:1172.1158447265625
Iter:942, max:5457.82373046875, mean:4664.4677734375, min:-410.0784606933594, std:931.2955322265625
Iter:943, max:5567.8232421875, mean:4769.12060546875, min:29.1524658203125, std:943.9227294921875
Iter:944, max:5488.01123046875, mean:4684.3388671875, min:-400.08868408203125, std:927.9217529296875
Iter:945, max:5492.607421875, mean:4622.7734375, min:-293.3213195800781, std:1031.8067626953125
Iter:946, max:5440.5244140625, mean:4676.25732421875, min:-45.601200103759766, std:849.3474731445312
Iter:947, max:5609.7734375, mean:4668.67822265625, min:-730.0205078125, std:1063.989990234375
Iter:948, max:5537.5947265625, mean:4591.64892578125, min:-494.82305908203125, std:1090.0731201171875
Iter:949, max:5520.33740234375, mean:4806.2451171875, min:-249.29759216308594, std:790.3192749023438
Iter:950, max:5567.79931640625, mean:4794.4052734375, min:-368.0998229980469, std:803.5486450195312
Iter:951, max:5542.322265625, mean:4791.2861328125, min:116.22281646728516, std:898.9031982421875
Iter:952, max:5576.7880859375, mean:4751.94140625, min:-623.1824340820312, std:947.1961669921875
Iter:953, max:5609.5458984375, mean:4767.83642578125, min:-386.0561828613281, std:1005.2083129882812
Iter:954, max:5562.85986328125, mean:4834.8251953125, min:-253.66152954101562, std:771.4176025390625
Iter:955, max:5541.12548828125, mean:4802.513671875, min:-81.5883560180664, std:844.8851318359375
Iter:956, max:5584.1474609375, mean:4755.3896484375, min:-313.8919677734375, std:908.3471069335938
Iter:957, max:5531.6826171875, mean:4849.0302734375, min:-413.03271484375, std:800.7218627929688
Iter:958, max:5527.84228515625, mean:4890.5478515625, min:-265.8732604980469, std:706.0218505859375
Iter:959, max:5525.189453125, mean:4486.3232421875, min:-850.0127563476562, std:1189.4234619140625
Iter:960, max:5570.1796875, mean:4727.8857421875, min:-686.4796752929688, std:992.8003540039062
Iter:961, max:5545.60791015625, mean:4934.67529296875, min:88.90167999267578, std:647.3840942382812
Iter:962, max:5536.2744140625, mean:4834.1787109375, min:132.27069091796875, std:796.127197265625
Iter:963, max:5553.60546875, mean:4839.630859375, min:-14.739614486694336, std:778.4529418945312
Iter:964, max:5585.2255859375, mean:4831.85302734375, min:-183.93206787109375, std:787.1526489257812
Iter:965, max:5534.716796875, mean:4717.154296875, min:-46.201759338378906, std:1010.727294921875
Iter:966, max:5586.32275390625, mean:4795.16845703125, min:103.90556335449219, std:879.2825927734375
Iter:967, max:5600.4248046875, mean:4854.74609375, min:52.48601531982422, std:831.5388793945312
Iter:968, max:5479.48876953125, mean:4600.41748046875, min:-607.4681396484375, std:1039.789794921875
Iter:969, max:5518.27294921875, mean:4786.947265625, min:-109.23768615722656, std:896.9617919921875
Iter:970, max:5576.95556640625, mean:4895.08642578125, min:109.78553771972656, std:798.0332641601562
Iter:971, max:5627.78955078125, mean:4886.7265625, min:-108.0120849609375, std:797.9805908203125
Iter:972, max:5608.18896484375, mean:4818.1953125, min:-363.83984375, std:867.1661987304688
Iter:973, max:5527.12109375, mean:4816.25, min:-0.34853196144104004, std:825.6298217773438
Iter:974, max:5579.85888671875, mean:4836.814453125, min:-442.9312438964844, std:789.9197998046875
Iter:975, max:5498.10205078125, mean:4731.60546875, min:-51.698368072509766, std:860.2297973632812
Iter:976, max:5596.11279296875, mean:4827.5595703125, min:42.61039733886719, std:893.63720703125
Iter:977, max:5534.1826171875, mean:4727.79931640625, min:-285.2497253417969, std:945.9429931640625
Iter:978, max:5542.84521484375, mean:4818.5107421875, min:25.1680965423584, std:883.1088256835938
Iter:979, max:5581.140625, mean:4834.810546875, min:-460.84808349609375, std:807.8964233398438
Iter:980, max:5568.30126953125, mean:4840.2939453125, min:-319.56024169921875, std:878.6256713867188
Iter:981, max:5611.6982421875, mean:4645.591796875, min:-653.544677734375, std:1103.5576171875
Iter:982, max:5539.1435546875, mean:4729.466796875, min:-646.1948852539062, std:967.7962036132812
Iter:983, max:5580.0224609375, mean:4738.6455078125, min:-515.4721069335938, std:1032.3448486328125
Iter:984, max:5575.53515625, mean:4891.666015625, min:-216.15855407714844, std:856.79833984375
Iter:985, max:5574.33642578125, mean:4781.95361328125, min:-730.1405029296875, std:952.7352294921875
Iter:986, max:5587.11083984375, mean:4829.6484375, min:-381.86181640625, std:833.2427368164062
Iter:987, max:5629.37255859375, mean:4887.85009765625, min:-527.1023559570312, std:837.064208984375
Iter:988, max:5537.404296875, mean:4878.884765625, min:7.3647661209106445, std:873.4158325195312
Iter:989, max:5586.80810546875, mean:4813.6103515625, min:-155.0711669921875, std:899.318603515625
Iter:990, max:5687.75927734375, mean:4916.056640625, min:93.60777282714844, std:857.4183349609375
Iter:991, max:5635.08837890625, mean:4789.7685546875, min:-305.6231994628906, std:993.5003662109375
Iter:992, max:5584.9697265625, mean:4873.3291015625, min:-22.73321533203125, std:828.781494140625
Iter:993, max:5584.43310546875, mean:4823.2880859375, min:38.28303527832031, std:969.9885864257812
Iter:994, max:5677.1552734375, mean:4862.6708984375, min:-436.810546875, std:937.9617919921875
Iter:995, max:5529.12109375, mean:4717.548828125, min:-878.6966552734375, std:933.4852905273438
Iter:996, max:5573.4931640625, mean:4757.791015625, min:-476.1205749511719, std:1028.5479736328125
Iter:997, max:5596.9365234375, mean:4624.4091796875, min:-555.2901611328125, std:1087.0933837890625
Iter:998, max:5552.80712890625, mean:4744.919921875, min:-362.94549560546875, std:1011.7090454101562
Iter:999, max:5641.6650390625, mean:4861.30224609375, min:90.61910247802734, std:879.9376831054688
