Iter:0, max:18302.99609375, mean:7840.7919921875, min:5906.32080078125, std:1654.3878173828125
Iter:1, max:18824.330078125, mean:8191.7236328125, min:5925.19482421875, std:1977.244384765625
Iter:2, max:21465.7890625, mean:8671.2607421875, min:5918.30029296875, std:2449.645263671875
Iter:3, max:20047.396484375, mean:9051.78515625, min:5934.86181640625, std:2429.02001953125
Iter:4, max:21736.974609375, mean:9980.8564453125, min:6035.74365234375, std:2791.13330078125
Iter:5, max:20897.1953125, mean:10897.24609375, min:6015.1142578125, std:3087.22119140625
Iter:6, max:22100.662109375, mean:11977.646484375, min:6128.88525390625, std:3197.359375
Iter:7, max:21209.169921875, mean:12469.193359375, min:7822.67626953125, std:2819.82763671875
Iter:8, max:21242.84375, mean:12671.4453125, min:8806.0224609375, std:2133.99072265625
Iter:9, max:22832.740234375, mean:13376.4150390625, min:9450.1923828125, std:2524.492431640625
Iter:10, max:19126.033203125, mean:13588.7431640625, min:9925.3212890625, std:1944.7353515625
Iter:11, max:21761.900390625, mean:14018.10546875, min:8273.7763671875, std:2020.6422119140625
Iter:12, max:22611.20703125, mean:13879.76171875, min:9729.900390625, std:1885.4700927734375
Iter:13, max:21218.859375, mean:14335.404296875, min:10815.7080078125, std:1761.7725830078125
Iter:14, max:19037.830078125, mean:14387.205078125, min:10907.916015625, std:1604.17919921875
Iter:15, max:21469.3125, mean:14772.607421875, min:11701.6015625, std:1813.868408203125
Iter:16, max:24818.4375, mean:14963.86328125, min:11455.27734375, std:2068.2626953125
Iter:17, max:23964.525390625, mean:15025.3798828125, min:10918.6337890625, std:1840.76611328125
Iter:18, max:23107.38671875, mean:15586.34375, min:12253.44140625, std:1916.6732177734375
Iter:19, max:22704.048828125, mean:15446.6533203125, min:11499.38671875, std:2172.320556640625
Iter:20, max:22836.94140625, mean:15709.119140625, min:12546.845703125, std:2024.3782958984375
Iter:21, max:23820.98046875, mean:15721.314453125, min:11476.5634765625, std:1937.626220703125
Iter:22, max:23128.59765625, mean:16274.109375, min:12627.384765625, std:1863.0653076171875
Iter:23, max:23909.701171875, mean:16613.837890625, min:12298.59375, std:2113.7724609375
Iter:24, max:22158.458984375, mean:16290.7744140625, min:13039.3837890625, std:1953.70166015625
Iter:25, max:27173.75, mean:16743.84765625, min:13131.5087890625, std:2673.109130859375
Iter:26, max:24467.6484375, mean:17139.77734375, min:12071.7431640625, std:2569.434326171875
Iter:27, max:30291.453125, mean:17732.51953125, min:10821.6650390625, std:2897.058349609375
Iter:28, max:26396.654296875, mean:17654.7265625, min:12163.9033203125, std:3115.111083984375
Iter:29, max:31244.892578125, mean:18096.53125, min:13135.267578125, std:3057.54248046875
Iter:30, max:27087.23828125, mean:18073.64453125, min:11303.625, std:3221.99365234375
Iter:31, max:27047.328125, mean:17811.79296875, min:11549.66796875, std:2935.95654296875
Iter:32, max:31978.1171875, mean:18328.91796875, min:12218.8125, std:3619.0673828125
Iter:33, max:29348.91015625, mean:18841.705078125, min:13390.6875, std:3192.77490234375
Iter:34, max:28401.099609375, mean:18738.751953125, min:12201.3037109375, std:3323.064697265625
Iter:35, max:27766.994140625, mean:18473.642578125, min:13573.1865234375, std:2790.856201171875
Iter:36, max:27838.955078125, mean:18732.59765625, min:13647.3251953125, std:2948.850341796875
Iter:37, max:29185.169921875, mean:19089.51953125, min:13892.9423828125, std:2957.578857421875
Iter:38, max:29152.603515625, mean:19315.09765625, min:10491.7646484375, std:3383.64013671875
Iter:39, max:31567.5, mean:19911.390625, min:13707.69140625, std:3317.8232421875
Iter:40, max:28723.529296875, mean:19711.42578125, min:12507.537109375, std:3119.8212890625
Iter:41, max:31575.947265625, mean:19531.572265625, min:13224.3173828125, std:3274.62451171875
Iter:42, max:33021.45703125, mean:19873.802734375, min:12925.85546875, std:3122.374755859375
Iter:43, max:29678.158203125, mean:19846.015625, min:12996.2197265625, std:3043.4658203125
Iter:44, max:35933.71484375, mean:20201.853515625, min:13858.8984375, std:3543.9658203125
Iter:45, max:27997.865234375, mean:19944.55859375, min:13874.912109375, std:2801.277099609375
Iter:46, max:32100.623046875, mean:20938.328125, min:14037.6845703125, std:3027.662353515625
Iter:47, max:32993.125, mean:20177.533203125, min:11667.796875, std:3006.02001953125
Iter:48, max:30038.619140625, mean:20993.4609375, min:14496.4306640625, std:3056.594970703125
Iter:49, max:32395.384765625, mean:20882.17578125, min:12321.9345703125, std:3411.10302734375
Iter:50, max:28101.310546875, mean:21144.59375, min:12579.70703125, std:2936.255859375
Iter:51, max:27925.181640625, mean:20703.236328125, min:13949.5771484375, std:2944.015380859375
Iter:52, max:35817.34765625, mean:21157.57421875, min:14358.8115234375, std:3259.212646484375
Iter:53, max:33332.84765625, mean:21050.642578125, min:14785.984375, std:3271.365966796875
Iter:54, max:33154.984375, mean:21384.5078125, min:14890.0673828125, std:3347.272705078125
Iter:55, max:37213.87109375, mean:21363.548828125, min:15369.841796875, std:3164.246337890625
Iter:56, max:32474.244140625, mean:20984.32421875, min:13420.7080078125, std:3392.4248046875
Iter:57, max:30848.619140625, mean:21714.833984375, min:15460.724609375, std:3043.339599609375
Iter:58, max:27988.291015625, mean:21045.93359375, min:14412.30859375, std:2825.266845703125
Iter:59, max:29773.658203125, mean:21705.15625, min:14905.2529296875, std:3564.518798828125
Iter:60, max:30880.6171875, mean:22004.65625, min:12534.9130859375, std:3224.952880859375
Iter:61, max:31052.8046875, mean:22016.140625, min:14268.138671875, std:3227.14697265625
Iter:62, max:28984.8203125, mean:21738.1796875, min:15105.2060546875, std:2985.03662109375
Iter:63, max:30834.859375, mean:21896.890625, min:15694.2333984375, std:3004.0390625
Iter:64, max:33857.30859375, mean:22207.72265625, min:14931.55078125, std:3402.210205078125
Iter:65, max:34965.66015625, mean:22551.220703125, min:15494.5517578125, std:3402.24560546875
Iter:66, max:34109.609375, mean:22330.9453125, min:15082.5947265625, std:3396.6279296875
Iter:67, max:32217.150390625, mean:22414.91796875, min:15945.8359375, std:3263.22021484375
Iter:68, max:32470.755859375, mean:22233.1328125, min:14372.880859375, std:3352.397705078125
Iter:69, max:33727.83984375, mean:22395.625, min:14625.103515625, std:3432.16748046875
Iter:70, max:35257.21484375, mean:22289.1015625, min:15081.0439453125, std:3260.326171875
Iter:71, max:50952.8046875, mean:22854.23828125, min:14771.0166015625, std:4396.431640625
Iter:72, max:31863.0234375, mean:22247.9453125, min:13794.5615234375, std:3216.504638671875
Iter:73, max:32914.03125, mean:22217.94921875, min:16792.875, std:3347.68310546875
Iter:74, max:31593.783203125, mean:21988.681640625, min:15191.322265625, std:3330.365966796875
Iter:75, max:36468.11328125, mean:22340.72265625, min:16870.5546875, std:3180.122314453125
Iter:76, max:38765.58984375, mean:22894.029296875, min:16026.6572265625, std:4197.8076171875
Iter:77, max:34330.484375, mean:22862.67578125, min:14650.7197265625, std:3139.638427734375
Iter:78, max:37885.1640625, mean:22949.02734375, min:13474.7421875, std:3759.3154296875
Iter:79, max:33328.43359375, mean:23188.361328125, min:17012.95703125, std:3674.98095703125
Iter:80, max:35559.859375, mean:23300.109375, min:15180.388671875, std:2997.204345703125
Iter:81, max:34949.8515625, mean:22966.81640625, min:16830.35546875, std:3380.114501953125
Iter:82, max:32837.51171875, mean:22721.15625, min:14285.6767578125, std:3648.713134765625
Iter:83, max:35727.08984375, mean:23125.951171875, min:17234.451171875, std:2997.56494140625
Iter:84, max:31602.455078125, mean:22863.0859375, min:15371.7109375, std:3365.522705078125
Iter:85, max:33365.65234375, mean:22947.265625, min:14855.5361328125, std:3405.02734375
Iter:86, max:35184.875, mean:23409.365234375, min:16646.041015625, std:3186.70849609375
Iter:87, max:33605.265625, mean:23277.3671875, min:15917.8525390625, std:3444.851806640625
Iter:88, max:35354.37109375, mean:23722.1640625, min:15531.1318359375, std:3982.7890625
Iter:89, max:31111.701171875, mean:23084.890625, min:15182.7978515625, std:3372.006591796875
Iter:90, max:35907.76953125, mean:23481.708984375, min:16438.32421875, std:3503.847412109375
Iter:91, max:37720.6640625, mean:23050.73828125, min:16328.9375, std:3669.152099609375
Iter:92, max:36182.26171875, mean:23295.7265625, min:16168.7294921875, std:3730.8916015625
Iter:93, max:36822.09375, mean:23203.7109375, min:16999.107421875, std:3442.562255859375
Iter:94, max:37276.328125, mean:23871.625, min:17571.71484375, std:3585.53857421875
Iter:95, max:36019.3984375, mean:23537.162109375, min:17329.904296875, std:3252.056640625
Iter:96, max:32558.935546875, mean:23616.0078125, min:17331.556640625, std:3174.138427734375
Iter:97, max:35017.06640625, mean:23150.03125, min:15461.3037109375, std:3537.327880859375
Iter:98, max:38065.4140625, mean:23482.265625, min:15160.82421875, std:3766.6884765625
Iter:99, max:37994.1640625, mean:23775.15234375, min:15340.21875, std:3622.1162109375
Iter:100, max:39619.81640625, mean:24223.298828125, min:16535.013671875, std:3558.825439453125
Iter:101, max:34040.72265625, mean:23957.662109375, min:16696.08203125, std:3486.60546875
Iter:102, max:35826.7109375, mean:24023.822265625, min:17288.154296875, std:3550.468505859375
Iter:103, max:31297.63671875, mean:23634.15625, min:16201.47265625, std:3065.560791015625
Iter:104, max:35901.37890625, mean:23961.1875, min:16943.734375, std:3368.152587890625
Iter:105, max:38627.140625, mean:23960.90234375, min:12862.3759765625, std:3667.522216796875
Iter:106, max:35539.00390625, mean:23529.560546875, min:16888.29296875, std:3230.242919921875
Iter:107, max:41005.3515625, mean:24253.216796875, min:17182.533203125, std:3764.4970703125
Iter:108, max:36641.2890625, mean:24078.55078125, min:16826.25390625, std:3804.41455078125
Iter:109, max:33453.03125, mean:24404.94921875, min:16114.5341796875, std:3467.9453125
Iter:110, max:33156.31640625, mean:23558.2421875, min:16629.470703125, std:3413.112548828125
Iter:111, max:33884.375, mean:23665.005859375, min:14863.87890625, std:3851.380615234375
Iter:112, max:32801.89453125, mean:23637.609375, min:16035.892578125, std:3351.75048828125
Iter:113, max:34107.3828125, mean:23737.53515625, min:16112.958984375, std:3452.283935546875
Iter:114, max:36110.05859375, mean:24340.462890625, min:16217.89453125, std:3824.14404296875
Iter:115, max:37670.41015625, mean:24300.15625, min:14828.78515625, std:3488.08203125
Iter:116, max:36721.046875, mean:23985.06640625, min:16309.962890625, std:3252.390625
Iter:117, max:35841.4765625, mean:24875.0859375, min:17661.833984375, std:3646.124267578125
Iter:118, max:31736.798828125, mean:23543.384765625, min:18077.330078125, std:2956.004150390625
Iter:119, max:31515.94921875, mean:23933.6953125, min:15608.0263671875, std:3239.314208984375
Iter:120, max:33106.55859375, mean:24403.048828125, min:17290.501953125, std:3564.965576171875
Iter:121, max:36919.16796875, mean:23754.890625, min:16216.21875, std:3625.8115234375
Iter:122, max:32880.5078125, mean:24423.359375, min:15240.28515625, std:3498.34130859375
Iter:123, max:32535.83984375, mean:23930.265625, min:17018.181640625, std:3006.12939453125
Iter:124, max:40297.01171875, mean:24293.787109375, min:16148.853515625, std:3622.3193359375
Iter:125, max:36528.51953125, mean:24624.5546875, min:17622.390625, std:3539.74072265625
Iter:126, max:32235.830078125, mean:24365.03515625, min:17174.07421875, std:3262.69873046875
Iter:127, max:34898.05859375, mean:23988.81640625, min:16426.734375, std:3457.99755859375
Iter:128, max:34215.0546875, mean:24403.302734375, min:17650.595703125, std:3275.375732421875
Iter:129, max:34249.6484375, mean:24268.26953125, min:14062.0771484375, std:3434.821044921875
Iter:130, max:34982.46484375, mean:24007.669921875, min:17124.216796875, std:3110.65087890625
Iter:131, max:47665.60546875, mean:24652.2109375, min:15304.8974609375, std:4224.6298828125
Iter:132, max:36891.3671875, mean:24670.0859375, min:17865.642578125, std:3548.806884765625
Iter:133, max:32351.048828125, mean:24395.96484375, min:17152.126953125, std:3436.017578125
Iter:134, max:33797.80078125, mean:24438.380859375, min:15750.3544921875, std:3373.311767578125
Iter:135, max:35370.70703125, mean:24365.76171875, min:15491.4501953125, std:3747.010498046875
Iter:136, max:34323.37109375, mean:24806.30078125, min:16925.61328125, std:3827.3984375
Iter:137, max:39567.484375, mean:24702.46484375, min:18188.177734375, std:3313.652587890625
Iter:138, max:35354.1875, mean:24612.744140625, min:16911.400390625, std:3449.90966796875
Iter:139, max:35462.921875, mean:24248.21875, min:16043.6494140625, std:3579.45166015625
Iter:140, max:35929.82421875, mean:24356.0390625, min:16006.7421875, std:3460.638427734375
Iter:141, max:40612.44921875, mean:24565.07421875, min:18109.908203125, std:3379.544921875
Iter:142, max:43514.48828125, mean:24775.228515625, min:17790.4765625, std:3981.852294921875
Iter:143, max:31729.279296875, mean:24262.91796875, min:15719.0888671875, std:3165.577880859375
Iter:144, max:35066.80859375, mean:24600.775390625, min:17906.974609375, std:3378.603515625
Iter:145, max:34638.96484375, mean:24557.404296875, min:17807.1484375, std:3597.2802734375
Iter:146, max:34390.37109375, mean:24707.51171875, min:17342.484375, std:3354.692626953125
Iter:147, max:35096.48828125, mean:24564.91015625, min:17117.060546875, std:3341.89990234375
Iter:148, max:42293.3046875, mean:24927.642578125, min:16362.5517578125, std:3853.72802734375
Iter:149, max:34740.3203125, mean:24534.7109375, min:17372.80078125, std:3326.0341796875
Iter:150, max:36564.45703125, mean:24755.318359375, min:18509.416015625, std:3284.723388671875
Iter:151, max:34881.984375, mean:24743.765625, min:15770.306640625, std:3491.684814453125
Iter:152, max:31913.955078125, mean:24418.689453125, min:17307.73046875, std:3354.540771484375
Iter:153, max:38285.31640625, mean:24615.361328125, min:17339.080078125, std:3728.94970703125
Iter:154, max:32689.447265625, mean:24689.232421875, min:16639.326171875, std:3368.353515625
Iter:155, max:37766.76953125, mean:24978.3046875, min:16567.1015625, std:3373.41552734375
Iter:156, max:37802.4609375, mean:25053.9765625, min:17658.89453125, std:3917.0556640625
Iter:157, max:35452.5546875, mean:24457.314453125, min:16276.9541015625, std:3360.137939453125
Iter:158, max:39238.6015625, mean:24343.203125, min:18026.845703125, std:3792.0234375
Iter:159, max:33307.15625, mean:24880.94140625, min:18963.501953125, std:3339.761962890625
Iter:160, max:40312.5546875, mean:25332.1953125, min:16926.0859375, std:4089.73046875
Iter:161, max:37697.98828125, mean:24972.484375, min:16849.322265625, std:3610.04150390625
Iter:162, max:37315.28515625, mean:24355.216796875, min:16925.3203125, std:3516.583740234375
Iter:163, max:42115.0234375, mean:24679.30078125, min:17445.517578125, std:3946.86962890625
Iter:164, max:36543.203125, mean:25322.5703125, min:17040.51171875, std:3756.316650390625
Iter:165, max:33396.609375, mean:24868.2109375, min:16914.525390625, std:3323.241455078125
Iter:166, max:35871.3125, mean:25002.115234375, min:16050.048828125, std:3653.76904296875
Iter:167, max:41253.53125, mean:25164.9140625, min:16831.68359375, std:4113.728515625
Iter:168, max:39936.1875, mean:24843.44140625, min:16607.12890625, std:3861.58251953125
Iter:169, max:37449.45703125, mean:25632.2421875, min:14863.6611328125, std:3535.96826171875
Iter:170, max:36666.09375, mean:24733.3984375, min:17957.794921875, std:3500.635009765625
Iter:171, max:35533.171875, mean:25067.330078125, min:17301.02734375, std:3487.780029296875
Iter:172, max:37120.3828125, mean:24136.09375, min:16473.974609375, std:3319.144775390625
Iter:173, max:34598.390625, mean:25044.96484375, min:17726.1953125, std:3586.119873046875
Iter:174, max:36604.48828125, mean:25380.046875, min:18949.93359375, std:3265.11181640625
Iter:175, max:39249.69921875, mean:24762.015625, min:17317.9296875, std:3740.341552734375
Iter:176, max:33790.2734375, mean:24852.072265625, min:18070.515625, std:3276.310791015625
Iter:177, max:38528.6875, mean:25548.86328125, min:18214.83203125, std:3339.011962890625
Iter:178, max:40179.14453125, mean:24867.96484375, min:17918.82421875, std:3619.183349609375
Iter:179, max:35887.3203125, mean:25109.84375, min:18854.935546875, std:3356.9423828125
Iter:180, max:37608.671875, mean:25728.712890625, min:16908.138671875, std:3740.003173828125
Iter:181, max:38964.62109375, mean:25355.892578125, min:18334.404296875, std:3162.0390625
Iter:182, max:36245.421875, mean:25327.96875, min:18756.361328125, std:3585.133056640625
Iter:183, max:37419.0703125, mean:24812.4375, min:18003.623046875, std:3481.833740234375
Iter:184, max:37629.98046875, mean:25058.9453125, min:18413.212890625, std:3470.973876953125
Iter:185, max:35463.3828125, mean:25003.953125, min:15923.904296875, std:3531.375
Iter:186, max:34383.16015625, mean:25057.3203125, min:18054.0859375, std:3475.6953125
Iter:187, max:32530.08984375, mean:24573.17578125, min:17580.63671875, std:3398.5146484375
Iter:188, max:35585.9609375, mean:25052.259765625, min:17114.017578125, std:3713.802978515625
Iter:189, max:33611.61328125, mean:24798.75390625, min:17092.373046875, std:3422.978271484375
Iter:190, max:33445.51953125, mean:25224.60546875, min:18637.6328125, std:3332.149169921875
Iter:191, max:38460.60546875, mean:25444.6171875, min:17068.60546875, std:3656.2978515625
Iter:192, max:37192.1015625, mean:25284.4765625, min:18488.978515625, std:3470.94189453125
Iter:193, max:39919.7265625, mean:25152.1328125, min:17283.98046875, std:3950.81884765625
Iter:194, max:40511.55078125, mean:25228.47265625, min:18166.416015625, std:4167.63525390625
Iter:195, max:39558.796875, mean:25347.421875, min:16774.662109375, std:3764.072998046875
Iter:196, max:37008.4453125, mean:25407.302734375, min:17664.853515625, std:3426.78515625
Iter:197, max:34282.30859375, mean:24864.8671875, min:18266.375, std:3250.61279296875
Iter:198, max:39185.0703125, mean:25287.41796875, min:17895.28125, std:4034.915283203125
Iter:199, max:35638.5546875, mean:24971.5625, min:17539.625, std:3293.143310546875
Iter:200, max:35949.21484375, mean:25127.9765625, min:17237.96875, std:3492.9189453125
Iter:201, max:36116.2890625, mean:25519.794921875, min:17916.1640625, std:3625.392333984375
Iter:202, max:37686.12890625, mean:25770.16015625, min:18752.34375, std:3242.42529296875
Iter:203, max:38004.67578125, mean:26220.359375, min:17607.619140625, std:3845.97314453125
Iter:204, max:36036.9453125, mean:25854.32421875, min:17054.427734375, std:3706.2197265625
Iter:205, max:34120.22265625, mean:25585.1171875, min:17437.041015625, std:3291.93310546875
Iter:206, max:35313.9453125, mean:25455.4375, min:17464.4765625, std:3317.9951171875
Iter:207, max:63419.90625, mean:26066.5390625, min:17773.396484375, std:4828.2197265625
Iter:208, max:37887.01953125, mean:25740.3046875, min:16682.296875, std:3951.275390625
Iter:209, max:35830.125, mean:25946.25390625, min:18003.298828125, std:3679.371826171875
Iter:210, max:32372.220703125, mean:25335.220703125, min:18952.654296875, std:3040.348388671875
Iter:211, max:33291.81640625, mean:24898.37890625, min:17577.6484375, std:3481.77197265625
Iter:212, max:35177.15234375, mean:25476.421875, min:17066.451171875, std:3781.980224609375
Iter:213, max:38020.7265625, mean:25872.59375, min:16811.15625, std:3906.1787109375
Iter:214, max:38478.9765625, mean:25901.3359375, min:14581.4111328125, std:4123.0234375
Iter:215, max:38436.00390625, mean:25280.203125, min:17590.82421875, std:3459.671142578125
Iter:216, max:39194.796875, mean:26062.044921875, min:18021.4296875, std:3748.611572265625
Iter:217, max:36092.3828125, mean:25866.59375, min:18752.83203125, std:3597.815185546875
Iter:218, max:38151.53125, mean:26028.296875, min:17767.474609375, std:3971.0419921875
Iter:219, max:37992.6796875, mean:26001.5625, min:15776.9423828125, std:3949.5693359375
Iter:220, max:34902.2265625, mean:25885.10546875, min:18100.638671875, std:3531.332275390625
Iter:221, max:35786.71484375, mean:26102.16015625, min:18774.31640625, std:3466.497314453125
Iter:222, max:37778.25, mean:25928.13671875, min:17545.55859375, std:4157.72314453125
Iter:223, max:34259.5625, mean:25765.884765625, min:16022.7470703125, std:3635.1572265625
Iter:224, max:36648.8515625, mean:25570.94921875, min:17301.021484375, std:3756.707763671875
Iter:225, max:39612.75390625, mean:25719.4296875, min:18259.17578125, std:3855.733154296875
Iter:226, max:37478.1171875, mean:25519.123046875, min:18381.900390625, std:3642.440673828125
Iter:227, max:41202.1796875, mean:26747.2265625, min:19789.1015625, std:3810.83984375
Iter:228, max:36817.76953125, mean:25443.76171875, min:16259.1494140625, std:3855.789794921875
Iter:229, max:35692.296875, mean:26115.30078125, min:17036.46875, std:3773.986328125
Iter:230, max:34089.66796875, mean:25301.759765625, min:15947.021484375, std:3642.37060546875
Iter:231, max:40106.8203125, mean:26277.119140625, min:18675.517578125, std:3826.96826171875
Iter:232, max:46246.16015625, mean:26148.486328125, min:15744.17578125, std:4278.17724609375
Iter:233, max:37819.05859375, mean:25945.52734375, min:18961.3515625, std:3953.55419921875
Iter:234, max:39644.60546875, mean:26189.71484375, min:18583.962890625, std:4106.52734375
Iter:235, max:36757.140625, mean:25993.37890625, min:16780.30078125, std:3392.066162109375
Iter:236, max:35855.125, mean:26326.02734375, min:17109.169921875, std:3655.723388671875
Iter:237, max:36854.9296875, mean:26161.32421875, min:17489.55078125, std:3840.53955078125
Iter:238, max:37088.55859375, mean:26100.06640625, min:18298.904296875, std:3646.085205078125
Iter:239, max:36105.19921875, mean:26069.078125, min:18338.595703125, std:3316.903076171875
Iter:240, max:36059.8671875, mean:26325.212890625, min:17578.599609375, std:3750.982421875
Iter:241, max:38464.296875, mean:26354.3984375, min:16563.29296875, std:3778.92529296875
Iter:242, max:35774.4609375, mean:26173.390625, min:14534.5380859375, std:3918.516845703125
Iter:243, max:35361.1015625, mean:26092.12890625, min:19129.8515625, std:3305.7431640625
Iter:244, max:37033.01953125, mean:26219.873046875, min:17821.087890625, std:3594.240966796875
Iter:245, max:38534.69921875, mean:25940.85546875, min:17059.501953125, std:3502.281005859375
Iter:246, max:43469.15234375, mean:26483.56640625, min:17252.203125, std:4116.76904296875
Iter:247, max:36385.6328125, mean:26170.2421875, min:16850.99609375, std:3704.67431640625
Iter:248, max:41165.17578125, mean:26382.12109375, min:16869.40234375, std:3967.100830078125
Iter:249, max:36980.41796875, mean:26884.4765625, min:17892.607421875, std:3983.70654296875
Iter:250, max:40620.05859375, mean:26800.853515625, min:14847.4404296875, std:4261.69287109375
Iter:251, max:33705.46484375, mean:26374.78515625, min:18599.603515625, std:3492.349609375
Iter:252, max:38578.68359375, mean:26465.54296875, min:19444.794921875, std:3857.831787109375
Iter:253, max:44202.04296875, mean:26956.9296875, min:18887.5703125, std:3852.448974609375
Iter:254, max:38506.1796875, mean:26784.78515625, min:19393.357421875, std:3619.2001953125
Iter:255, max:34254.25390625, mean:26260.34765625, min:17463.591796875, std:3585.44384765625
Iter:256, max:35163.0625, mean:26502.361328125, min:15026.490234375, std:3768.140380859375
Iter:257, max:35729.54296875, mean:26541.39453125, min:19516.353515625, std:3378.010498046875
Iter:258, max:42475.578125, mean:26560.4296875, min:17040.22265625, std:4090.95947265625
Iter:259, max:45975.28125, mean:26141.5703125, min:18680.53515625, std:3853.46435546875
Iter:260, max:41808.3046875, mean:27469.33984375, min:15102.9296875, std:3997.152587890625
Iter:261, max:38153.76171875, mean:26921.5703125, min:17706.4140625, std:4024.41455078125
Iter:262, max:37636.3203125, mean:27057.72265625, min:18828.73046875, std:4231.83447265625
Iter:263, max:43980.5078125, mean:27261.904296875, min:16073.2548828125, std:4613.72900390625
Iter:264, max:39261.890625, mean:26490.287109375, min:15568.4970703125, std:4006.330810546875
Iter:265, max:39702.04296875, mean:26879.33203125, min:18927.392578125, std:4069.35302734375
Iter:266, max:38430.36328125, mean:26940.55078125, min:18261.79296875, std:4304.05810546875
Iter:267, max:40120.6796875, mean:27104.44140625, min:18677.01953125, std:4013.51953125
Iter:268, max:39428.5859375, mean:26910.234375, min:18530.46484375, std:3821.401611328125
Iter:269, max:38960.87109375, mean:26495.54296875, min:18938.67578125, std:4235.91650390625
Iter:270, max:37008.24609375, mean:26999.212890625, min:17368.525390625, std:4315.58740234375
Iter:271, max:38626.16015625, mean:26653.23046875, min:16459.765625, std:4031.30615234375
Iter:272, max:37936.078125, mean:27164.515625, min:17787.73046875, std:3862.345458984375
Iter:273, max:36497.7734375, mean:26819.91796875, min:17876.244140625, std:3984.712646484375
Iter:274, max:39181.41015625, mean:26926.5546875, min:16593.771484375, std:4148.01025390625
Iter:275, max:39103.0390625, mean:26744.22265625, min:18925.11328125, std:3888.99072265625
Iter:276, max:39422.58984375, mean:26487.23828125, min:19334.2109375, std:3922.092041015625
Iter:277, max:37954.01171875, mean:26868.734375, min:17399.53125, std:4154.654296875
Iter:278, max:40152.20703125, mean:26925.04296875, min:19026.5703125, std:3898.771728515625
Iter:279, max:42734.70703125, mean:27281.361328125, min:20243.560546875, std:3977.333740234375
Iter:280, max:39133.6171875, mean:27591.27734375, min:19537.623046875, std:3808.272216796875
Iter:281, max:39722.58984375, mean:27985.1484375, min:20040.953125, std:3834.875244140625
Iter:282, max:40476.14453125, mean:27134.052734375, min:17616.384765625, std:3699.93017578125
Iter:283, max:37492.12109375, mean:27789.349609375, min:19014.525390625, std:4231.13330078125
Iter:284, max:37269.6484375, mean:27102.1328125, min:18263.83984375, std:3801.791748046875
Iter:285, max:37443.28125, mean:27136.482421875, min:20222.345703125, std:3719.007568359375
Iter:286, max:43596.8828125, mean:27723.900390625, min:18516.853515625, std:4159.98583984375
Iter:287, max:45233.04296875, mean:27201.65234375, min:18049.072265625, std:4778.0908203125
Iter:288, max:40305.265625, mean:27326.90625, min:17760.81640625, std:3944.401123046875
Iter:289, max:36430.12890625, mean:27601.373046875, min:18213.02734375, std:4044.5986328125
Iter:290, max:38651.765625, mean:27234.142578125, min:19977.86328125, std:3583.346923828125
Iter:291, max:40965.796875, mean:27618.794921875, min:19611.91015625, std:3971.9140625
Iter:292, max:42883.03515625, mean:27785.734375, min:17701.29296875, std:4250.82080078125
Iter:293, max:41156.640625, mean:27591.3515625, min:18123.140625, std:4517.4150390625
Iter:294, max:39588.890625, mean:27500.69140625, min:17907.1796875, std:3842.057373046875
Iter:295, max:40375.16015625, mean:28040.974609375, min:17809.544921875, std:3572.33544921875
Iter:296, max:44191.41796875, mean:27285.017578125, min:18381.56640625, std:4086.033203125
Iter:297, max:41713.99609375, mean:28125.94921875, min:19517.896484375, std:4354.44873046875
Iter:298, max:40495.69140625, mean:27899.51171875, min:17956.375, std:4296.5146484375
Iter:299, max:37208.12890625, mean:27823.53515625, min:20043.97265625, std:3865.853515625
Iter:300, max:41422.11328125, mean:26915.83984375, min:17955.7578125, std:4027.634765625
Iter:301, max:38028.2109375, mean:27933.37109375, min:18868.8203125, std:3851.99267578125
Iter:302, max:41869.62890625, mean:28050.3515625, min:19972.7421875, std:4315.16357421875
Iter:303, max:43210.83203125, mean:27943.9296875, min:16270.1640625, std:4751.1103515625
Iter:304, max:36493.6484375, mean:27453.419921875, min:18858.306640625, std:3878.14453125
Iter:305, max:40042.4296875, mean:28300.361328125, min:17742.708984375, std:4477.14013671875
Iter:306, max:36089.796875, mean:27632.2265625, min:18235.734375, std:3625.0517578125
Iter:307, max:38996.01171875, mean:27861.65625, min:16700.185546875, std:4048.652099609375
Iter:308, max:40060.40625, mean:27638.76171875, min:17189.822265625, std:4214.82421875
Iter:309, max:38512.22265625, mean:27608.796875, min:18169.4453125, std:4277.87646484375
Iter:310, max:37262.08203125, mean:27648.03515625, min:18466.9140625, std:3522.154541015625
Iter:311, max:42008.1796875, mean:27495.6171875, min:15514.8623046875, std:4201.357421875
Iter:312, max:43510.52734375, mean:28337.943359375, min:20345.326171875, std:4209.0673828125
Iter:313, max:39777.1328125, mean:27635.00390625, min:16294.5615234375, std:3948.3779296875
Iter:314, max:40154.95703125, mean:27314.17578125, min:18890.390625, std:3584.408447265625
Iter:315, max:40994.73046875, mean:27715.1015625, min:19667.048828125, std:4085.8828125
Iter:316, max:38667.828125, mean:28517.255859375, min:18603.873046875, std:4010.467041015625
Iter:317, max:40199.13671875, mean:27572.447265625, min:20304.3359375, std:3974.7978515625
Iter:318, max:41054.44921875, mean:27848.162109375, min:20154.3125, std:3908.681396484375
Iter:319, max:54360.39453125, mean:28632.921875, min:19691.248046875, std:4783.74560546875
Iter:320, max:39289.83203125, mean:27752.83203125, min:17966.080078125, std:3436.40234375
Iter:321, max:38382.30859375, mean:28075.890625, min:20375.71875, std:3629.275390625
Iter:322, max:43586.73046875, mean:27498.16796875, min:18872.517578125, std:4404.82470703125
Iter:323, max:37080.2421875, mean:28228.21875, min:18302.421875, std:3963.66455078125
Iter:324, max:45396.8984375, mean:28694.0390625, min:18224.06640625, std:4248.9462890625
Iter:325, max:36147.203125, mean:28068.435546875, min:18701.896484375, std:3768.913818359375
Iter:326, max:37886.2734375, mean:27881.046875, min:18682.50390625, std:3901.017333984375
Iter:327, max:39899.734375, mean:27947.53125, min:17713.080078125, std:3866.95947265625
Iter:328, max:38294.28515625, mean:27932.173828125, min:20160.392578125, std:3831.98095703125
Iter:329, max:42715.03125, mean:28297.8203125, min:20277.291015625, std:3973.3818359375
Iter:330, max:43520.2421875, mean:29120.8125, min:19770.861328125, std:4534.58056640625
Iter:331, max:43252.546875, mean:28932.431640625, min:19526.30859375, std:4513.17333984375
Iter:332, max:38184.9375, mean:28035.978515625, min:19443.36328125, std:4132.76123046875
Iter:333, max:41503.40625, mean:28223.18359375, min:19185.23828125, std:4148.13037109375
Iter:334, max:40880.640625, mean:28597.37890625, min:19127.443359375, std:4424.19287109375
Iter:335, max:41600.42578125, mean:28034.359375, min:18828.9609375, std:4466.12060546875
Iter:336, max:39474.92578125, mean:27792.20703125, min:18891.771484375, std:4171.13916015625
Iter:337, max:38847.8359375, mean:27857.76953125, min:17032.505859375, std:3958.967529296875
Iter:338, max:40288.26953125, mean:28437.76953125, min:19336.736328125, std:4140.87353515625
Iter:339, max:36589.63671875, mean:27432.513671875, min:16553.259765625, std:3825.653564453125
Iter:340, max:42276.1171875, mean:28573.6484375, min:18535.69140625, std:4240.95263671875
Iter:341, max:40770.19140625, mean:28633.294921875, min:17967.41015625, std:4281.6572265625
Iter:342, max:41918.64453125, mean:28143.27734375, min:17297.18359375, std:3911.206298828125
Iter:343, max:40077.94921875, mean:28403.05078125, min:18329.87109375, std:4200.63134765625
Iter:344, max:41238.546875, mean:28441.90234375, min:18999.228515625, std:4001.22998046875
Iter:345, max:39131.45703125, mean:28140.6171875, min:19537.4375, std:3638.81005859375
Iter:346, max:40641.359375, mean:28657.79296875, min:20460.875, std:3939.4150390625
Iter:347, max:39585.96875, mean:28703.59375, min:18507.251953125, std:4369.271484375
Iter:348, max:43275.0703125, mean:28235.6875, min:18964.435546875, std:4396.22607421875
Iter:349, max:38255.0703125, mean:28334.9453125, min:19704.857421875, std:3550.920654296875
Iter:350, max:46204.953125, mean:29248.509765625, min:16804.55859375, std:4967.9453125
Iter:351, max:41988.12109375, mean:28651.41796875, min:19016.91796875, std:4493.94775390625
Iter:352, max:38241.65625, mean:28244.806640625, min:18336.392578125, std:3547.601806640625
Iter:353, max:45907.5859375, mean:28946.275390625, min:18864.853515625, std:4469.28173828125
Iter:354, max:38523.94140625, mean:28349.9296875, min:20655.96875, std:3766.193603515625
Iter:355, max:39777.078125, mean:27663.1953125, min:17475.037109375, std:4069.33349609375
Iter:356, max:37835.75, mean:28216.708984375, min:20369.615234375, std:3954.919921875
Iter:357, max:46424.08203125, mean:27986.611328125, min:18621.091796875, std:4938.10498046875
Iter:358, max:39023.80859375, mean:28336.626953125, min:18179.23828125, std:3823.2734375
Iter:359, max:39504.05859375, mean:28775.87109375, min:18833.224609375, std:4284.4912109375
Iter:360, max:44152.0859375, mean:29341.287109375, min:19237.142578125, std:4652.486328125
Iter:361, max:42980.60546875, mean:29226.54296875, min:20414.748046875, std:4505.6533203125
Iter:362, max:38924.015625, mean:28487.888671875, min:19766.0859375, std:3979.72265625
Iter:363, max:40670.8984375, mean:29011.0859375, min:19562.705078125, std:4087.687255859375
Iter:364, max:40636.27734375, mean:28033.83984375, min:20478.7421875, std:4149.30078125
Iter:365, max:42134.3671875, mean:28640.55078125, min:20622.134765625, std:4257.49658203125
Iter:366, max:38749.87109375, mean:28655.234375, min:19996.748046875, std:4203.92578125
Iter:367, max:40691.27734375, mean:27975.25, min:19891.458984375, std:3910.194091796875
Iter:368, max:42527.34765625, mean:29196.478515625, min:18196.908203125, std:4186.1728515625
Iter:369, max:41930.13671875, mean:28647.4765625, min:18472.41015625, std:4148.79638671875
Iter:370, max:44146.40625, mean:28352.751953125, min:17239.013671875, std:4405.54833984375
Iter:371, max:44378.15625, mean:28665.328125, min:18679.724609375, std:4257.0166015625
Iter:372, max:41029.37890625, mean:28887.91015625, min:19351.66015625, std:4082.766845703125
Iter:373, max:40119.515625, mean:28827.796875, min:18123.177734375, std:3986.923095703125
Iter:374, max:44012.1015625, mean:29055.951171875, min:20234.814453125, std:4644.8037109375
Iter:375, max:44056.62109375, mean:28928.146484375, min:20104.822265625, std:4641.91943359375
Iter:376, max:36872.72265625, mean:28709.853515625, min:21673.302734375, std:3687.600830078125
Iter:377, max:39573.95703125, mean:28478.14453125, min:19733.44140625, std:4011.6357421875
Iter:378, max:50536.31640625, mean:28757.015625, min:18832.91015625, std:4304.62841796875
Iter:379, max:41270.10546875, mean:28822.58984375, min:19372.328125, std:4195.96826171875
Iter:380, max:40080.98046875, mean:29607.513671875, min:21339.349609375, std:4157.35009765625
Iter:381, max:39801.2109375, mean:28256.9765625, min:19754.341796875, std:4265.1025390625
Iter:382, max:42689.53515625, mean:29437.64453125, min:17514.5078125, std:4633.00927734375
Iter:383, max:39948.91796875, mean:29016.703125, min:19923.064453125, std:3979.611328125
Iter:384, max:41802.4765625, mean:28280.908203125, min:20584.923828125, std:4054.314208984375
Iter:385, max:44325.68359375, mean:28430.111328125, min:19138.60546875, std:4633.08935546875
Iter:386, max:50783.5234375, mean:28799.90625, min:18661.5, std:4416.6630859375
Iter:387, max:46177.9375, mean:28541.8515625, min:20816.28125, std:3923.94482421875
Iter:388, max:40682.91796875, mean:28829.3515625, min:19623.552734375, std:3956.082763671875
Iter:389, max:44793.31640625, mean:28936.54296875, min:20528.560546875, std:4185.07666015625
Iter:390, max:44121.6796875, mean:28558.4453125, min:19196.876953125, std:4193.1337890625
Iter:391, max:41687.9296875, mean:28518.396484375, min:17286.392578125, std:4430.2138671875
Iter:392, max:43313.44140625, mean:29114.29296875, min:21081.66015625, std:4240.79931640625
Iter:393, max:43669.5, mean:28800.73828125, min:18202.17578125, std:4302.388671875
Iter:394, max:41466.3125, mean:28482.0, min:18910.33984375, std:4303.78173828125
Iter:395, max:43173.06640625, mean:28640.05078125, min:16352.7734375, std:4863.34326171875
Iter:396, max:38831.6484375, mean:29082.28515625, min:20491.556640625, std:4283.92578125
Iter:397, max:44146.42578125, mean:29515.046875, min:20645.634765625, std:4508.80078125
Iter:398, max:43174.7109375, mean:29292.0859375, min:20432.830078125, std:4692.73876953125
Iter:399, max:39981.1484375, mean:28513.099609375, min:18597.845703125, std:4129.69091796875
Iter:400, max:43838.375, mean:29904.57421875, min:20871.875, std:4694.3994140625
Iter:401, max:39758.078125, mean:29391.53125, min:19158.408203125, std:3861.222900390625
Iter:402, max:45606.58203125, mean:29801.984375, min:20502.990234375, std:4457.4892578125
Iter:403, max:41026.99609375, mean:29021.529296875, min:21065.078125, std:4162.46044921875
Iter:404, max:42539.734375, mean:29056.81640625, min:18587.98828125, std:4266.5146484375
Iter:405, max:41903.3671875, mean:29530.193359375, min:20216.0078125, std:4301.11376953125
Iter:406, max:44485.2890625, mean:28942.333984375, min:16217.2900390625, std:4397.25244140625
Iter:407, max:39041.5078125, mean:28753.71875, min:18135.755859375, std:3857.991455078125
Iter:408, max:47376.66796875, mean:29222.81640625, min:20022.220703125, std:4505.580078125
Iter:409, max:41678.73828125, mean:29489.05078125, min:20968.484375, std:4248.28076171875
Iter:410, max:41715.57421875, mean:29168.46875, min:18188.083984375, std:4259.978515625
Iter:411, max:40659.77734375, mean:29068.84765625, min:20165.056640625, std:3949.016845703125
Iter:412, max:44857.0078125, mean:29132.2890625, min:21493.748046875, std:4398.22021484375
Iter:413, max:41825.3203125, mean:29817.7109375, min:18849.724609375, std:4149.49658203125
Iter:414, max:40878.5, mean:29200.3984375, min:22479.435546875, std:3559.258544921875
Iter:415, max:40047.42578125, mean:29667.720703125, min:20971.732421875, std:3862.639404296875
Iter:416, max:39666.203125, mean:29707.875, min:20411.400390625, std:3891.8359375
Iter:417, max:38901.9921875, mean:29326.564453125, min:19041.30859375, std:3763.626953125
Iter:418, max:41234.34765625, mean:29756.9453125, min:20926.966796875, std:4584.541015625
Iter:419, max:43329.87109375, mean:30234.578125, min:21912.314453125, std:4613.7978515625
Iter:420, max:41569.8203125, mean:29392.25, min:20032.759765625, std:4336.5712890625
Iter:421, max:38861.25, mean:29022.7890625, min:21177.955078125, std:3929.77783203125
Iter:422, max:43210.5546875, mean:29502.90625, min:21799.6015625, std:4400.724609375
Iter:423, max:43843.65234375, mean:29976.599609375, min:21511.93359375, std:4341.48095703125
Iter:424, max:38581.81640625, mean:29412.212890625, min:20825.234375, std:3739.88818359375
Iter:425, max:43861.9140625, mean:29977.09765625, min:22168.427734375, std:4034.79296875
Iter:426, max:41676.53515625, mean:29151.716796875, min:21023.244140625, std:3901.349853515625
Iter:427, max:41999.40625, mean:29501.91796875, min:21137.03515625, std:4054.5107421875
Iter:428, max:41374.84375, mean:30706.703125, min:21831.81640625, std:3944.595458984375
Iter:429, max:44876.1875, mean:30246.0625, min:18833.40625, std:4600.5634765625
Iter:430, max:52740.9921875, mean:29956.66796875, min:16918.224609375, std:4511.62109375
Iter:431, max:40937.8203125, mean:29873.56640625, min:18073.005859375, std:4508.20361328125
Iter:432, max:46102.1484375, mean:29616.08203125, min:20364.935546875, std:4385.82421875
Iter:433, max:42729.015625, mean:30174.216796875, min:20115.43359375, std:4465.32861328125
Iter:434, max:43290.0078125, mean:29808.5625, min:21232.509765625, std:4238.59423828125
Iter:435, max:43346.1640625, mean:29981.67578125, min:21438.751953125, std:4340.97119140625
Iter:436, max:41163.5625, mean:29436.55859375, min:20318.455078125, std:4038.677001953125
Iter:437, max:42990.4140625, mean:30100.04296875, min:22411.326171875, std:4089.483642578125
Iter:438, max:39589.68359375, mean:29799.8125, min:20077.30078125, std:3990.4970703125
Iter:439, max:41436.30078125, mean:30358.6796875, min:18514.40234375, std:3861.859375
Iter:440, max:44926.109375, mean:30418.74609375, min:21419.623046875, std:4364.67431640625
Iter:441, max:40990.34375, mean:29493.01953125, min:19524.494140625, std:4067.423095703125
Iter:442, max:47037.5234375, mean:30401.05078125, min:22419.6796875, std:4350.37890625
Iter:443, max:43948.453125, mean:30068.9609375, min:21227.72265625, std:4146.7158203125
Iter:444, max:44901.5234375, mean:30121.33984375, min:21124.474609375, std:4373.31396484375
Iter:445, max:45537.234375, mean:29629.07421875, min:20597.04296875, std:4117.3544921875
Iter:446, max:44250.39453125, mean:30029.1796875, min:20255.89453125, std:4518.4951171875
Iter:447, max:44012.80859375, mean:29996.15625, min:19661.45703125, std:4440.1171875
Iter:448, max:40256.91796875, mean:29530.4609375, min:20853.513671875, std:3991.67333984375
Iter:449, max:40440.6015625, mean:30052.9765625, min:20816.447265625, std:4023.2373046875
Iter:450, max:45081.08203125, mean:29737.291015625, min:20258.265625, std:4508.2177734375
Iter:451, max:44269.1015625, mean:29942.57421875, min:19528.341796875, std:4336.8662109375
Iter:452, max:52282.375, mean:30171.1640625, min:19462.59375, std:4645.5078125
Iter:453, max:46871.10546875, mean:30553.1875, min:21805.748046875, std:4593.6982421875
Iter:454, max:46777.828125, mean:30732.24609375, min:22447.0546875, std:4591.5927734375
Iter:455, max:43335.6328125, mean:30202.71875, min:21324.71484375, std:4167.44775390625
Iter:456, max:43878.00390625, mean:30315.291015625, min:18496.58984375, std:4219.03076171875
Iter:457, max:42671.78125, mean:29794.5390625, min:20099.83203125, std:4625.4521484375
Iter:458, max:41634.32421875, mean:29718.3515625, min:20445.91015625, std:3837.052734375
Iter:459, max:40188.98046875, mean:29994.3359375, min:21972.78515625, std:3942.544921875
Iter:460, max:41759.296875, mean:29962.078125, min:21254.943359375, std:4058.9853515625
Iter:461, max:43155.2578125, mean:30194.2109375, min:19728.115234375, std:4296.23486328125
Iter:462, max:47432.37890625, mean:29671.76953125, min:22189.455078125, std:4356.50927734375
Iter:463, max:40640.77734375, mean:30392.31640625, min:21843.1484375, std:3948.60888671875
Iter:464, max:42529.390625, mean:30061.921875, min:21326.62890625, std:4259.99365234375
Iter:465, max:42169.93359375, mean:29593.791015625, min:19147.087890625, std:4274.828125
Iter:466, max:42121.33984375, mean:30178.9609375, min:21504.392578125, std:4131.4892578125
Iter:467, max:48315.1171875, mean:29647.662109375, min:21720.2578125, std:4706.6923828125
Iter:468, max:41638.23828125, mean:30102.544921875, min:20029.888671875, std:4417.19580078125
Iter:469, max:43336.7890625, mean:31044.11328125, min:21626.90625, std:4244.22998046875
Iter:470, max:39833.51171875, mean:29132.03125, min:17260.275390625, std:3880.310302734375
Iter:471, max:44117.2578125, mean:30283.1640625, min:21525.6640625, std:4425.8720703125
Iter:472, max:42998.3125, mean:30213.40625, min:22262.759765625, std:4422.01123046875
Iter:473, max:46306.3125, mean:30728.015625, min:22097.314453125, std:4717.44091796875
Iter:474, max:44067.6875, mean:30595.73828125, min:21894.50390625, std:4111.8095703125
Iter:475, max:46520.6640625, mean:30384.59375, min:21196.685546875, std:4279.97802734375
Iter:476, max:39104.31640625, mean:30367.943359375, min:20035.005859375, std:4266.576171875
Iter:477, max:43600.73046875, mean:30526.044921875, min:20939.05859375, std:4021.17919921875
Iter:478, max:40966.75390625, mean:30100.376953125, min:20247.380859375, std:4052.65869140625
Iter:479, max:43098.53515625, mean:30057.115234375, min:20540.416015625, std:3694.8056640625
Iter:480, max:45534.0390625, mean:30356.0234375, min:16503.99609375, std:4479.6142578125
Iter:481, max:43323.578125, mean:30436.2578125, min:19748.080078125, std:4303.671875
Iter:482, max:45587.421875, mean:30409.154296875, min:20029.17578125, std:4223.2060546875
Iter:483, max:39296.65625, mean:30722.828125, min:22016.83203125, std:3876.040283203125
Iter:484, max:41875.26953125, mean:30818.51953125, min:21924.712890625, std:4527.40234375
Iter:485, max:42144.57421875, mean:30645.490234375, min:23713.904296875, std:4188.71435546875
Iter:486, max:48029.4375, mean:30567.044921875, min:21838.974609375, std:4899.48681640625
Iter:487, max:45999.1328125, mean:30689.123046875, min:20458.4609375, std:4988.7216796875
Iter:488, max:41875.44140625, mean:30366.8984375, min:21359.755859375, std:3793.1953125
Iter:489, max:44206.62109375, mean:31142.6796875, min:19819.6328125, std:4268.02197265625
Iter:490, max:43152.5625, mean:30625.08203125, min:22972.65234375, std:4276.5712890625
Iter:491, max:39500.53515625, mean:30089.357421875, min:21177.03515625, std:3979.595703125
Iter:492, max:42159.91015625, mean:29942.056640625, min:21742.01953125, std:4346.47314453125
Iter:493, max:45681.4375, mean:31294.98828125, min:18912.44140625, std:5016.46826171875
Iter:494, max:51778.29296875, mean:30217.88671875, min:19049.708984375, std:4612.626953125
Iter:495, max:41817.0703125, mean:31217.107421875, min:20265.361328125, std:4350.82421875
Iter:496, max:46176.67578125, mean:30660.962890625, min:22141.763671875, std:4396.76171875
Iter:497, max:42905.515625, mean:30389.17578125, min:20780.310546875, std:4396.79736328125
Iter:498, max:46184.8359375, mean:30944.23046875, min:20843.876953125, std:4125.16162109375
Iter:499, max:41175.03515625, mean:30149.234375, min:20269.947265625, std:4039.456298828125
Iter:500, max:43489.1953125, mean:30716.89453125, min:20929.607421875, std:4648.87646484375
Iter:501, max:51701.890625, mean:31250.07421875, min:21558.8828125, std:4785.64306640625
Iter:502, max:46328.99609375, mean:30444.498046875, min:21882.77734375, std:4518.48681640625
Iter:503, max:40294.18359375, mean:30965.3203125, min:21588.2890625, std:4036.5771484375
Iter:504, max:43646.484375, mean:30016.046875, min:21120.81640625, std:4388.4609375
Iter:505, max:41588.375, mean:30598.265625, min:21361.630859375, std:4050.560791015625
Iter:506, max:46689.890625, mean:30472.150390625, min:19408.451171875, std:4725.978515625
Iter:507, max:41580.23046875, mean:30433.185546875, min:21134.873046875, std:3926.65771484375
Iter:508, max:43412.0390625, mean:30304.34375, min:19177.982421875, std:4522.298828125
Iter:509, max:42942.83984375, mean:30842.625, min:19782.115234375, std:4145.212890625
Iter:510, max:48770.1640625, mean:30695.998046875, min:19002.521484375, std:5147.10595703125
Iter:511, max:45228.37890625, mean:31699.5703125, min:22077.236328125, std:4297.91796875
Iter:512, max:43244.26171875, mean:30728.578125, min:21295.806640625, std:4591.83154296875
Iter:513, max:42990.015625, mean:30844.3359375, min:19948.576171875, std:4389.09130859375
Iter:514, max:44850.72265625, mean:30514.49609375, min:20417.044921875, std:4020.80712890625
Iter:515, max:45379.22265625, mean:31187.71484375, min:19901.27734375, std:5426.54638671875
Iter:516, max:46180.56640625, mean:30752.86328125, min:22103.046875, std:4560.61669921875
Iter:517, max:46824.87890625, mean:30930.98046875, min:21737.390625, std:4170.134765625
Iter:518, max:42933.91796875, mean:30803.912109375, min:22535.068359375, std:4010.300048828125
Iter:519, max:42994.265625, mean:30616.484375, min:18951.265625, std:4521.90625
Iter:520, max:41465.734375, mean:30396.373046875, min:20873.1640625, std:4180.34326171875
Iter:521, max:46476.015625, mean:31048.74609375, min:19482.271484375, std:4836.97119140625
Iter:522, max:42187.35546875, mean:30737.9609375, min:20664.84375, std:4617.57666015625
Iter:523, max:42974.515625, mean:30258.96875, min:18890.083984375, std:4362.810546875
Iter:524, max:43340.015625, mean:31361.408203125, min:20950.2734375, std:4132.06396484375
Iter:525, max:43086.71875, mean:30589.2734375, min:18702.859375, std:4373.6328125
Iter:526, max:43476.3203125, mean:31150.990234375, min:21420.37109375, std:4643.31494140625
Iter:527, max:44950.48046875, mean:30745.880859375, min:21211.9140625, std:4592.9990234375
Iter:528, max:45066.55859375, mean:30806.171875, min:21334.591796875, std:4705.7294921875
Iter:529, max:45612.59765625, mean:31451.275390625, min:22719.1640625, std:4249.24169921875
Iter:530, max:40209.921875, mean:30692.52734375, min:21913.2890625, std:3944.424072265625
Iter:531, max:44361.13671875, mean:30513.951171875, min:21781.3203125, std:4149.19677734375
Iter:532, max:47298.3671875, mean:31313.875, min:20109.453125, std:4706.86474609375
Iter:533, max:47882.12109375, mean:30642.189453125, min:20897.15234375, std:4410.0185546875
Iter:534, max:43496.6484375, mean:31044.140625, min:21264.740234375, std:4567.75341796875
Iter:535, max:42499.84765625, mean:31058.072265625, min:22617.671875, std:4270.900390625
Iter:536, max:43287.65234375, mean:31105.42578125, min:21051.61328125, std:4174.23046875
Iter:537, max:44110.8125, mean:31756.77734375, min:23956.23046875, std:4546.53466796875
Iter:538, max:43353.7109375, mean:30180.794921875, min:21338.654296875, std:4163.0615234375
Iter:539, max:46500.80859375, mean:30529.732421875, min:21605.6796875, std:4413.10791015625
Iter:540, max:46490.7109375, mean:30703.1875, min:21112.71875, std:4769.6884765625
Iter:541, max:41922.5234375, mean:30603.6171875, min:21550.271484375, std:4598.56201171875
Iter:542, max:45016.15234375, mean:30194.69921875, min:22213.97265625, std:4447.57177734375
Iter:543, max:47643.12109375, mean:31183.9375, min:22344.4921875, std:4201.599609375
Iter:544, max:43121.3203125, mean:31479.96875, min:22850.423828125, std:4486.87548828125
Iter:545, max:48221.734375, mean:30783.3671875, min:22003.607421875, std:4406.96630859375
Iter:546, max:49788.65625, mean:30720.419921875, min:21764.611328125, std:4571.15478515625
Iter:547, max:44838.484375, mean:32020.6875, min:20197.51953125, std:4914.90966796875
Iter:548, max:45052.37890625, mean:30977.84375, min:21383.943359375, std:5134.392578125
Iter:549, max:45592.5078125, mean:30910.87109375, min:21516.41796875, std:4627.89599609375
Iter:550, max:44444.90625, mean:31140.38671875, min:21354.83203125, std:4603.76708984375
Iter:551, max:42725.4609375, mean:31180.0234375, min:21005.134765625, std:5014.28271484375
Iter:552, max:41909.875, mean:31370.685546875, min:22023.1953125, std:4335.33203125
Iter:553, max:49172.2734375, mean:31169.37890625, min:22224.66796875, std:4715.97509765625
Iter:554, max:43076.6328125, mean:30806.36328125, min:20178.0, std:4477.97900390625
Iter:555, max:40902.80859375, mean:30693.8359375, min:21446.833984375, std:4058.739990234375
Iter:556, max:42672.6796875, mean:31907.025390625, min:23387.857421875, std:4015.138427734375
Iter:557, max:44691.7890625, mean:31005.0, min:19513.505859375, std:4491.798828125
Iter:558, max:45735.1640625, mean:31624.19921875, min:20069.1796875, std:4625.857421875
Iter:559, max:51318.14453125, mean:31090.208984375, min:20479.193359375, std:4929.5673828125
Iter:560, max:63491.90625, mean:31935.416015625, min:21424.79296875, std:5286.990234375
Iter:561, max:43683.05859375, mean:30715.462890625, min:20218.0703125, std:4348.05029296875
Iter:562, max:50325.37890625, mean:31194.455078125, min:20771.001953125, std:4912.01953125
Iter:563, max:42311.91796875, mean:31769.265625, min:22840.40234375, std:4419.75537109375
Iter:564, max:46391.5234375, mean:31303.28515625, min:23572.4921875, std:4304.484375
Iter:565, max:46042.79296875, mean:31095.2734375, min:22293.89453125, std:4347.1318359375
Iter:566, max:42132.52734375, mean:30830.826171875, min:21936.21484375, std:4444.85400390625
Iter:567, max:41032.6484375, mean:31212.669921875, min:22932.8828125, std:4365.94140625
Iter:568, max:46581.234375, mean:31179.626953125, min:20013.015625, std:4871.37548828125
Iter:569, max:43057.2734375, mean:31176.83984375, min:21316.537109375, std:4437.03564453125
Iter:570, max:47876.64453125, mean:31917.4375, min:21108.689453125, std:4558.78076171875
Iter:571, max:40484.171875, mean:30738.7578125, min:21539.66796875, std:4177.66650390625
Iter:572, max:43728.4453125, mean:31189.841796875, min:20685.279296875, std:4314.44384765625
Iter:573, max:44202.04296875, mean:31921.41796875, min:23223.7578125, std:4667.60009765625
Iter:574, max:47021.22265625, mean:31503.12109375, min:22427.5, std:4604.9501953125
Iter:575, max:44639.13671875, mean:31708.248046875, min:22003.923828125, std:4470.6318359375
Iter:576, max:42404.09375, mean:31451.8984375, min:22214.27734375, std:4437.8115234375
Iter:577, max:43649.0, mean:31025.736328125, min:20116.447265625, std:4444.4560546875
Iter:578, max:52072.8359375, mean:31817.94140625, min:21409.837890625, std:4812.60205078125
Iter:579, max:46250.984375, mean:30965.42578125, min:20940.25390625, std:4238.29052734375
Iter:580, max:44303.39453125, mean:31653.041015625, min:21506.80078125, std:4495.70068359375
Iter:581, max:40559.453125, mean:31636.193359375, min:19890.77734375, std:4248.95166015625
Iter:582, max:44785.703125, mean:31460.76171875, min:21430.91015625, std:4051.859375
Iter:583, max:45838.73828125, mean:31346.7734375, min:19539.9609375, std:4464.34130859375
Iter:584, max:44397.5078125, mean:31544.5, min:19489.849609375, std:4525.2001953125
Iter:585, max:41920.8515625, mean:31328.810546875, min:20948.244140625, std:4308.5009765625
Iter:586, max:47235.921875, mean:31757.40625, min:19507.287109375, std:4789.91796875
Iter:587, max:43644.00390625, mean:31729.990234375, min:19007.232421875, std:4475.474609375
Iter:588, max:44690.76953125, mean:31998.26171875, min:18141.224609375, std:5159.92578125
Iter:589, max:41506.4453125, mean:31468.875, min:22056.451171875, std:4110.12255859375
Iter:590, max:50772.35546875, mean:31687.15234375, min:23318.251953125, std:4539.59521484375
Iter:591, max:45289.96875, mean:31931.005859375, min:21792.447265625, std:4873.68017578125
Iter:592, max:43515.125, mean:31062.1640625, min:22073.23046875, std:4054.1669921875
Iter:593, max:41451.71484375, mean:31667.416015625, min:20899.66015625, std:4435.54931640625
Iter:594, max:44510.60546875, mean:30946.208984375, min:21561.677734375, std:4227.02587890625
Iter:595, max:43318.86328125, mean:31538.828125, min:21916.99609375, std:4243.87939453125
Iter:596, max:43127.8359375, mean:31870.611328125, min:21119.126953125, std:4333.10400390625
Iter:597, max:41748.84765625, mean:32027.224609375, min:22517.03125, std:4450.76953125
Iter:598, max:47446.33984375, mean:31663.33203125, min:19705.77734375, std:5022.24462890625
Iter:599, max:41576.296875, mean:31490.845703125, min:23903.9296875, std:3990.22705078125
Iter:600, max:46870.8046875, mean:31658.02734375, min:17231.5234375, std:4638.5361328125
Iter:601, max:46356.70703125, mean:31955.8046875, min:21920.826171875, std:4548.59521484375
Iter:602, max:46988.328125, mean:32424.43359375, min:20703.677734375, std:4478.26953125
Iter:603, max:44477.046875, mean:31772.869140625, min:19558.287109375, std:4808.48046875
Iter:604, max:44618.8984375, mean:31798.31640625, min:22506.140625, std:4694.29833984375
Iter:605, max:45960.47265625, mean:31568.83984375, min:18739.86328125, std:4365.01513671875
Iter:606, max:44871.06640625, mean:31496.265625, min:23008.572265625, std:4283.48095703125
Iter:607, max:43916.4140625, mean:31738.09375, min:22657.2890625, std:4471.16748046875
Iter:608, max:44373.6875, mean:31817.93359375, min:22050.66015625, std:4265.81005859375
Iter:609, max:45595.00390625, mean:31662.625, min:23075.44140625, std:4340.7021484375
Iter:610, max:41140.17578125, mean:31192.99609375, min:21895.41796875, std:4134.11962890625
Iter:611, max:45089.21875, mean:31045.287109375, min:20626.712890625, std:4531.5830078125
Iter:612, max:48337.62109375, mean:31339.34765625, min:21284.1953125, std:4264.73486328125
Iter:613, max:40626.22265625, mean:30941.2890625, min:23077.810546875, std:3758.0634765625
Iter:614, max:46347.359375, mean:31402.830078125, min:23422.337890625, std:4248.7939453125
Iter:615, max:42394.16796875, mean:31535.65625, min:22419.890625, std:4027.671875
Iter:616, max:48890.44921875, mean:31552.34375, min:22008.1328125, std:4690.54345703125
Iter:617, max:43133.890625, mean:31193.03515625, min:24074.60546875, std:3970.42919921875
Iter:618, max:42466.55078125, mean:31367.69921875, min:20908.978515625, std:4322.02685546875
Iter:619, max:42884.76953125, mean:31633.884765625, min:21833.873046875, std:3909.893798828125
Iter:620, max:49226.22265625, mean:31237.294921875, min:16122.7744140625, std:4628.04638671875
Iter:621, max:46431.8125, mean:31206.37890625, min:21210.099609375, std:4238.37744140625
Iter:622, max:41269.9921875, mean:31077.39453125, min:22464.43359375, std:4394.97021484375
Iter:623, max:43609.78125, mean:31950.05078125, min:21120.09765625, std:4930.0458984375
Iter:624, max:42269.35546875, mean:31516.87109375, min:21487.09765625, std:4120.9365234375
Iter:625, max:44311.23046875, mean:31920.787109375, min:22265.4453125, std:4259.88330078125
Iter:626, max:42306.078125, mean:31455.19140625, min:20987.8359375, std:3755.693115234375
Iter:627, max:42718.93359375, mean:31580.00390625, min:21505.421875, std:4494.56787109375
Iter:628, max:45344.85546875, mean:31528.923828125, min:23168.796875, std:4506.96484375
Iter:629, max:44055.96484375, mean:31344.013671875, min:22585.212890625, std:4174.89208984375
Iter:630, max:48890.42578125, mean:31689.44140625, min:20943.466796875, std:4746.45166015625
Iter:631, max:51184.1953125, mean:31987.89453125, min:23449.072265625, std:4712.7548828125
Iter:632, max:44175.5, mean:31585.37890625, min:20054.33203125, std:4056.171875
Iter:633, max:45504.07421875, mean:31195.587890625, min:19665.185546875, std:4154.3642578125
Iter:634, max:43942.1875, mean:31760.986328125, min:21800.9296875, std:4648.9931640625
Iter:635, max:45541.1328125, mean:30772.59375, min:21179.203125, std:4293.11767578125
Iter:636, max:45986.234375, mean:32260.177734375, min:21598.740234375, std:4544.5322265625
Iter:637, max:42971.80859375, mean:31206.390625, min:23732.298828125, std:4089.44873046875
Iter:638, max:43714.30859375, mean:31876.03515625, min:21793.5859375, std:4440.37548828125
Iter:639, max:45371.015625, mean:31923.37109375, min:24237.94140625, std:4401.91015625
Iter:640, max:45908.15234375, mean:31324.8359375, min:20423.400390625, std:4654.51513671875
Iter:641, max:45572.80859375, mean:31205.90625, min:20942.0078125, std:4251.5810546875
Iter:642, max:43254.91015625, mean:31855.82421875, min:23443.017578125, std:4143.802734375
Iter:643, max:45726.5859375, mean:31718.27734375, min:21130.822265625, std:4560.88818359375
Iter:644, max:44929.4765625, mean:31572.962890625, min:21504.486328125, std:4219.49365234375
Iter:645, max:45384.17578125, mean:31021.4765625, min:19389.73046875, std:4679.19287109375
Iter:646, max:47549.96484375, mean:31183.181640625, min:20610.658203125, std:4857.705078125
Iter:647, max:43796.58984375, mean:31332.173828125, min:20591.71875, std:4714.69677734375
Iter:648, max:44959.828125, mean:31326.74609375, min:21022.072265625, std:4446.99462890625
Iter:649, max:42312.6875, mean:31489.50390625, min:22214.279296875, std:4026.643310546875
Iter:650, max:42977.36328125, mean:31843.50390625, min:22640.830078125, std:4470.212890625
Iter:651, max:47059.36328125, mean:31798.03125, min:19136.40625, std:4703.30517578125
Iter:652, max:44815.90625, mean:31834.947265625, min:17507.1875, std:4511.45703125
Iter:653, max:42485.40625, mean:30636.78125, min:19648.84765625, std:4567.46044921875
Iter:654, max:48110.68359375, mean:31268.478515625, min:20349.53125, std:5061.38427734375
Iter:655, max:48536.49609375, mean:31825.87109375, min:22017.796875, std:4799.81689453125
Iter:656, max:45128.3671875, mean:32312.02734375, min:22079.0625, std:4448.53564453125
Iter:657, max:41533.3671875, mean:30961.68359375, min:21079.3203125, std:4277.04296875
Iter:658, max:40046.71875, mean:31147.62109375, min:20584.8203125, std:4188.30224609375
Iter:659, max:45451.8828125, mean:31554.517578125, min:22157.8046875, std:4571.1240234375
Iter:660, max:43004.921875, mean:30920.51953125, min:21028.412109375, std:4317.95703125
Iter:661, max:43498.32421875, mean:32215.390625, min:21946.59765625, std:4583.09521484375
Iter:662, max:53976.97265625, mean:31482.10546875, min:20377.70703125, std:4919.56298828125
Iter:663, max:44238.15625, mean:31063.00390625, min:21404.05078125, std:4376.48193359375
Iter:664, max:41063.30078125, mean:30717.8203125, min:21733.439453125, std:4245.11328125
Iter:665, max:43102.03515625, mean:31437.203125, min:21523.875, std:4305.18505859375
Iter:666, max:44338.7734375, mean:31498.6328125, min:21587.35546875, std:4524.7861328125
Iter:667, max:43971.12890625, mean:31144.375, min:22653.732421875, std:4173.78173828125
Iter:668, max:48390.40625, mean:31636.62890625, min:22929.62890625, std:5096.0693359375
Iter:669, max:48382.2734375, mean:31524.494140625, min:22040.248046875, std:4921.09521484375
Iter:670, max:44691.04296875, mean:31930.39453125, min:22518.8203125, std:4449.72509765625
Iter:671, max:42315.21484375, mean:31422.875, min:23054.3359375, std:4171.1904296875
Iter:672, max:48881.43359375, mean:31993.171875, min:20431.556640625, std:4533.87939453125
Iter:673, max:46242.1953125, mean:31821.43359375, min:19171.966796875, std:4712.150390625
Iter:674, max:47441.41015625, mean:31689.5078125, min:23658.55078125, std:4470.8310546875
Iter:675, max:41961.68359375, mean:31367.7265625, min:20403.369140625, std:4170.08544921875
Iter:676, max:45331.4765625, mean:31774.15625, min:22987.083984375, std:4507.04833984375
Iter:677, max:43977.28515625, mean:31708.9453125, min:20517.935546875, std:4789.67626953125
Iter:678, max:43391.5, mean:31613.32421875, min:21524.478515625, std:4347.3203125
Iter:679, max:57265.9453125, mean:31539.326171875, min:24331.560546875, std:4493.4521484375
Iter:680, max:47262.7578125, mean:31950.40234375, min:21750.517578125, std:4528.3720703125
Iter:681, max:46632.40625, mean:30809.9296875, min:22107.90625, std:4578.38427734375
Iter:682, max:42918.4765625, mean:31705.08984375, min:21771.388671875, std:4380.31494140625
Iter:683, max:43552.40625, mean:31446.5234375, min:21033.458984375, std:4643.55908203125
Iter:684, max:44974.8671875, mean:31330.1015625, min:21659.28125, std:4533.8486328125
Iter:685, max:45396.59765625, mean:31334.568359375, min:21729.482421875, std:4248.9765625
Iter:686, max:45462.16015625, mean:31647.677734375, min:20979.083984375, std:4488.8330078125
Iter:687, max:42821.0625, mean:32032.99609375, min:21537.900390625, std:4534.2431640625
Iter:688, max:43886.140625, mean:31669.40625, min:22979.412109375, std:4301.54248046875
Iter:689, max:46874.30078125, mean:32090.64453125, min:22131.19140625, std:4697.94384765625
Iter:690, max:41130.71875, mean:31792.81640625, min:23953.49609375, std:3801.055908203125
Iter:691, max:48282.25390625, mean:32607.0390625, min:19470.591796875, std:4590.5390625
Iter:692, max:42947.86328125, mean:31352.607421875, min:22880.08203125, std:4269.84912109375
Iter:693, max:51495.13671875, mean:32292.82421875, min:23220.208984375, std:4351.29345703125
Iter:694, max:45785.9609375, mean:32497.0859375, min:20126.439453125, std:4807.5849609375
Iter:695, max:44485.28515625, mean:31377.6875, min:22797.82421875, std:4671.11376953125
Iter:696, max:48370.82421875, mean:31428.37109375, min:22534.236328125, std:4773.8974609375
Iter:697, max:43404.54296875, mean:31365.74609375, min:20493.154296875, std:4224.84716796875
Iter:698, max:43399.4296875, mean:32256.359375, min:21749.61328125, std:4514.8076171875
Iter:699, max:50247.25390625, mean:32422.607421875, min:22061.810546875, std:4746.458984375
Iter:700, max:42977.0546875, mean:31407.6796875, min:19843.767578125, std:4660.67236328125
Iter:701, max:48149.02734375, mean:31735.26953125, min:22250.138671875, std:4596.11181640625
Iter:702, max:41951.83984375, mean:31568.58984375, min:20912.59765625, std:4340.3896484375
Iter:703, max:45253.21875, mean:32044.57421875, min:21432.509765625, std:4612.0185546875
Iter:704, max:44905.359375, mean:31993.87109375, min:24368.77734375, std:4374.80419921875
Iter:705, max:44691.6875, mean:32120.58984375, min:21500.4609375, std:4666.9599609375
Iter:706, max:44096.7578125, mean:31760.484375, min:20778.578125, std:4533.3837890625
Iter:707, max:50443.36328125, mean:31853.44921875, min:20945.671875, std:5016.43310546875
Iter:708, max:45058.48828125, mean:31689.6171875, min:21111.2109375, std:4082.758544921875
Iter:709, max:51595.6796875, mean:31412.916015625, min:23115.453125, std:4636.57958984375
Iter:710, max:48008.1328125, mean:31253.353515625, min:19323.21484375, std:4492.93408203125
Iter:711, max:43789.87890625, mean:31295.091796875, min:21732.46484375, std:4327.80908203125
Iter:712, max:46312.23046875, mean:31869.81640625, min:20886.466796875, std:4826.29150390625
Iter:713, max:45096.35546875, mean:31714.70703125, min:20508.00390625, std:4816.08935546875
Iter:714, max:54609.5390625, mean:32377.841796875, min:18066.068359375, std:5764.75439453125
Iter:715, max:44669.8671875, mean:32324.109375, min:19684.51953125, std:4759.34912109375
Iter:716, max:43800.87890625, mean:31460.763671875, min:22992.314453125, std:4674.33349609375
Iter:717, max:44889.046875, mean:32305.26171875, min:22355.087890625, std:4076.504638671875
Iter:718, max:41890.0546875, mean:31525.2265625, min:20114.21875, std:4054.338623046875
Iter:719, max:46433.296875, mean:31533.6640625, min:21220.71484375, std:4498.095703125
Iter:720, max:45505.38671875, mean:32184.37109375, min:22522.978515625, std:4463.03076171875
Iter:721, max:43982.05859375, mean:31301.763671875, min:22186.935546875, std:4611.15625
Iter:722, max:44969.33984375, mean:31976.318359375, min:22098.84375, std:4530.83203125
Iter:723, max:42310.09765625, mean:31437.4140625, min:21952.6796875, std:4584.1904296875
Iter:724, max:41971.6171875, mean:31111.2734375, min:20141.099609375, std:4319.27587890625
Iter:725, max:46025.30859375, mean:31629.974609375, min:22598.00390625, std:4487.59033203125
Iter:726, max:41934.38671875, mean:31748.0, min:20414.26953125, std:4281.72119140625
Iter:727, max:51259.62109375, mean:31381.978515625, min:20938.41796875, std:5206.78076171875
Iter:728, max:52845.0625, mean:31560.556640625, min:22276.83984375, std:4669.85107421875
Iter:729, max:43274.125, mean:31779.76171875, min:21412.599609375, std:4252.99072265625
Iter:730, max:48303.59375, mean:32366.453125, min:23022.271484375, std:4626.7080078125
Iter:731, max:50240.6953125, mean:32071.734375, min:21820.677734375, std:4942.1796875
Iter:732, max:44437.94921875, mean:31582.224609375, min:23108.853515625, std:4229.97412109375
Iter:733, max:42402.984375, mean:31932.3671875, min:22583.03515625, std:3778.353515625
Iter:734, max:50710.125, mean:31316.8984375, min:21977.24609375, std:4362.30224609375
Iter:735, max:49313.09375, mean:31778.33203125, min:22811.02734375, std:4553.482421875
Iter:736, max:51174.25, mean:31683.37890625, min:20322.619140625, std:5065.1796875
Iter:737, max:42355.90625, mean:31088.078125, min:22524.71875, std:4299.46923828125
Iter:738, max:47760.98046875, mean:32273.67578125, min:23452.84375, std:4695.14306640625
Iter:739, max:47477.57421875, mean:32102.6015625, min:21994.814453125, std:4641.39990234375
Iter:740, max:45169.57421875, mean:31850.8984375, min:21565.46875, std:4737.02734375
Iter:741, max:46940.5546875, mean:31848.421875, min:20568.974609375, std:4460.91455078125
Iter:742, max:46294.1953125, mean:31598.966796875, min:22445.197265625, std:4429.453125
Iter:743, max:43795.7109375, mean:31991.0859375, min:21583.869140625, std:4397.3447265625
Iter:744, max:47128.41796875, mean:31856.87109375, min:21236.841796875, std:4089.10546875
Iter:745, max:50110.125, mean:32671.591796875, min:22507.9140625, std:4941.81640625
Iter:746, max:46099.47265625, mean:31505.1015625, min:21003.599609375, std:4305.34423828125
Iter:747, max:43903.5, mean:31459.298828125, min:21038.5546875, std:4449.7919921875
Iter:748, max:44055.515625, mean:31727.775390625, min:22032.57421875, std:4099.10888671875
Iter:749, max:43202.50390625, mean:31725.32421875, min:22481.296875, std:4464.3232421875
Iter:750, max:48690.734375, mean:31934.962890625, min:21567.79296875, std:4302.826171875
Iter:751, max:45783.71875, mean:32329.93359375, min:20693.75390625, std:4576.185546875
Iter:752, max:44893.08984375, mean:31758.712890625, min:19848.46875, std:4577.46875
Iter:753, max:43797.51953125, mean:31935.28515625, min:23839.666015625, std:4336.13623046875
Iter:754, max:43829.1875, mean:31940.66796875, min:22224.244140625, std:4652.81640625
Iter:755, max:48099.34765625, mean:31926.578125, min:19941.130859375, std:4851.11328125
Iter:756, max:43285.4296875, mean:32095.3828125, min:20098.9296875, std:4116.689453125
Iter:757, max:43482.69140625, mean:31795.69921875, min:22388.548828125, std:4301.50537109375
Iter:758, max:42729.53515625, mean:31543.27734375, min:20615.935546875, std:4790.05712890625
Iter:759, max:42635.7265625, mean:31320.111328125, min:20873.30859375, std:4867.77099609375
Iter:760, max:43633.10546875, mean:31271.921875, min:22676.6484375, std:4626.80810546875
Iter:761, max:49112.78125, mean:32057.74609375, min:20399.970703125, std:4825.7353515625
Iter:762, max:43975.59375, mean:32155.6953125, min:20229.76953125, std:4405.2880859375
Iter:763, max:49274.34765625, mean:31387.71875, min:18672.341796875, std:4769.9814453125
Iter:764, max:46680.0078125, mean:32204.7578125, min:22412.98046875, std:4569.947265625
Iter:765, max:46659.26171875, mean:32584.349609375, min:23778.109375, std:4520.50537109375
Iter:766, max:48266.2109375, mean:31522.5390625, min:16822.626953125, std:4786.259765625
Iter:767, max:44582.6875, mean:31981.75390625, min:21683.7890625, std:4766.18408203125
Iter:768, max:47777.2734375, mean:32073.51171875, min:20757.0703125, std:4615.873046875
Iter:769, max:42898.67578125, mean:32313.919921875, min:23408.87109375, std:4252.27001953125
Iter:770, max:45890.6171875, mean:32179.52734375, min:21624.306640625, std:4987.53564453125
Iter:771, max:46752.86328125, mean:31503.609375, min:21064.00390625, std:4385.62158203125
Iter:772, max:47151.90625, mean:32088.53515625, min:22851.107421875, std:4533.447265625
Iter:773, max:46713.1796875, mean:32090.33984375, min:20137.654296875, std:4948.0986328125
Iter:774, max:44715.828125, mean:32324.818359375, min:20349.564453125, std:4516.0498046875
Iter:775, max:45495.546875, mean:31906.212890625, min:20417.54296875, std:4458.82421875
Iter:776, max:46593.6875, mean:32275.044921875, min:22902.068359375, std:4436.99755859375
Iter:777, max:46715.6640625, mean:30981.630859375, min:17568.685546875, std:4752.55224609375
Iter:778, max:44594.609375, mean:32693.578125, min:24399.658203125, std:4244.17333984375
Iter:779, max:49897.2734375, mean:32082.0, min:22615.556640625, std:4670.0068359375
Iter:780, max:48112.83984375, mean:32076.34375, min:23170.76171875, std:4491.95166015625
Iter:781, max:44255.0625, mean:31744.234375, min:20481.01953125, std:4444.46337890625
Iter:782, max:44491.44140625, mean:32019.71875, min:22360.19921875, std:4215.1689453125
Iter:783, max:43782.9296875, mean:31728.181640625, min:20786.02734375, std:4630.8515625
Iter:784, max:42943.87109375, mean:31186.2421875, min:21174.693359375, std:4378.38525390625
Iter:785, max:43777.31640625, mean:31566.21875, min:20933.763671875, std:4641.2392578125
Iter:786, max:45378.59375, mean:31000.26953125, min:19947.873046875, std:4476.53662109375
Iter:787, max:46391.39453125, mean:32432.095703125, min:22789.04296875, std:4671.5712890625
Iter:788, max:49166.359375, mean:32164.4140625, min:20697.7265625, std:4615.935546875
Iter:789, max:43072.234375, mean:31813.45703125, min:22712.091796875, std:4375.572265625
Iter:790, max:48738.69921875, mean:32003.50390625, min:24058.68359375, std:4334.255859375
Iter:791, max:47628.7109375, mean:32265.171875, min:21708.716796875, std:4737.86279296875
Iter:792, max:41776.26171875, mean:31418.71875, min:22528.4609375, std:4168.798828125
Iter:793, max:43888.1875, mean:31209.560546875, min:19964.666015625, std:4427.9375
Iter:794, max:42149.390625, mean:31438.0546875, min:21678.71484375, std:4064.192626953125
Iter:795, max:45768.09765625, mean:32582.5390625, min:22664.509765625, std:4492.84521484375
Iter:796, max:45027.79296875, mean:32451.77734375, min:20170.107421875, std:4571.90576171875
Iter:797, max:44188.66796875, mean:31647.7890625, min:22191.740234375, std:4332.10546875
Iter:798, max:50892.90234375, mean:32349.3125, min:22447.09375, std:4878.14892578125
Iter:799, max:46203.8671875, mean:31850.24609375, min:21306.8359375, std:4973.48486328125
Iter:800, max:45386.390625, mean:32407.8984375, min:19710.525390625, std:4276.171875
Iter:801, max:40497.16015625, mean:30708.546875, min:22525.73828125, std:3937.64794921875
Iter:802, max:49366.3671875, mean:32437.98828125, min:20949.091796875, std:4794.17529296875
Iter:803, max:41715.171875, mean:31933.2265625, min:20885.224609375, std:4140.8251953125
Iter:804, max:45069.80078125, mean:32117.525390625, min:22264.271484375, std:4781.5966796875
Iter:805, max:45724.60546875, mean:31450.80859375, min:21746.05078125, std:4459.1962890625
Iter:806, max:44720.4921875, mean:32123.294921875, min:23158.033203125, std:4397.462890625
Iter:807, max:45628.3671875, mean:31570.2421875, min:19523.697265625, std:4705.248046875
Iter:808, max:47277.5390625, mean:32190.55078125, min:19492.171875, std:4839.0888671875
Iter:809, max:44923.609375, mean:31640.984375, min:20906.91796875, std:4334.453125
Iter:810, max:44774.69921875, mean:31975.1171875, min:22599.974609375, std:4814.32958984375
Iter:811, max:47890.61328125, mean:31830.2109375, min:19162.560546875, std:4759.65673828125
Iter:812, max:44817.578125, mean:32235.390625, min:21941.67578125, std:4758.52392578125
Iter:813, max:41501.9375, mean:31892.79296875, min:20740.08203125, std:3957.713623046875
Iter:814, max:44046.68359375, mean:31453.28515625, min:21203.853515625, std:4546.669921875
Iter:815, max:64978.73828125, mean:31478.71875, min:20529.900390625, std:5567.380859375
Iter:816, max:45889.63671875, mean:31811.896484375, min:21577.9921875, std:5281.94921875
Iter:817, max:44995.296875, mean:32218.248046875, min:19476.984375, std:4643.369140625
Iter:818, max:44885.27734375, mean:31501.265625, min:21311.224609375, std:4445.93115234375
Iter:819, max:45147.73828125, mean:31771.3359375, min:22084.640625, std:4650.46923828125
Iter:820, max:43672.9921875, mean:31809.7109375, min:22497.154296875, std:4918.55419921875
Iter:821, max:44477.62890625, mean:31735.921875, min:21395.779296875, std:4456.8408203125
Iter:822, max:47832.04296875, mean:32016.59375, min:21357.955078125, std:5040.22998046875
Iter:823, max:49424.85546875, mean:31683.28515625, min:21050.6796875, std:5081.55322265625
Iter:824, max:48244.68359375, mean:32728.091796875, min:22046.779296875, std:4825.07861328125
Iter:825, max:43898.3515625, mean:31214.572265625, min:19118.185546875, std:4616.7919921875
Iter:826, max:45568.69921875, mean:31962.7421875, min:21465.95703125, std:4262.6005859375
Iter:827, max:51024.1484375, mean:31883.490234375, min:23645.583984375, std:4823.59716796875
Iter:828, max:45967.7109375, mean:31905.89453125, min:22196.44921875, std:4634.55810546875
Iter:829, max:49508.5078125, mean:32435.96875, min:21508.998046875, std:5114.67578125
Iter:830, max:50438.48828125, mean:32184.0625, min:22076.861328125, std:4729.46044921875
Iter:831, max:43103.93359375, mean:32308.74609375, min:20903.17578125, std:4452.3076171875
Iter:832, max:49413.4453125, mean:31501.2109375, min:21197.51953125, std:4565.1796875
Iter:833, max:45137.34765625, mean:31821.462890625, min:22827.72265625, std:4206.11962890625
Iter:834, max:58981.44921875, mean:32302.966796875, min:22048.31640625, std:5221.18359375
Iter:835, max:47324.54296875, mean:32188.19921875, min:22969.818359375, std:4548.3486328125
Iter:836, max:47006.21484375, mean:32372.076171875, min:21812.3046875, std:5168.27197265625
Iter:837, max:43697.24609375, mean:31915.265625, min:18748.283203125, std:4793.72607421875
Iter:838, max:48100.34765625, mean:31830.8515625, min:22831.453125, std:4321.02490234375
Iter:839, max:43303.2890625, mean:32285.90234375, min:22013.6328125, std:4262.10302734375
Iter:840, max:51622.89453125, mean:31593.861328125, min:20662.419921875, std:4160.64306640625
Iter:841, max:45487.28515625, mean:32083.2578125, min:18512.892578125, std:4699.9501953125
Iter:842, max:46502.0234375, mean:31455.7109375, min:20646.138671875, std:4530.66357421875
Iter:843, max:44952.125, mean:31735.93359375, min:20926.482421875, std:4395.57568359375
Iter:844, max:43442.23046875, mean:32236.763671875, min:22760.40234375, std:4628.11083984375
Iter:845, max:43373.6484375, mean:31837.015625, min:21245.779296875, std:4967.4296875
Iter:846, max:42684.49609375, mean:32007.087890625, min:21116.001953125, std:4474.9501953125
Iter:847, max:49321.30078125, mean:32096.46484375, min:20328.16015625, std:5097.66455078125
Iter:848, max:49514.95703125, mean:32551.37109375, min:21856.416015625, std:4981.8056640625
Iter:849, max:48429.32421875, mean:32231.44921875, min:23038.720703125, std:4821.66064453125
Iter:850, max:42093.41796875, mean:31868.056640625, min:20924.396484375, std:4727.99609375
Iter:851, max:53542.49609375, mean:32135.626953125, min:22653.966796875, std:5011.15673828125
Iter:852, max:49355.34765625, mean:31530.630859375, min:21681.98046875, std:4646.73193359375
Iter:853, max:57253.140625, mean:31963.91796875, min:20653.576171875, std:4920.21826171875
Iter:854, max:44356.5078125, mean:33066.58203125, min:22815.150390625, std:4331.0732421875
Iter:855, max:46550.578125, mean:32121.279296875, min:20448.46484375, std:4882.15625
Iter:856, max:43650.27734375, mean:32497.35546875, min:22263.546875, std:4401.56201171875
Iter:857, max:43236.62890625, mean:32359.890625, min:20994.6953125, std:4457.40576171875
Iter:858, max:48877.49609375, mean:32302.57421875, min:21831.28515625, std:4897.54052734375
Iter:859, max:44763.37890625, mean:32143.74609375, min:20792.16015625, std:4439.86328125
Iter:860, max:46523.4140625, mean:32477.79296875, min:22809.263671875, std:4594.0263671875
Iter:861, max:55047.63671875, mean:32233.865234375, min:20644.1796875, std:5200.18798828125
Iter:862, max:45662.390625, mean:32884.33984375, min:20635.056640625, std:4403.36962890625
Iter:863, max:47834.28125, mean:32770.7421875, min:20988.0625, std:4813.6552734375
Iter:864, max:48558.26953125, mean:32388.5703125, min:21586.041015625, std:4690.56982421875
Iter:865, max:47183.8046875, mean:31898.70703125, min:19558.447265625, std:4545.89599609375
Iter:866, max:44540.7109375, mean:32829.88671875, min:22313.236328125, std:4017.337158203125
Iter:867, max:43522.60546875, mean:32065.28125, min:20479.373046875, std:4380.06005859375
Iter:868, max:42199.44140625, mean:31604.517578125, min:21713.001953125, std:4195.20556640625
Iter:869, max:44727.390625, mean:32518.740234375, min:23653.052734375, std:4391.7744140625
Iter:870, max:52129.921875, mean:32575.42578125, min:21809.716796875, std:4698.3623046875
Iter:871, max:43817.76953125, mean:32369.5546875, min:22443.486328125, std:4490.384765625
Iter:872, max:45056.9375, mean:32243.59375, min:22551.90234375, std:4368.625
Iter:873, max:44988.29296875, mean:31952.00390625, min:21425.283203125, std:4222.0498046875
Iter:874, max:42701.98046875, mean:31848.5390625, min:21304.02734375, std:4786.966796875
Iter:875, max:43191.39453125, mean:31629.322265625, min:21003.72265625, std:4145.21484375
Iter:876, max:47623.7734375, mean:32278.3828125, min:23802.73046875, std:4756.43701171875
Iter:877, max:45898.21484375, mean:31895.0078125, min:20847.353515625, std:4524.84521484375
Iter:878, max:46795.7578125, mean:32673.1640625, min:22082.0703125, std:4695.25634765625
Iter:879, max:47156.79296875, mean:32158.5234375, min:22735.11328125, std:5001.70703125
Iter:880, max:46871.7734375, mean:32624.220703125, min:23401.38671875, std:4953.9794921875
Iter:881, max:44220.56640625, mean:32983.3671875, min:21711.474609375, std:4406.08447265625
Iter:882, max:51270.390625, mean:32654.5234375, min:20491.7734375, std:5039.59912109375
Iter:883, max:41201.93359375, mean:32085.81640625, min:23465.115234375, std:4117.7509765625
Iter:884, max:45230.91796875, mean:32577.134765625, min:21283.474609375, std:4803.70654296875
Iter:885, max:46191.3359375, mean:32038.11328125, min:24246.830078125, std:4193.578125
Iter:886, max:47193.64453125, mean:32161.0546875, min:23262.998046875, std:3980.27001953125
Iter:887, max:45882.26953125, mean:32974.9765625, min:22103.029296875, std:4803.08154296875
Iter:888, max:49532.58984375, mean:32619.111328125, min:21227.279296875, std:4800.2392578125
Iter:889, max:42045.70703125, mean:32392.45703125, min:21363.98828125, std:3949.84521484375
Iter:890, max:45116.9765625, mean:32569.8046875, min:22364.072265625, std:4722.970703125
Iter:891, max:47773.23046875, mean:32088.8515625, min:21259.80078125, std:4383.37841796875
Iter:892, max:42347.8671875, mean:32388.283203125, min:23231.291015625, std:4574.3818359375
Iter:893, max:46687.203125, mean:31423.765625, min:22231.1875, std:4563.95654296875
Iter:894, max:48107.0390625, mean:32817.625, min:21716.611328125, std:4941.39794921875
Iter:895, max:48216.03515625, mean:32880.3828125, min:22850.271484375, std:4568.5380859375
Iter:896, max:49492.046875, mean:32305.76953125, min:23052.49609375, std:4569.4248046875
Iter:897, max:44976.01953125, mean:31574.353515625, min:20098.333984375, std:4641.380859375
Iter:898, max:46253.5546875, mean:31624.896484375, min:18787.580078125, std:4814.74169921875
Iter:899, max:50888.81640625, mean:32915.64453125, min:22658.01953125, std:4734.2255859375
Iter:900, max:46655.15234375, mean:32673.185546875, min:23476.392578125, std:4708.1171875
Iter:901, max:46804.90234375, mean:32765.140625, min:20078.705078125, std:4859.958984375
Iter:902, max:49506.6640625, mean:33029.3046875, min:22906.6953125, std:4822.29736328125
Iter:903, max:45846.6484375, mean:32097.546875, min:23120.076171875, std:4668.8056640625
Iter:904, max:43428.5859375, mean:32821.9296875, min:22614.634765625, std:4474.7060546875
Iter:905, max:47433.75390625, mean:32169.33984375, min:19544.248046875, std:5394.27783203125
Iter:906, max:45735.9609375, mean:32693.70703125, min:23231.712890625, std:4763.43310546875
Iter:907, max:44121.125, mean:32868.7265625, min:23308.876953125, std:4675.015625
Iter:908, max:48461.3671875, mean:32492.97265625, min:20954.560546875, std:4843.41259765625
Iter:909, max:45609.56640625, mean:32683.8203125, min:24043.439453125, std:4681.939453125
Iter:910, max:45732.1171875, mean:31814.919921875, min:20453.478515625, std:4596.16748046875
Iter:911, max:49488.546875, mean:32568.517578125, min:22819.923828125, std:5269.5
Iter:912, max:48958.08203125, mean:32738.69140625, min:20792.228515625, std:5008.9140625
Iter:913, max:47988.4375, mean:32564.4921875, min:22085.853515625, std:4526.1357421875
Iter:914, max:46987.53515625, mean:31903.5234375, min:21580.046875, std:4583.33740234375
Iter:915, max:49713.4921875, mean:32949.953125, min:23031.88671875, std:4414.8388671875
Iter:916, max:45510.8125, mean:32368.390625, min:22210.962890625, std:4888.94970703125
Iter:917, max:45954.40234375, mean:33385.71484375, min:18451.375, std:5143.3505859375
Iter:918, max:47070.98046875, mean:32419.318359375, min:22254.9296875, std:5074.63916015625
Iter:919, max:44188.62890625, mean:32739.85546875, min:23759.9296875, std:4926.82373046875
Iter:920, max:46345.5078125, mean:33245.9296875, min:21633.013671875, std:5041.86376953125
Iter:921, max:48123.58984375, mean:33522.24609375, min:22895.251953125, std:4762.1826171875
Iter:922, max:51915.90625, mean:33103.10546875, min:23581.9140625, std:4749.64111328125
Iter:923, max:45144.6875, mean:32760.095703125, min:19605.939453125, std:4980.00341796875
Iter:924, max:49898.90625, mean:32624.138671875, min:20829.169921875, std:5544.52880859375
Iter:925, max:49538.61328125, mean:32533.75, min:23112.27734375, std:4857.3984375
Iter:926, max:43306.80859375, mean:32646.94140625, min:19717.466796875, std:4498.17138671875
Iter:927, max:49094.5234375, mean:32572.86328125, min:21359.33984375, std:5337.0517578125
Iter:928, max:51259.7734375, mean:33600.9453125, min:22109.083984375, std:5642.58740234375
Iter:929, max:53453.03515625, mean:34395.375, min:20138.494140625, std:4937.6005859375
Iter:930, max:49858.27734375, mean:32346.0, min:20866.154296875, std:4135.5673828125
Iter:931, max:49658.05859375, mean:33274.109375, min:24168.9375, std:4950.45166015625
Iter:932, max:48740.55859375, mean:33101.953125, min:24340.484375, std:4715.96533203125
Iter:933, max:49926.43359375, mean:33016.81640625, min:23296.185546875, std:4997.2939453125
Iter:934, max:47534.12109375, mean:32860.4453125, min:23179.67578125, std:4860.24169921875
Iter:935, max:46802.046875, mean:32949.703125, min:19510.248046875, std:5070.1630859375
Iter:936, max:51019.07421875, mean:31884.11328125, min:21592.62890625, std:4828.40966796875
Iter:937, max:46916.19921875, mean:33477.72265625, min:22181.7265625, std:4910.77490234375
Iter:938, max:47012.01953125, mean:32661.720703125, min:22867.392578125, std:4726.2509765625
Iter:939, max:44604.14453125, mean:32968.4140625, min:23014.26953125, std:4883.59912109375
Iter:940, max:45815.80078125, mean:32504.611328125, min:21643.548828125, std:4874.484375
Iter:941, max:45890.08984375, mean:32942.78515625, min:20623.125, std:4852.4287109375
Iter:942, max:45964.65234375, mean:32521.05078125, min:22874.869140625, std:4932.69384765625
Iter:943, max:48603.86328125, mean:33446.46875, min:18302.150390625, std:5266.84130859375
Iter:944, max:48632.20703125, mean:33652.1953125, min:24053.6796875, std:5153.41064453125
Iter:945, max:48202.83203125, mean:32706.93359375, min:20835.619140625, std:5403.0693359375
Iter:946, max:46859.2578125, mean:33149.09375, min:22371.70703125, std:4940.818359375
Iter:947, max:47647.48828125, mean:32406.24609375, min:22470.103515625, std:5056.47802734375
Iter:948, max:51815.8203125, mean:33046.515625, min:19329.13671875, std:5314.00732421875
Iter:949, max:48907.3046875, mean:32757.923828125, min:23550.23046875, std:4892.666015625
Iter:950, max:46024.17578125, mean:33289.36328125, min:23957.583984375, std:4610.63720703125
Iter:951, max:45814.06640625, mean:32655.58984375, min:22192.150390625, std:4920.48828125
Iter:952, max:43254.25390625, mean:33608.0703125, min:21054.767578125, std:4661.81396484375
Iter:953, max:44331.48828125, mean:33278.9140625, min:23480.48046875, std:4821.48046875
Iter:954, max:49252.11328125, mean:33033.046875, min:21307.708984375, std:4800.86865234375
Iter:955, max:47801.77734375, mean:33359.9765625, min:22444.302734375, std:4903.50439453125
Iter:956, max:44062.97265625, mean:32579.62890625, min:21900.88671875, std:4967.564453125
Iter:957, max:43956.73046875, mean:32933.34375, min:24094.109375, std:3904.32958984375
Iter:958, max:48914.078125, mean:33442.984375, min:21154.494140625, std:5850.11474609375
Iter:959, max:46345.62890625, mean:33824.109375, min:25157.318359375, std:4921.36279296875
Iter:960, max:45786.9921875, mean:33129.59375, min:21802.37109375, std:4521.80322265625
Iter:961, max:47548.1171875, mean:32809.63671875, min:21506.41015625, std:4814.38525390625
Iter:962, max:45866.01953125, mean:33500.96875, min:22175.44921875, std:4512.47265625
Iter:963, max:45788.85546875, mean:32781.98828125, min:23350.96875, std:4868.96142578125
Iter:964, max:47899.1015625, mean:33051.07421875, min:21994.669921875, std:5095.05078125
Iter:965, max:46728.58984375, mean:33058.55078125, min:23048.80078125, std:5086.5634765625
Iter:966, max:51209.390625, mean:33101.84375, min:20801.1484375, std:5054.150390625
Iter:967, max:46888.7109375, mean:33633.2734375, min:22698.056640625, std:4346.416015625
Iter:968, max:51725.07421875, mean:33656.30078125, min:20375.60546875, std:5247.68017578125
Iter:969, max:44967.2265625, mean:33467.1171875, min:21029.626953125, std:4723.3955078125
Iter:970, max:45682.3984375, mean:32864.17578125, min:23166.115234375, std:5221.951171875
Iter:971, max:49900.328125, mean:33258.59375, min:23383.251953125, std:5035.62646484375
Iter:972, max:49238.8828125, mean:33658.875, min:22992.76171875, std:4838.78515625
Iter:973, max:48239.0546875, mean:33431.125, min:23166.955078125, std:4725.642578125
Iter:974, max:53604.1171875, mean:33591.94921875, min:20138.107421875, std:5537.11767578125
Iter:975, max:49546.5625, mean:33713.359375, min:21573.416015625, std:5028.32763671875
Iter:976, max:44676.1484375, mean:33057.41796875, min:25015.283203125, std:4334.6005859375
Iter:977, max:48882.84765625, mean:33391.7890625, min:22276.609375, std:4779.6240234375
Iter:978, max:46087.6796875, mean:33227.3984375, min:20949.009765625, std:4839.12841796875
Iter:979, max:43143.2109375, mean:33599.8984375, min:24259.84765625, std:4355.13720703125
Iter:980, max:47224.13671875, mean:33332.01171875, min:22752.416015625, std:4648.234375
Iter:981, max:50459.16015625, mean:34532.828125, min:22693.91015625, std:4652.54638671875
Iter:982, max:44332.90625, mean:32998.5234375, min:20176.16796875, std:5070.2158203125
Iter:983, max:44275.9375, mean:32468.859375, min:22473.98828125, std:4697.27197265625
Iter:984, max:45461.0078125, mean:33046.6015625, min:21957.638671875, std:4415.3857421875
Iter:985, max:45870.75, mean:33084.25, min:21196.83984375, std:4890.97021484375
Iter:986, max:47341.6640625, mean:34278.8125, min:24313.421875, std:4568.14404296875
Iter:987, max:46304.24609375, mean:33168.0703125, min:19156.560546875, std:5230.52197265625
Iter:988, max:42888.484375, mean:32993.2890625, min:22626.333984375, std:5064.06396484375
Iter:989, max:45836.890625, mean:33295.01953125, min:21821.3515625, std:4989.603515625
Iter:990, max:48158.46875, mean:33508.46875, min:19773.79296875, std:4905.9091796875
Iter:991, max:42112.62109375, mean:32792.90625, min:19299.1171875, std:4297.419921875
Iter:992, max:51189.41796875, mean:33601.8984375, min:22060.873046875, std:4758.4677734375
Iter:993, max:49050.9609375, mean:32914.4765625, min:22256.10546875, std:4815.66845703125
Iter:994, max:47098.2890625, mean:33641.421875, min:19261.857421875, std:4784.12158203125
Iter:995, max:46592.0859375, mean:33436.765625, min:22513.603515625, std:4820.47265625
Iter:996, max:47290.05859375, mean:33958.41796875, min:20023.33984375, std:5084.0556640625
Iter:997, max:45125.3046875, mean:33218.5703125, min:20509.568359375, std:5342.47265625
Iter:998, max:48665.015625, mean:33460.15625, min:21539.27734375, std:4705.451171875
Iter:999, max:46728.4375, mean:33201.6328125, min:21673.234375, std:4857.50439453125
