Iter:0, max:691.0537109375, mean:450.6642150878906, min:261.01910400390625, std:64.09596252441406
Iter:1, max:731.345703125, mean:463.897705078125, min:276.1600646972656, std:59.974735260009766
Iter:2, max:725.8661499023438, mean:466.93585205078125, min:278.1412353515625, std:56.48239517211914
Iter:3, max:792.1317749023438, mean:477.36907958984375, min:258.680908203125, std:63.079524993896484
Iter:4, max:758.4562377929688, mean:494.6116638183594, min:235.46315002441406, std:75.76488494873047
Iter:5, max:1229.4976806640625, mean:521.0158081054688, min:242.04586791992188, std:101.47895812988281
Iter:6, max:932.9763793945312, mean:507.4539794921875, min:291.6609191894531, std:76.21839141845703
Iter:7, max:722.9134521484375, mean:453.11383056640625, min:294.67730712890625, std:43.88518142700195
Iter:8, max:1034.9443359375, mean:519.861328125, min:240.1964111328125, std:108.70869445800781
Iter:9, max:1172.298828125, mean:507.1474914550781, min:280.7698974609375, std:84.50984191894531
Iter:10, max:1272.570556640625, mean:523.004638671875, min:294.0024108886719, std:89.35620880126953
Iter:11, max:1014.67431640625, mean:531.9710693359375, min:255.79510498046875, std:107.23020935058594
Iter:12, max:1354.9912109375, mean:513.3878784179688, min:238.7960968017578, std:127.89753723144531
Iter:13, max:1219.049560546875, mean:541.7433471679688, min:280.41424560546875, std:114.27465057373047
Iter:14, max:1540.59521484375, mean:543.3822631835938, min:322.78582763671875, std:119.91179656982422
Iter:15, max:1565.9007568359375, mean:544.33447265625, min:303.18701171875, std:134.63038635253906
Iter:16, max:1161.1658935546875, mean:549.1041259765625, min:292.7729797363281, std:124.6211166381836
Iter:17, max:1185.96142578125, mean:550.9442138671875, min:297.6051025390625, std:124.53995513916016
Iter:18, max:1302.723876953125, mean:529.7535400390625, min:310.7947082519531, std:122.03953552246094
Iter:19, max:1410.943359375, mean:554.6764526367188, min:320.92724609375, std:132.47999572753906
Iter:20, max:1269.0360107421875, mean:544.632080078125, min:280.58795166015625, std:129.23255920410156
Iter:21, max:1303.5472412109375, mean:499.4002685546875, min:280.61212158203125, std:121.97027587890625
Iter:22, max:1348.7940673828125, mean:545.3802490234375, min:280.36090087890625, std:129.5563507080078
Iter:23, max:1143.897216796875, mean:514.028076171875, min:290.00286865234375, std:120.9100570678711
Iter:24, max:1246.353271484375, mean:506.01336669921875, min:273.42144775390625, std:131.3216094970703
Iter:25, max:1159.776123046875, mean:528.3892211914062, min:197.32083129882812, std:134.8829345703125
Iter:26, max:1142.8365478515625, mean:454.07635498046875, min:189.97061157226562, std:117.96456909179688
Iter:27, max:1076.5040283203125, mean:465.685546875, min:277.7889709472656, std:121.75226593017578
Iter:28, max:1262.669189453125, mean:440.05596923828125, min:189.29408264160156, std:117.95468139648438
Iter:29, max:1120.7447509765625, mean:511.55963134765625, min:189.03990173339844, std:129.16583251953125
Iter:30, max:1299.25244140625, mean:516.0585327148438, min:188.04981994628906, std:129.4889678955078
Iter:31, max:1111.045654296875, mean:544.7149658203125, min:286.322998046875, std:127.9786605834961
Iter:32, max:1248.4835205078125, mean:533.3552856445312, min:271.8401794433594, std:130.7842559814453
Iter:33, max:1375.6845703125, mean:521.2338256835938, min:193.61981201171875, std:136.98532104492188
Iter:34, max:1316.2476806640625, mean:525.5623168945312, min:189.54246520996094, std:129.32420349121094
Iter:35, max:1207.927001953125, mean:523.4073486328125, min:189.02511596679688, std:120.584716796875
Iter:36, max:1327.6572265625, mean:513.8126220703125, min:185.08587646484375, std:127.92572784423828
Iter:37, max:1330.573974609375, mean:525.66748046875, min:188.86474609375, std:134.62965393066406
Iter:38, max:1164.451416015625, mean:530.0755004882812, min:195.02931213378906, std:124.93318939208984
Iter:39, max:1142.1236572265625, mean:535.9779663085938, min:187.291259765625, std:127.3134765625
Iter:40, max:1368.828369140625, mean:536.308349609375, min:259.09814453125, std:126.06140899658203
Iter:41, max:1530.7337646484375, mean:521.1092529296875, min:181.39605712890625, std:134.41305541992188
Iter:42, max:1405.2100830078125, mean:505.61932373046875, min:195.14256286621094, std:124.02840423583984
Iter:43, max:1206.583740234375, mean:527.1267700195312, min:188.68951416015625, std:127.36529541015625
Iter:44, max:1349.5133056640625, mean:496.5168762207031, min:191.67855834960938, std:120.57960510253906
Iter:45, max:1258.7708740234375, mean:528.1671142578125, min:184.9243927001953, std:128.0103302001953
Iter:46, max:1784.1334228515625, mean:512.2854614257812, min:190.76927185058594, std:136.03524780273438
Iter:47, max:1137.302978515625, mean:532.558837890625, min:178.9469451904297, std:123.935791015625
Iter:48, max:1265.4476318359375, mean:541.999267578125, min:186.88479614257812, std:128.982177734375
Iter:49, max:1297.344482421875, mean:545.9058837890625, min:180.30003356933594, std:125.02259063720703
Iter:50, max:1262.0888671875, mean:549.78369140625, min:184.0859375, std:127.88519287109375
Iter:51, max:1346.313720703125, mean:538.8365478515625, min:188.44888305664062, std:138.395263671875
Iter:52, max:1061.556396484375, mean:563.0780029296875, min:181.72830200195312, std:123.90771484375
Iter:53, max:1444.9552001953125, mean:521.4947509765625, min:276.578125, std:125.68011474609375
Iter:54, max:1161.12255859375, mean:567.40087890625, min:272.5722351074219, std:127.7706527709961
Iter:55, max:1237.3057861328125, mean:490.59332275390625, min:191.0621337890625, std:99.63574981689453
Iter:56, max:1173.8148193359375, mean:558.6773681640625, min:187.37692260742188, std:131.236083984375
Iter:57, max:1234.9503173828125, mean:545.519775390625, min:187.41737365722656, std:123.57659912109375
Iter:58, max:1200.0418701171875, mean:511.48992919921875, min:188.821044921875, std:118.00843811035156
Iter:59, max:1093.9415283203125, mean:547.8922119140625, min:186.27020263671875, std:121.99091339111328
Iter:60, max:1170.628662109375, mean:516.1492919921875, min:183.88697814941406, std:109.61239624023438
Iter:61, max:1351.685546875, mean:590.45458984375, min:177.69752502441406, std:129.46652221679688
Iter:62, max:1115.034912109375, mean:554.863037109375, min:184.51211547851562, std:125.18218994140625
Iter:63, max:1230.5596923828125, mean:574.9393310546875, min:177.67652893066406, std:131.8534393310547
Iter:64, max:1508.7369384765625, mean:550.0994873046875, min:185.20094299316406, std:136.0906219482422
Iter:65, max:1259.57958984375, mean:589.9103393554688, min:175.2040252685547, std:130.277099609375
Iter:66, max:1509.13671875, mean:555.708984375, min:179.39453125, std:134.90573120117188
Iter:67, max:1350.966064453125, mean:458.4559631347656, min:179.19911193847656, std:104.03775024414062
Iter:68, max:1310.3824462890625, mean:602.065185546875, min:182.22421264648438, std:134.8684539794922
Iter:69, max:1700.2454833984375, mean:579.8290405273438, min:331.7718505859375, std:142.35108947753906
Iter:70, max:1264.88037109375, mean:607.4503173828125, min:309.4466247558594, std:132.303466796875
Iter:71, max:1471.8404541015625, mean:576.4207763671875, min:272.9398193359375, std:139.79920959472656
Iter:72, max:1225.9700927734375, mean:488.36761474609375, min:183.6363525390625, std:116.49281311035156
Iter:73, max:1260.9366455078125, mean:613.968994140625, min:185.2389373779297, std:141.62939453125
Iter:74, max:1370.33935546875, mean:609.3030395507812, min:357.65521240234375, std:134.4347686767578
Iter:75, max:1483.833251953125, mean:562.8590087890625, min:178.48809814453125, std:129.03587341308594
Iter:76, max:1606.535400390625, mean:613.15380859375, min:171.72494506835938, std:140.16165161132812
Iter:77, max:1335.0611572265625, mean:604.477294921875, min:267.08270263671875, std:144.3164825439453
Iter:78, max:1200.734375, mean:593.678466796875, min:182.39930725097656, std:123.6737289428711
Iter:79, max:1539.1707763671875, mean:598.1849365234375, min:172.54100036621094, std:140.6648712158203
Iter:80, max:1461.7110595703125, mean:627.1897583007812, min:305.83929443359375, std:145.52102661132812
Iter:81, max:1431.5523681640625, mean:627.1015014648438, min:175.57701110839844, std:140.0541229248047
Iter:82, max:1310.5850830078125, mean:586.625244140625, min:260.7340087890625, std:138.30982971191406
Iter:83, max:1759.8348388671875, mean:632.53076171875, min:303.2636413574219, std:145.51856994628906
Iter:84, max:1262.6624755859375, mean:595.9715576171875, min:182.30197143554688, std:135.66258239746094
Iter:85, max:1164.0501708984375, mean:510.2213439941406, min:183.40016174316406, std:102.62579345703125
Iter:86, max:1270.5341796875, mean:626.7041625976562, min:273.5561218261719, std:143.39247131347656
Iter:87, max:1163.1348876953125, mean:620.8723754882812, min:182.54698181152344, std:135.82083129882812
Iter:88, max:1349.3299560546875, mean:594.1025390625, min:176.06944274902344, std:133.6728973388672
Iter:89, max:1643.954345703125, mean:525.2484130859375, min:180.43504333496094, std:111.54595184326172
Iter:90, max:1365.1004638671875, mean:633.7908935546875, min:347.2099609375, std:138.66575622558594
Iter:91, max:1031.5623779296875, mean:484.6741943359375, min:170.40052795410156, std:80.58072662353516
Iter:92, max:1401.4000244140625, mean:631.36474609375, min:325.21185302734375, std:135.1961212158203
Iter:93, max:1532.2294921875, mean:613.0531616210938, min:270.0673828125, std:133.65875244140625
Iter:94, max:1321.5035400390625, mean:633.9241333007812, min:288.7762756347656, std:152.8310546875
Iter:95, max:1374.148193359375, mean:587.672607421875, min:178.572021484375, std:129.92991638183594
Iter:96, max:1130.5589599609375, mean:595.813720703125, min:345.19818115234375, std:125.13870239257812
Iter:97, max:1682.1861572265625, mean:622.7562866210938, min:322.888671875, std:148.6597137451172
Iter:98, max:1181.372314453125, mean:585.352294921875, min:297.355712890625, std:117.54833984375
Iter:99, max:1503.78662109375, mean:626.75146484375, min:312.4826354980469, std:150.39466857910156
Iter:100, max:1529.8094482421875, mean:644.6929931640625, min:331.72198486328125, std:140.97605895996094
Iter:101, max:1490.5714111328125, mean:636.9788818359375, min:299.2713317871094, std:149.87796020507812
Iter:102, max:1303.59765625, mean:618.9500732421875, min:316.4102783203125, std:136.5737762451172
Iter:103, max:1501.9451904296875, mean:635.7783203125, min:245.30076599121094, std:159.1165771484375
Iter:104, max:1271.927490234375, mean:651.724609375, min:376.59893798828125, std:136.7917938232422
Iter:105, max:1444.080078125, mean:582.8043823242188, min:314.4744873046875, std:150.8385009765625
Iter:106, max:1270.9466552734375, mean:517.8065185546875, min:254.35760498046875, std:111.48114776611328
Iter:107, max:1484.831787109375, mean:654.2161865234375, min:274.322265625, std:147.4020538330078
Iter:108, max:1456.064453125, mean:670.1771850585938, min:259.7071228027344, std:153.6781005859375
Iter:109, max:1371.900146484375, mean:633.68896484375, min:325.2715759277344, std:149.62591552734375
Iter:110, max:1440.0772705078125, mean:685.8976440429688, min:387.0556640625, std:143.93243408203125
Iter:111, max:1484.9556884765625, mean:684.3736572265625, min:359.1274108886719, std:149.2942657470703
Iter:112, max:1582.201416015625, mean:685.1602172851562, min:394.90985107421875, std:150.5554656982422
Iter:113, max:1583.835205078125, mean:613.862548828125, min:379.0935974121094, std:142.68453979492188
Iter:114, max:1368.99755859375, mean:586.3892822265625, min:362.6707763671875, std:133.40557861328125
Iter:115, max:1274.7744140625, mean:673.3726196289062, min:167.81495666503906, std:144.47979736328125
Iter:116, max:1368.9835205078125, mean:651.69580078125, min:383.910400390625, std:143.05479431152344
Iter:117, max:1417.246337890625, mean:685.4187622070312, min:368.22760009765625, std:144.25074768066406
Iter:118, max:1483.4810791015625, mean:675.8575439453125, min:398.2093200683594, std:138.4257354736328
Iter:119, max:1315.38671875, mean:683.3602294921875, min:403.5328674316406, std:140.44728088378906
Iter:120, max:1734.3411865234375, mean:657.220703125, min:416.9784851074219, std:134.85250854492188
Iter:121, max:1786.106689453125, mean:695.8231811523438, min:379.32550048828125, std:154.27944946289062
Iter:122, max:1641.186279296875, mean:701.103271484375, min:437.15179443359375, std:153.54025268554688
Iter:123, max:1430.4371337890625, mean:631.475341796875, min:371.77197265625, std:126.74774169921875
Iter:124, max:1442.5787353515625, mean:670.3203125, min:401.53594970703125, std:147.60165405273438
Iter:125, max:1288.390380859375, mean:687.7243041992188, min:399.7168884277344, std:149.5364990234375
Iter:126, max:1483.324951171875, mean:715.479248046875, min:395.7845153808594, std:151.21231079101562
Iter:127, max:1617.2298583984375, mean:713.4846801757812, min:385.0105285644531, std:163.60186767578125
Iter:128, max:1714.455322265625, mean:735.68115234375, min:383.72198486328125, std:156.66351318359375
Iter:129, max:1511.30322265625, mean:693.4091796875, min:402.4803161621094, std:138.33319091796875
Iter:130, max:1696.836181640625, mean:743.4894409179688, min:372.3449401855469, std:162.3542938232422
Iter:131, max:1569.4732666015625, mean:727.250244140625, min:421.04046630859375, std:152.82276916503906
Iter:132, max:1527.6739501953125, mean:752.9188232421875, min:458.818359375, std:156.9456787109375
Iter:133, max:1514.1859130859375, mean:746.2750244140625, min:409.505615234375, std:146.5892791748047
Iter:134, max:1444.076416015625, mean:656.5125732421875, min:364.6695861816406, std:166.9947509765625
Iter:135, max:1690.2066650390625, mean:649.0389404296875, min:377.4117431640625, std:175.3215789794922
Iter:136, max:1387.467041015625, mean:663.8117065429688, min:376.39892578125, std:167.35987854003906
Iter:137, max:1615.3822021484375, mean:791.5415649414062, min:479.21026611328125, std:173.79905700683594
Iter:138, max:2097.904052734375, mean:807.1561279296875, min:475.3934020996094, std:173.91702270507812
Iter:139, max:2045.3175048828125, mean:782.147705078125, min:424.8165588378906, std:182.647705078125
Iter:140, max:1813.524658203125, mean:807.2935791015625, min:404.9120178222656, std:178.6655731201172
Iter:141, max:1787.9632568359375, mean:702.1506958007812, min:395.09716796875, std:184.77955627441406
Iter:142, max:2242.522705078125, mean:818.8179931640625, min:356.89105224609375, std:189.00436401367188
Iter:143, max:1694.9735107421875, mean:823.4817504882812, min:385.9618225097656, std:184.8408203125
Iter:144, max:2120.6904296875, mean:830.0985107421875, min:444.50628662109375, std:190.4124298095703
Iter:145, max:1820.6072998046875, mean:752.413330078125, min:409.8352355957031, std:190.19363403320312
Iter:146, max:1854.631103515625, mean:730.4156494140625, min:433.4059753417969, std:191.25257873535156
Iter:147, max:1803.7982177734375, mean:834.430908203125, min:402.54559326171875, std:189.66310119628906
Iter:148, max:1990.7489013671875, mean:709.7547607421875, min:401.2607727050781, std:193.8482208251953
Iter:149, max:2097.43505859375, mean:857.0357666015625, min:484.0290222167969, std:194.4400177001953
Iter:150, max:1708.4278564453125, mean:797.5919799804688, min:442.5228576660156, std:189.5869903564453
Iter:151, max:1948.3424072265625, mean:785.602294921875, min:431.7846984863281, std:202.47886657714844
Iter:152, max:2038.8826904296875, mean:765.504150390625, min:413.68035888671875, std:203.62867736816406
Iter:153, max:1944.7633056640625, mean:863.0931396484375, min:403.7405090332031, std:206.12098693847656
Iter:154, max:2489.875, mean:833.195068359375, min:376.0610656738281, std:211.6306915283203
Iter:155, max:2105.23095703125, mean:830.7371826171875, min:408.7248229980469, std:212.0400390625
Iter:156, max:2249.622314453125, mean:838.775634765625, min:406.6920166015625, std:213.04432678222656
Iter:157, max:1960.247802734375, mean:767.76220703125, min:368.70654296875, std:226.75350952148438
Iter:158, max:1769.131591796875, mean:841.075439453125, min:382.4268493652344, std:214.15374755859375
Iter:159, max:1980.2401123046875, mean:840.6819458007812, min:367.3951721191406, std:218.62652587890625
Iter:160, max:2019.1334228515625, mean:844.7880859375, min:402.712646484375, std:227.68141174316406
Iter:161, max:1889.804931640625, mean:732.0223388671875, min:369.38330078125, std:210.70123291015625
Iter:162, max:1761.4090576171875, mean:860.423583984375, min:377.6979064941406, std:218.45037841796875
Iter:163, max:1976.612060546875, mean:869.5478515625, min:408.9810791015625, std:231.63003540039062
Iter:164, max:2157.58837890625, mean:746.4479370117188, min:386.03173828125, std:230.28538513183594
Iter:165, max:2205.163818359375, mean:805.5810546875, min:335.8887939453125, std:242.72125244140625
Iter:166, max:2096.11474609375, mean:878.488037109375, min:361.2717590332031, std:239.2607421875
Iter:167, max:1872.671630859375, mean:840.5684204101562, min:350.93536376953125, std:248.63165283203125
Iter:168, max:2021.783447265625, mean:772.8809814453125, min:375.8282470703125, std:231.73831176757812
Iter:169, max:2255.0419921875, mean:826.64013671875, min:397.5323181152344, std:245.17529296875
Iter:170, max:2221.852783203125, mean:899.35498046875, min:357.2605285644531, std:251.3713836669922
Iter:171, max:2220.09716796875, mean:887.7591552734375, min:425.17803955078125, std:248.50135803222656
Iter:172, max:2045.8961181640625, mean:903.808349609375, min:394.5049133300781, std:231.30198669433594
Iter:173, max:2445.960205078125, mean:924.3822021484375, min:424.0457458496094, std:242.17637634277344
Iter:174, max:2156.947509765625, mean:950.2589111328125, min:458.7739562988281, std:246.2580108642578
Iter:175, max:2373.622802734375, mean:992.4503784179688, min:460.7366943359375, std:262.00299072265625
Iter:176, max:2319.08837890625, mean:948.3751220703125, min:413.41973876953125, std:273.27618408203125
Iter:177, max:2673.429931640625, mean:877.211181640625, min:425.78106689453125, std:280.1034240722656
Iter:178, max:2203.1806640625, mean:980.585693359375, min:422.07708740234375, std:264.5534973144531
Iter:179, max:3424.2802734375, mean:1008.1011962890625, min:462.2120056152344, std:290.19390869140625
Iter:180, max:2497.78857421875, mean:977.97412109375, min:475.044677734375, std:281.2129821777344
Iter:181, max:2836.294921875, mean:1029.5040283203125, min:417.1496276855469, std:289.82794189453125
Iter:182, max:2619.234130859375, mean:949.3453979492188, min:443.2289733886719, std:290.543212890625
Iter:183, max:2351.394287109375, mean:759.7987060546875, min:381.9698181152344, std:252.306396484375
Iter:184, max:3122.971923828125, mean:870.6566162109375, min:377.5576171875, std:284.2159423828125
Iter:185, max:3116.53857421875, mean:998.9091186523438, min:446.5983581542969, std:301.4737854003906
Iter:186, max:2483.197265625, mean:1000.1998291015625, min:428.60198974609375, std:303.450439453125
Iter:187, max:3017.994384765625, mean:926.939453125, min:442.6752014160156, std:293.2939453125
Iter:188, max:3034.767333984375, mean:1037.5465087890625, min:423.54644775390625, std:312.0907287597656
Iter:189, max:2544.173828125, mean:944.4953002929688, min:424.90777587890625, std:313.280029296875
Iter:190, max:2816.22998046875, mean:881.7999267578125, min:337.3205871582031, std:301.3013916015625
Iter:191, max:2921.294189453125, mean:1065.516845703125, min:468.1856384277344, std:338.5835876464844
Iter:192, max:3205.814453125, mean:996.7050170898438, min:433.22149658203125, std:348.7374267578125
Iter:193, max:2725.667236328125, mean:1133.065185546875, min:462.7701721191406, std:352.0009765625
Iter:194, max:3578.678466796875, mean:1076.6734619140625, min:486.5077819824219, std:357.4595947265625
Iter:195, max:3159.9169921875, mean:1137.43310546875, min:492.74407958984375, std:371.60845947265625
Iter:196, max:3226.786865234375, mean:1154.2628173828125, min:466.6109619140625, std:393.7835998535156
Iter:197, max:4058.315185546875, mean:1146.5023193359375, min:431.08343505859375, std:400.22149658203125
Iter:198, max:3170.3486328125, mean:1115.1121826171875, min:388.0142822265625, std:434.3124694824219
Iter:199, max:2804.401123046875, mean:1109.464111328125, min:445.6268005371094, std:387.0630798339844
Iter:200, max:3025.301513671875, mean:1179.081787109375, min:434.0007629394531, std:431.89508056640625
Iter:201, max:4260.09619140625, mean:1175.61083984375, min:400.00567626953125, std:417.385498046875
Iter:202, max:3607.266357421875, mean:1135.68896484375, min:412.67694091796875, std:454.269287109375
Iter:203, max:4247.158203125, mean:1212.088134765625, min:421.6529541015625, std:450.7806396484375
Iter:204, max:4101.1806640625, mean:1202.5252685546875, min:454.25396728515625, std:489.7821350097656
Iter:205, max:3263.24755859375, mean:944.22998046875, min:403.5888671875, std:386.4166259765625
Iter:206, max:4284.6279296875, mean:1249.28759765625, min:454.299072265625, std:517.7359619140625
Iter:207, max:3428.74169921875, mean:971.798095703125, min:390.5837707519531, std:425.771484375
Iter:208, max:4227.6640625, mean:1152.5849609375, min:437.8730163574219, std:460.7134704589844
Iter:209, max:3725.683837890625, mean:1072.28857421875, min:451.1324462890625, std:460.0787048339844
Iter:210, max:4169.35498046875, mean:1002.9036865234375, min:451.70281982421875, std:420.13739013671875
Iter:211, max:4350.46240234375, mean:1325.5965576171875, min:463.9709167480469, std:555.890380859375
Iter:212, max:4284.33642578125, mean:1247.275390625, min:523.2914428710938, std:508.594970703125
Iter:213, max:4293.24072265625, mean:1312.74951171875, min:480.55615234375, std:517.8472900390625
Iter:214, max:4287.37255859375, mean:1422.52099609375, min:503.42144775390625, std:559.2808837890625
Iter:215, max:3829.2529296875, mean:1432.1025390625, min:412.78607177734375, std:519.7977294921875
Iter:216, max:4308.81591796875, mean:1400.62841796875, min:441.4636535644531, std:560.9456176757812
Iter:217, max:4285.97265625, mean:1503.8875732421875, min:552.3982543945312, std:583.58740234375
Iter:218, max:4299.48828125, mean:1451.1690673828125, min:451.6619873046875, std:614.6544189453125
Iter:219, max:4219.7841796875, mean:1519.815185546875, min:571.4791259765625, std:613.831298828125
Iter:220, max:4252.083984375, mean:1237.6220703125, min:385.3564147949219, std:586.6602783203125
Iter:221, max:4309.35888671875, mean:1550.80029296875, min:349.9306945800781, std:654.5765991210938
Iter:222, max:4307.3837890625, mean:1545.983642578125, min:502.9392395019531, std:674.8639526367188
Iter:223, max:4323.96630859375, mean:1207.155029296875, min:322.88043212890625, std:623.646240234375
Iter:224, max:4294.41455078125, mean:1472.300048828125, min:477.5191345214844, std:696.7426147460938
Iter:225, max:4296.4443359375, mean:1436.08349609375, min:440.03094482421875, std:685.515625
Iter:226, max:4319.060546875, mean:1388.124267578125, min:458.196533203125, std:707.2195434570312
Iter:227, max:4308.578125, mean:1256.452392578125, min:478.4723205566406, std:626.9432373046875
Iter:228, max:4306.0888671875, mean:1514.7886962890625, min:461.0489196777344, std:691.6087646484375
Iter:229, max:4319.8203125, mean:1606.916259765625, min:418.6031799316406, std:780.5182495117188
Iter:230, max:4311.36279296875, mean:1741.375244140625, min:232.0266571044922, std:777.4717407226562
Iter:231, max:4307.1220703125, mean:1696.14697265625, min:588.203125, std:774.6587524414062
Iter:232, max:4311.7646484375, mean:1798.3179931640625, min:433.07806396484375, std:843.3135375976562
Iter:233, max:4279.5947265625, mean:1462.918212890625, min:447.5640563964844, std:806.2852783203125
Iter:234, max:4302.88134765625, mean:1708.27685546875, min:489.6026611328125, std:895.3004760742188
Iter:235, max:4318.89404296875, mean:1897.1357421875, min:529.4609985351562, std:895.5015258789062
Iter:236, max:4297.87255859375, mean:1971.39990234375, min:616.5689697265625, std:907.0888061523438
Iter:237, max:4289.85791015625, mean:1416.172119140625, min:347.82098388671875, std:894.2322998046875
Iter:238, max:4303.1279296875, mean:1819.701416015625, min:506.63385009765625, std:1021.802734375
Iter:239, max:4300.93310546875, mean:2143.66162109375, min:498.93780517578125, std:1010.4467163085938
Iter:240, max:4316.427734375, mean:1965.776123046875, min:456.5996398925781, std:1039.2978515625
Iter:241, max:4291.9638671875, mean:2199.53857421875, min:553.087158203125, std:1019.03759765625
Iter:242, max:4297.34765625, mean:2190.697265625, min:507.78289794921875, std:1039.9110107421875
Iter:243, max:4307.60205078125, mean:2295.47607421875, min:580.7742919921875, std:1098.4049072265625
Iter:244, max:4287.66015625, mean:2306.70166015625, min:487.6346740722656, std:1045.4881591796875
Iter:245, max:4324.5703125, mean:2421.8603515625, min:529.29296875, std:1111.838623046875
Iter:246, max:4298.9462890625, mean:2517.60498046875, min:598.7517700195312, std:1118.0018310546875
Iter:247, max:4292.37548828125, mean:2403.32958984375, min:394.3928527832031, std:1155.5645751953125
Iter:248, max:4287.185546875, mean:2566.8203125, min:584.7131958007812, std:1154.730224609375
Iter:249, max:4318.787109375, mean:2419.07568359375, min:338.9712829589844, std:1202.1300048828125
Iter:250, max:4300.13134765625, mean:2665.415771484375, min:491.4861755371094, std:1171.1712646484375
Iter:251, max:4285.02294921875, mean:2512.57177734375, min:406.35113525390625, std:1176.44775390625
Iter:252, max:4288.95166015625, mean:2672.2431640625, min:469.28521728515625, std:1202.1268310546875
Iter:253, max:4299.78662109375, mean:3000.95703125, min:460.01666259765625, std:1150.3253173828125
Iter:254, max:4292.94970703125, mean:2807.46240234375, min:457.8434753417969, std:1232.3902587890625
Iter:255, max:4301.9931640625, mean:3057.112548828125, min:429.1650390625, std:1196.7913818359375
Iter:256, max:4293.26025390625, mean:3140.883056640625, min:583.3867797851562, std:1136.9029541015625
Iter:257, max:4285.8779296875, mean:3036.33203125, min:393.11248779296875, std:1231.00341796875
Iter:258, max:4285.755859375, mean:3190.890380859375, min:542.295166015625, std:1175.6939697265625
Iter:259, max:4291.67626953125, mean:3041.50830078125, min:416.28802490234375, std:1306.3189697265625
Iter:260, max:4303.22021484375, mean:3417.96630859375, min:440.6271057128906, std:1089.3560791015625
Iter:261, max:4280.18017578125, mean:3494.331787109375, min:412.1211853027344, std:1043.7510986328125
Iter:262, max:4287.67431640625, mean:3460.64599609375, min:419.9625244140625, std:1059.5272216796875
Iter:263, max:4286.30712890625, mean:3404.35205078125, min:418.38763427734375, std:1205.50634765625
Iter:264, max:4274.37646484375, mean:3135.46875, min:400.54541015625, std:1402.3084716796875
Iter:265, max:4292.009765625, mean:3173.40234375, min:430.6856994628906, std:1391.9801025390625
Iter:266, max:4282.9111328125, mean:3205.539306640625, min:413.0202331542969, std:1350.1904296875
Iter:267, max:4303.3955078125, mean:3087.1572265625, min:392.7669677734375, std:1472.8797607421875
Iter:268, max:4280.88818359375, mean:3550.793212890625, min:479.6251220703125, std:1073.74658203125
Iter:269, max:4281.90234375, mean:3850.742431640625, min:544.6365966796875, std:829.7747192382812
Iter:270, max:4287.65966796875, mean:3140.46240234375, min:358.2886047363281, std:1450.226806640625
Iter:271, max:4291.53759765625, mean:3947.6474609375, min:634.144287109375, std:698.7171020507812
Iter:272, max:4285.748046875, mean:3748.04052734375, min:458.6949768066406, std:964.0067138671875
Iter:273, max:4294.43408203125, mean:3909.464111328125, min:330.3056335449219, std:778.6377563476562
Iter:274, max:4316.15087890625, mean:3859.263427734375, min:414.17974853515625, std:864.18994140625
Iter:275, max:4305.2958984375, mean:3715.670166015625, min:428.34442138671875, std:1101.5277099609375
Iter:276, max:4301.17138671875, mean:4039.818359375, min:581.4524536132812, std:572.207763671875
Iter:277, max:4308.6005859375, mean:3811.0322265625, min:510.8704833984375, std:968.6807861328125
Iter:278, max:4302.5908203125, mean:4002.4140625, min:774.8099975585938, std:663.704345703125
Iter:279, max:4321.7353515625, mean:3784.866943359375, min:450.4981994628906, std:1027.4273681640625
Iter:280, max:4312.73681640625, mean:3879.6259765625, min:487.22747802734375, std:869.9742431640625
Iter:281, max:4321.9306640625, mean:4002.724365234375, min:697.9141235351562, std:675.0855712890625
Iter:282, max:4315.94677734375, mean:3923.129638671875, min:551.5952758789062, std:785.8142700195312
Iter:283, max:4317.45166015625, mean:3930.81640625, min:762.5067138671875, std:753.3163452148438
Iter:284, max:4326.443359375, mean:3931.210693359375, min:599.8079833984375, std:824.2394409179688
Iter:285, max:4324.2861328125, mean:3872.14013671875, min:615.2207641601562, std:861.2000122070312
Iter:286, max:4351.58154296875, mean:3937.173828125, min:674.3746948242188, std:785.0458984375
Iter:287, max:4330.21044921875, mean:3752.255859375, min:510.6829833984375, std:986.7059936523438
Iter:288, max:4345.6962890625, mean:3893.44873046875, min:801.8201904296875, std:818.7059326171875
Iter:289, max:4350.86181640625, mean:3767.103515625, min:659.6703491210938, std:946.5184326171875
Iter:290, max:4361.26904296875, mean:3665.537353515625, min:449.9761657714844, std:1093.1612548828125
Iter:291, max:4359.74072265625, mean:3643.4423828125, min:511.978759765625, std:1126.29345703125
Iter:292, max:4358.63525390625, mean:3778.141357421875, min:699.9035034179688, std:929.3941650390625
Iter:293, max:4370.8095703125, mean:3765.50634765625, min:528.502685546875, std:976.53515625
Iter:294, max:4388.201171875, mean:3834.82470703125, min:663.0118408203125, std:889.4035034179688
Iter:295, max:4374.21826171875, mean:3675.348876953125, min:554.0502319335938, std:1076.2506103515625
Iter:296, max:4373.38720703125, mean:3746.021240234375, min:521.998291015625, std:995.4921264648438
Iter:297, max:4376.74267578125, mean:3789.0126953125, min:637.1956787109375, std:970.8123168945312
Iter:298, max:4375.47021484375, mean:3842.549072265625, min:499.25762939453125, std:960.6092529296875
Iter:299, max:4387.66796875, mean:3781.45654296875, min:411.8331298828125, std:1029.52001953125
Iter:300, max:4383.30908203125, mean:3921.64306640625, min:757.5188598632812, std:872.1751098632812
Iter:301, max:4387.984375, mean:3932.65966796875, min:711.4419555664062, std:853.2279052734375
Iter:302, max:4405.81396484375, mean:3851.25341796875, min:458.4941711425781, std:975.2322387695312
Iter:303, max:4424.20751953125, mean:3878.7021484375, min:526.9454345703125, std:927.2970581054688
Iter:304, max:4404.556640625, mean:3920.47216796875, min:545.4398193359375, std:899.3841552734375
Iter:305, max:4406.419921875, mean:3967.74609375, min:615.3399047851562, std:845.8716430664062
Iter:306, max:4406.0927734375, mean:3879.072265625, min:563.1663208007812, std:971.4904174804688
Iter:307, max:4409.10009765625, mean:3918.302490234375, min:566.3204345703125, std:930.3272094726562
Iter:308, max:4438.234375, mean:4007.614013671875, min:514.7141723632812, std:817.4639892578125
Iter:309, max:4421.94775390625, mean:3989.10791015625, min:591.3465576171875, std:821.2353515625
Iter:310, max:4433.63818359375, mean:3986.599609375, min:569.5740966796875, std:887.2522583007812
Iter:311, max:4435.44775390625, mean:3888.35498046875, min:584.2070922851562, std:966.6564331054688
Iter:312, max:4438.06591796875, mean:3932.53271484375, min:621.4962768554688, std:897.9837646484375
Iter:313, max:4442.751953125, mean:3919.86572265625, min:484.3648681640625, std:933.7239990234375
Iter:314, max:4436.9931640625, mean:3887.14990234375, min:562.801025390625, std:952.07373046875
Iter:315, max:4444.470703125, mean:3869.105224609375, min:687.5775146484375, std:983.41162109375
Iter:316, max:4446.95263671875, mean:3813.251708984375, min:458.1705322265625, std:1013.7673950195312
Iter:317, max:4453.24755859375, mean:3727.710205078125, min:705.3690795898438, std:1096.6854248046875
Iter:318, max:4454.73583984375, mean:3775.93603515625, min:624.7593994140625, std:1071.7728271484375
Iter:319, max:4450.5361328125, mean:3680.658203125, min:717.878173828125, std:1115.447998046875
Iter:320, max:4460.1083984375, mean:3727.821533203125, min:787.6223754882812, std:1046.4888916015625
Iter:321, max:4457.81201171875, mean:3637.68994140625, min:587.1041259765625, std:1136.734619140625
Iter:322, max:4472.6669921875, mean:3589.936279296875, min:531.6780395507812, std:1203.41650390625
Iter:323, max:4474.048828125, mean:3710.783203125, min:787.340576171875, std:1070.120849609375
Iter:324, max:4486.67578125, mean:3619.247802734375, min:608.0917358398438, std:1165.437255859375
Iter:325, max:4477.69091796875, mean:3617.36376953125, min:550.3126831054688, std:1180.8927001953125
Iter:326, max:4490.9306640625, mean:3715.49560546875, min:565.7443237304688, std:1096.5928955078125
Iter:327, max:4489.31103515625, mean:3717.433837890625, min:691.5863037109375, std:1072.082763671875
Iter:328, max:4504.7216796875, mean:3706.192138671875, min:653.3257446289062, std:1093.9571533203125
Iter:329, max:4505.22216796875, mean:3711.81494140625, min:780.9248046875, std:1101.5711669921875
Iter:330, max:4499.13916015625, mean:3759.1240234375, min:784.5932006835938, std:1091.34375
Iter:331, max:4498.14501953125, mean:3801.173095703125, min:298.3807678222656, std:1045.2615966796875
Iter:332, max:4498.0537109375, mean:3853.48779296875, min:934.3563842773438, std:1019.73046875
Iter:333, max:4513.1748046875, mean:3823.28515625, min:740.26123046875, std:1056.9244384765625
Iter:334, max:4515.4306640625, mean:3893.74853515625, min:719.4908447265625, std:1011.9763793945312
Iter:335, max:4519.0146484375, mean:3990.234375, min:628.8126831054688, std:915.9808959960938
Iter:336, max:4518.2490234375, mean:3996.427490234375, min:756.638671875, std:929.9498901367188
Iter:337, max:4524.7587890625, mean:3995.97265625, min:715.6708374023438, std:934.644287109375
Iter:338, max:4527.37841796875, mean:4053.902587890625, min:803.1429443359375, std:889.1729125976562
Iter:339, max:4532.24560546875, mean:3989.7314453125, min:552.4664306640625, std:953.830078125
Iter:340, max:4538.75927734375, mean:4098.47216796875, min:610.9008178710938, std:870.40283203125
Iter:341, max:4540.6533203125, mean:4072.481689453125, min:761.77685546875, std:887.7593994140625
Iter:342, max:4537.2255859375, mean:4131.0546875, min:859.722412109375, std:826.662841796875
Iter:343, max:4548.27392578125, mean:4117.11083984375, min:813.1124877929688, std:858.8801879882812
Iter:344, max:4544.56787109375, mean:4109.9873046875, min:771.2158203125, std:862.9066162109375
Iter:345, max:4558.30126953125, mean:4120.53173828125, min:697.0180053710938, std:870.1005859375
Iter:346, max:4567.85791015625, mean:4103.08740234375, min:857.25927734375, std:865.0830688476562
Iter:347, max:4562.21826171875, mean:4053.1826171875, min:532.6691284179688, std:983.5501708984375
Iter:348, max:4561.44775390625, mean:4038.713134765625, min:527.568359375, std:988.7347412109375
Iter:349, max:4564.86181640625, mean:4063.612548828125, min:538.6264038085938, std:939.4241333007812
Iter:350, max:4576.88671875, mean:4174.4345703125, min:637.7166137695312, std:839.127197265625
Iter:351, max:4576.87939453125, mean:4109.95654296875, min:680.9922485351562, std:934.2999267578125
Iter:352, max:4579.8037109375, mean:4118.0244140625, min:470.0282897949219, std:913.3070678710938
Iter:353, max:4582.5234375, mean:4016.50927734375, min:587.3544921875, std:1045.0733642578125
Iter:354, max:4602.14306640625, mean:4134.6650390625, min:561.3140869140625, std:938.0083618164062
Iter:355, max:4598.181640625, mean:4021.988525390625, min:496.6359558105469, std:1022.7741088867188
Iter:356, max:4594.6357421875, mean:4146.9140625, min:607.404296875, std:884.8554077148438
Iter:357, max:4599.11669921875, mean:4023.470703125, min:558.3209228515625, std:1056.3358154296875
Iter:358, max:4601.6416015625, mean:4039.310546875, min:578.525146484375, std:1016.23291015625
Iter:359, max:4612.68212890625, mean:3893.899658203125, min:585.671630859375, std:1139.0404052734375
Iter:360, max:4607.43017578125, mean:3939.724365234375, min:540.476806640625, std:1115.9705810546875
Iter:361, max:4615.88232421875, mean:3881.025146484375, min:507.1279602050781, std:1176.98388671875
Iter:362, max:4613.095703125, mean:3822.8603515625, min:457.9821472167969, std:1218.427734375
Iter:363, max:4631.322265625, mean:3859.6826171875, min:472.0979919433594, std:1204.4810791015625
Iter:364, max:4626.88916015625, mean:3585.945068359375, min:425.7616882324219, std:1383.986572265625
Iter:365, max:4624.89990234375, mean:3830.5185546875, min:473.8739318847656, std:1189.523193359375
Iter:366, max:4633.37939453125, mean:3640.14453125, min:426.5424499511719, std:1346.280029296875
Iter:367, max:4637.2734375, mean:3526.37451171875, min:450.8466796875, std:1442.1964111328125
Iter:368, max:4647.7861328125, mean:3270.705810546875, min:321.9335632324219, std:1523.9774169921875
Iter:369, max:4642.9912109375, mean:3517.44677734375, min:437.9556884765625, std:1432.4580078125
Iter:370, max:4644.55322265625, mean:3495.4638671875, min:424.66058349609375, std:1406.3675537109375
Iter:371, max:4645.17138671875, mean:3545.44482421875, min:467.3079528808594, std:1369.896240234375
Iter:372, max:4650.61767578125, mean:3602.11865234375, min:427.5003662109375, std:1320.5775146484375
Iter:373, max:4646.30126953125, mean:3503.138916015625, min:461.90216064453125, std:1393.1302490234375
Iter:374, max:4662.26025390625, mean:3452.24853515625, min:432.9470520019531, std:1458.0595703125
Iter:375, max:4657.388671875, mean:3333.361328125, min:444.2301940917969, std:1469.275146484375
Iter:376, max:4648.0283203125, mean:3410.3623046875, min:493.4599914550781, std:1416.90869140625
Iter:377, max:4669.90771484375, mean:3560.990966796875, min:483.89495849609375, std:1344.9637451171875
Iter:378, max:4658.7626953125, mean:3382.6005859375, min:482.88623046875, std:1454.646240234375
Iter:379, max:4650.62548828125, mean:3352.568603515625, min:326.6001281738281, std:1491.96923828125
Iter:380, max:4670.89013671875, mean:3404.013916015625, min:431.8618469238281, std:1439.8131103515625
Iter:381, max:4688.443359375, mean:3472.1396484375, min:431.91619873046875, std:1429.753173828125
Iter:382, max:4663.06884765625, mean:3407.2763671875, min:383.8636779785156, std:1466.0478515625
Iter:383, max:4664.681640625, mean:3507.8984375, min:453.7936096191406, std:1393.8780517578125
Iter:384, max:4677.81103515625, mean:3471.634765625, min:434.59075927734375, std:1428.9222412109375
Iter:385, max:4668.5224609375, mean:3527.60498046875, min:472.5924377441406, std:1386.45703125
Iter:386, max:4661.7490234375, mean:3294.943359375, min:440.0578918457031, std:1541.946044921875
Iter:387, max:4675.9033203125, mean:3557.051025390625, min:460.0774230957031, std:1405.8125
Iter:388, max:4670.28466796875, mean:3562.638671875, min:411.21710205078125, std:1413.6314697265625
Iter:389, max:4675.19189453125, mean:3474.68212890625, min:538.8927001953125, std:1484.4842529296875
Iter:390, max:4682.38720703125, mean:3610.6455078125, min:471.5408020019531, std:1406.072998046875
Iter:391, max:4677.7666015625, mean:3743.76953125, min:437.026611328125, std:1317.8492431640625
Iter:392, max:4675.27392578125, mean:3806.58740234375, min:441.6828308105469, std:1301.336669921875
Iter:393, max:4675.50390625, mean:3780.693359375, min:565.6339721679688, std:1341.37255859375
Iter:394, max:4677.7177734375, mean:3501.8828125, min:434.51416015625, std:1518.8104248046875
Iter:395, max:4678.5068359375, mean:3735.60107421875, min:431.689453125, std:1379.8009033203125
Iter:396, max:4689.06005859375, mean:3729.26611328125, min:443.57977294921875, std:1426.5084228515625
Iter:397, max:4681.98974609375, mean:3754.728271484375, min:391.23748779296875, std:1416.381591796875
Iter:398, max:4677.408203125, mean:3898.30810546875, min:466.5130310058594, std:1297.1700439453125
Iter:399, max:4686.3544921875, mean:3807.182861328125, min:445.2753601074219, std:1369.4034423828125
Iter:400, max:4697.25244140625, mean:3818.34912109375, min:548.796630859375, std:1350.4244384765625
Iter:401, max:4677.53662109375, mean:3426.85302734375, min:461.82196044921875, std:1643.092529296875
Iter:402, max:4684.6533203125, mean:3330.00048828125, min:388.64715576171875, std:1669.588623046875
Iter:403, max:4688.18505859375, mean:3776.5380859375, min:507.9089660644531, std:1400.0474853515625
Iter:404, max:4695.400390625, mean:3531.87353515625, min:384.7926330566406, std:1538.0140380859375
Iter:405, max:4687.3994140625, mean:3740.471435546875, min:489.63348388671875, std:1434.279541015625
Iter:406, max:4697.20703125, mean:3798.076171875, min:495.1723937988281, std:1379.6817626953125
Iter:407, max:4705.474609375, mean:3718.553466796875, min:543.2545776367188, std:1446.1156005859375
Iter:408, max:4685.82958984375, mean:3556.541015625, min:488.1243591308594, std:1515.2901611328125
Iter:409, max:4699.515625, mean:3865.95361328125, min:500.12652587890625, std:1307.060546875
Iter:410, max:4703.00830078125, mean:3541.10009765625, min:349.21856689453125, std:1559.41943359375
Iter:411, max:4724.9580078125, mean:3789.314208984375, min:465.3796691894531, std:1368.3985595703125
Iter:412, max:4698.4951171875, mean:3879.308349609375, min:416.10418701171875, std:1313.0721435546875
Iter:413, max:4702.53125, mean:3774.93798828125, min:530.2384033203125, std:1372.335205078125
Iter:414, max:4701.3291015625, mean:3802.6796875, min:566.1425170898438, std:1337.607666015625
Iter:415, max:4703.7333984375, mean:3770.68603515625, min:469.8056335449219, std:1385.1751708984375
Iter:416, max:4718.73779296875, mean:3850.607421875, min:561.7861328125, std:1321.7579345703125
Iter:417, max:4720.23486328125, mean:3602.08447265625, min:448.75567626953125, std:1489.3546142578125
Iter:418, max:4707.87109375, mean:3957.77392578125, min:594.2028198242188, std:1213.722900390625
Iter:419, max:4720.93798828125, mean:3850.9169921875, min:498.41546630859375, std:1327.75390625
Iter:420, max:4712.9521484375, mean:3857.4970703125, min:514.76318359375, std:1332.90625
Iter:421, max:4711.13671875, mean:4000.2666015625, min:499.6885986328125, std:1224.331787109375
Iter:422, max:4714.380859375, mean:3901.384765625, min:577.7367553710938, std:1279.53466796875
Iter:423, max:4728.59912109375, mean:4054.89013671875, min:543.0338134765625, std:1185.99560546875
Iter:424, max:4723.654296875, mean:4010.52099609375, min:573.28564453125, std:1187.435791015625
Iter:425, max:4716.71923828125, mean:3968.10498046875, min:403.8089294433594, std:1253.908935546875
Iter:426, max:4719.447265625, mean:4072.220703125, min:493.3593444824219, std:1163.9320068359375
Iter:427, max:4734.3447265625, mean:3894.53369140625, min:502.98284912109375, std:1312.8504638671875
Iter:428, max:4740.69677734375, mean:3909.69970703125, min:469.625732421875, std:1333.9842529296875
Iter:429, max:4743.4775390625, mean:3939.54931640625, min:500.629150390625, std:1286.53515625
Iter:430, max:4733.70361328125, mean:3917.445556640625, min:502.59130859375, std:1301.482421875
Iter:431, max:4730.841796875, mean:4039.8681640625, min:495.22113037109375, std:1211.60595703125
Iter:432, max:4735.3984375, mean:4081.9951171875, min:395.36920166015625, std:1178.6744384765625
Iter:433, max:4739.54833984375, mean:4105.61083984375, min:511.708740234375, std:1168.64990234375
Iter:434, max:4741.615234375, mean:4002.780517578125, min:569.2801513671875, std:1216.137939453125
Iter:435, max:4740.15234375, mean:4045.10400390625, min:561.2718505859375, std:1218.4942626953125
Iter:436, max:4747.3916015625, mean:4039.334716796875, min:544.5219116210938, std:1243.3314208984375
Iter:437, max:4755.51220703125, mean:3921.40625, min:491.93609619140625, std:1297.201171875
Iter:438, max:4749.00927734375, mean:3862.921875, min:493.4179992675781, std:1388.2117919921875
Iter:439, max:4759.58251953125, mean:3790.60498046875, min:348.0662536621094, std:1412.4364013671875
Iter:440, max:4754.240234375, mean:3667.759033203125, min:439.1021423339844, std:1520.6146240234375
Iter:441, max:4757.23974609375, mean:3980.406982421875, min:647.5028076171875, std:1243.8829345703125
Iter:442, max:4759.6142578125, mean:3785.07421875, min:558.9867553710938, std:1372.03173828125
Iter:443, max:4761.58154296875, mean:3922.877197265625, min:521.97314453125, std:1350.7618408203125
Iter:444, max:4765.19091796875, mean:3772.655029296875, min:481.756591796875, std:1386.3697509765625
Iter:445, max:4771.0166015625, mean:3966.341064453125, min:486.468994140625, std:1267.987548828125
Iter:446, max:4782.71533203125, mean:4025.313720703125, min:480.9642639160156, std:1240.3944091796875
Iter:447, max:4785.1884765625, mean:4043.81103515625, min:595.1635131835938, std:1213.5068359375
Iter:448, max:4783.3857421875, mean:3773.53662109375, min:462.9936218261719, std:1411.8992919921875
Iter:449, max:4769.2041015625, mean:3839.1064453125, min:507.9028015136719, std:1374.9891357421875
Iter:450, max:4775.64208984375, mean:3909.6708984375, min:533.9547119140625, std:1306.8525390625
Iter:451, max:4808.56982421875, mean:3810.11279296875, min:522.9092407226562, std:1377.326171875
Iter:452, max:4786.61376953125, mean:3943.17333984375, min:615.2977905273438, std:1261.106689453125
Iter:453, max:4784.130859375, mean:3889.87353515625, min:560.5006103515625, std:1302.97900390625
Iter:454, max:4793.48291015625, mean:3853.927734375, min:549.4268188476562, std:1369.5211181640625
Iter:455, max:4783.26220703125, mean:3812.884765625, min:532.5642700195312, std:1390.1575927734375
Iter:456, max:4791.31494140625, mean:3842.10009765625, min:453.6261291503906, std:1355.8182373046875
Iter:457, max:4791.35498046875, mean:3936.3369140625, min:694.4495849609375, std:1237.1484375
Iter:458, max:4798.931640625, mean:3887.626708984375, min:511.86859130859375, std:1312.4244384765625
Iter:459, max:4801.318359375, mean:3782.56884765625, min:472.4139709472656, std:1375.9730224609375
Iter:460, max:4797.88427734375, mean:3955.768798828125, min:477.47589111328125, std:1273.65771484375
Iter:461, max:4795.86181640625, mean:3677.82080078125, min:477.7236633300781, std:1464.9189453125
Iter:462, max:4832.00537109375, mean:3913.04833984375, min:541.4252319335938, std:1289.4716796875
Iter:463, max:4813.54541015625, mean:3912.162353515625, min:540.0808715820312, std:1294.724365234375
Iter:464, max:4813.53564453125, mean:3915.58984375, min:491.5393371582031, std:1296.6905517578125
Iter:465, max:4808.7197265625, mean:3986.61279296875, min:539.46875, std:1246.9251708984375
Iter:466, max:4814.3310546875, mean:3932.769775390625, min:565.3414916992188, std:1280.1376953125
Iter:467, max:4818.65869140625, mean:3785.230712890625, min:466.589111328125, std:1392.4366455078125
Iter:468, max:4818.09326171875, mean:3866.52685546875, min:558.214599609375, std:1313.6019287109375
Iter:469, max:4823.89794921875, mean:3879.271728515625, min:519.3754272460938, std:1320.5946044921875
Iter:470, max:4823.21630859375, mean:3848.4033203125, min:535.5934448242188, std:1358.4156494140625
Iter:471, max:4825.2724609375, mean:3896.34521484375, min:567.4600830078125, std:1309.4774169921875
Iter:472, max:4838.09521484375, mean:3868.2529296875, min:558.6290283203125, std:1330.7156982421875
Iter:473, max:4815.97607421875, mean:3923.69189453125, min:528.1344604492188, std:1289.7872314453125
Iter:474, max:4832.7685546875, mean:3933.3388671875, min:456.4315185546875, std:1288.0028076171875
Iter:475, max:4817.70166015625, mean:3920.84521484375, min:577.4447021484375, std:1301.0885009765625
Iter:476, max:4820.39013671875, mean:4008.322265625, min:618.8756713867188, std:1239.8978271484375
Iter:477, max:4822.77392578125, mean:4044.044921875, min:521.5091552734375, std:1225.478515625
Iter:478, max:4835.67919921875, mean:3964.794921875, min:542.3168334960938, std:1308.64208984375
Iter:479, max:4828.412109375, mean:3887.910400390625, min:409.58831787109375, std:1391.0845947265625
Iter:480, max:4834.74853515625, mean:4021.91015625, min:580.791748046875, std:1250.421875
Iter:481, max:4835.861328125, mean:4053.712646484375, min:543.8106689453125, std:1205.381591796875
Iter:482, max:4832.802734375, mean:4130.61328125, min:576.56591796875, std:1161.8978271484375
Iter:483, max:4834.671875, mean:3939.76123046875, min:525.6766357421875, std:1317.4595947265625
Iter:484, max:4838.6630859375, mean:4083.392578125, min:525.4664306640625, std:1235.2904052734375
Iter:485, max:4840.0869140625, mean:4135.9326171875, min:526.577880859375, std:1188.279541015625
Iter:486, max:4860.08642578125, mean:4158.29248046875, min:574.0391845703125, std:1120.1534423828125
Iter:487, max:4845.71142578125, mean:4162.4208984375, min:522.7676391601562, std:1135.1888427734375
Iter:488, max:4840.71630859375, mean:3995.395263671875, min:507.3402404785156, std:1315.6163330078125
Iter:489, max:4848.84912109375, mean:3881.138671875, min:475.1241455078125, std:1464.8836669921875
Iter:490, max:4845.37548828125, mean:4140.25146484375, min:639.207763671875, std:1154.951171875
Iter:491, max:4846.1201171875, mean:4186.8095703125, min:559.756103515625, std:1132.7181396484375
Iter:492, max:4842.56005859375, mean:4248.27490234375, min:634.1373901367188, std:1058.7720947265625
Iter:493, max:4851.74951171875, mean:4242.361328125, min:582.0724487304688, std:1056.4344482421875
Iter:494, max:4857.31103515625, mean:4129.42578125, min:578.9772338867188, std:1192.1551513671875
Iter:495, max:4858.81201171875, mean:4248.923828125, min:546.875244140625, std:1069.798583984375
Iter:496, max:4846.28759765625, mean:4328.7529296875, min:550.0606079101562, std:1014.6607055664062
Iter:497, max:4861.47998046875, mean:4195.0546875, min:594.1714477539062, std:1133.848388671875
Iter:498, max:4862.2666015625, mean:4207.728515625, min:532.6180419921875, std:1125.568359375
Iter:499, max:4916.19287109375, mean:4289.791015625, min:654.3627319335938, std:1040.9263916015625
Iter:500, max:4864.5224609375, mean:4251.93701171875, min:588.091552734375, std:1109.5633544921875
Iter:501, max:4866.14501953125, mean:4290.0146484375, min:518.9954223632812, std:1040.2950439453125
Iter:502, max:4876.986328125, mean:4240.9599609375, min:555.6519165039062, std:1080.7818603515625
Iter:503, max:4880.50048828125, mean:4286.7080078125, min:604.3779296875, std:1060.955322265625
Iter:504, max:4903.1904296875, mean:4201.3994140625, min:649.1673583984375, std:1158.228759765625
Iter:505, max:4874.9072265625, mean:4152.78076171875, min:614.425048828125, std:1186.8153076171875
Iter:506, max:4882.4140625, mean:4256.0390625, min:521.3842163085938, std:1090.363525390625
Iter:507, max:4874.74609375, mean:4191.8056640625, min:655.1098022460938, std:1168.162109375
Iter:508, max:4895.24365234375, mean:4219.82177734375, min:723.9658813476562, std:1121.5743408203125
Iter:509, max:4880.9736328125, mean:4198.990234375, min:639.99853515625, std:1159.63330078125
Iter:510, max:4904.81005859375, mean:4124.87060546875, min:485.17962646484375, std:1249.2613525390625
Iter:511, max:4889.39111328125, mean:4240.1943359375, min:708.14306640625, std:1123.6802978515625
Iter:512, max:4884.91796875, mean:4212.9521484375, min:597.8014526367188, std:1142.934326171875
Iter:513, max:4893.6728515625, mean:4047.1865234375, min:438.704345703125, std:1306.318115234375
Iter:514, max:4911.2587890625, mean:4146.033203125, min:459.6221008300781, std:1227.19873046875
Iter:515, max:4902.97314453125, mean:4100.140625, min:491.1148376464844, std:1265.7568359375
Iter:516, max:4913.47998046875, mean:4201.11767578125, min:555.178955078125, std:1151.990234375
Iter:517, max:4942.0048828125, mean:4014.59521484375, min:454.65777587890625, std:1326.5880126953125
Iter:518, max:4905.19287109375, mean:4037.78369140625, min:508.2989501953125, std:1298.7431640625
Iter:519, max:4919.24462890625, mean:4134.0693359375, min:527.9069213867188, std:1210.45166015625
Iter:520, max:4915.75830078125, mean:4123.6865234375, min:424.90093994140625, std:1210.7767333984375
Iter:521, max:4923.015625, mean:4013.23486328125, min:547.0388793945312, std:1342.268798828125
Iter:522, max:4910.435546875, mean:3855.65771484375, min:496.47772216796875, std:1438.1829833984375
Iter:523, max:4934.10546875, mean:3994.91943359375, min:517.635498046875, std:1353.5380859375
Iter:524, max:4917.12841796875, mean:3990.849365234375, min:535.427001953125, std:1321.1519775390625
Iter:525, max:4923.6044921875, mean:3992.56005859375, min:382.19287109375, std:1351.493408203125
Iter:526, max:4930.09619140625, mean:3777.201171875, min:523.4439697265625, std:1486.138671875
Iter:527, max:4936.89404296875, mean:4061.285888671875, min:553.6815795898438, std:1310.112548828125
Iter:528, max:4936.7861328125, mean:4041.44482421875, min:578.1890258789062, std:1299.0401611328125
Iter:529, max:4947.4404296875, mean:4162.3779296875, min:637.6187744140625, std:1220.118896484375
Iter:530, max:4956.89892578125, mean:3909.9462890625, min:539.0181274414062, std:1406.7342529296875
Iter:531, max:4937.84130859375, mean:4074.59521484375, min:501.52777099609375, std:1273.5867919921875
Iter:532, max:4951.1552734375, mean:3864.1591796875, min:375.1949768066406, std:1439.220947265625
Iter:533, max:4960.658203125, mean:4015.500244140625, min:579.1477661132812, std:1310.6712646484375
Iter:534, max:4945.0322265625, mean:4045.173095703125, min:466.59002685546875, std:1301.0655517578125
Iter:535, max:4958.92724609375, mean:3973.838623046875, min:445.9815368652344, std:1424.667724609375
Iter:536, max:4968.9951171875, mean:3954.27587890625, min:338.0226135253906, std:1365.8572998046875
Iter:537, max:4954.56640625, mean:4031.579345703125, min:537.319091796875, std:1316.9422607421875
Iter:538, max:4962.38818359375, mean:3970.35009765625, min:411.5072021484375, std:1413.06298828125
Iter:539, max:4967.80322265625, mean:4111.9873046875, min:491.0885314941406, std:1280.23388671875
Iter:540, max:4974.89306640625, mean:4144.01953125, min:454.9304504394531, std:1252.33056640625
Iter:541, max:4972.8515625, mean:4106.099609375, min:494.3448791503906, std:1291.6614990234375
Iter:542, max:4972.765625, mean:4165.1796875, min:344.9210205078125, std:1252.2054443359375
Iter:543, max:4981.626953125, mean:4127.97509765625, min:415.9102478027344, std:1288.7542724609375
Iter:544, max:5013.8994140625, mean:4030.681640625, min:331.7071533203125, std:1419.353759765625
Iter:545, max:4998.4462890625, mean:4119.5908203125, min:537.5275268554688, std:1304.98876953125
Iter:546, max:4991.55810546875, mean:4066.551025390625, min:426.4066467285156, std:1355.9833984375
Iter:547, max:4985.6337890625, mean:3955.546875, min:542.9842529296875, std:1443.4022216796875
Iter:548, max:5043.0673828125, mean:4067.496337890625, min:365.3873291015625, std:1413.1800537109375
Iter:549, max:5016.14111328125, mean:4230.1015625, min:615.6035766601562, std:1232.455810546875
Iter:550, max:4992.21826171875, mean:4070.88232421875, min:411.50885009765625, std:1412.4771728515625
Iter:551, max:5006.353515625, mean:4190.06787109375, min:387.715087890625, std:1291.663330078125
Iter:552, max:5012.92822265625, mean:4208.2158203125, min:456.77801513671875, std:1280.729248046875
Iter:553, max:5025.07373046875, mean:4050.570068359375, min:475.0080871582031, std:1412.3035888671875
Iter:554, max:5010.67578125, mean:4189.64501953125, min:402.8371887207031, std:1302.30908203125
Iter:555, max:5014.2080078125, mean:4113.154296875, min:496.371337890625, std:1379.994384765625
Iter:556, max:5020.21484375, mean:3992.203369140625, min:304.6267395019531, std:1495.9781494140625
Iter:557, max:5030.86181640625, mean:4353.736328125, min:449.2762145996094, std:1183.712890625
Iter:558, max:5017.83544921875, mean:4139.0830078125, min:428.8646240234375, std:1387.5711669921875
Iter:559, max:5037.05078125, mean:4103.54345703125, min:522.192138671875, std:1409.257080078125
Iter:560, max:5040.57373046875, mean:4076.918701171875, min:345.43121337890625, std:1452.9521484375
Iter:561, max:5050.04638671875, mean:4088.721923828125, min:465.4509582519531, std:1431.173095703125
Iter:562, max:5046.2177734375, mean:4230.578125, min:396.9797668457031, std:1316.030517578125
Iter:563, max:5062.17041015625, mean:4353.33203125, min:423.7500915527344, std:1206.5599365234375
Iter:564, max:5069.6708984375, mean:4325.69140625, min:593.8472900390625, std:1248.7933349609375
Iter:565, max:5062.1337890625, mean:4251.5986328125, min:382.556640625, std:1320.062744140625
Iter:566, max:5068.50537109375, mean:4212.42138671875, min:407.86541748046875, std:1359.7767333984375
Iter:567, max:5061.77001953125, mean:4128.45068359375, min:530.3504028320312, std:1437.5155029296875
Iter:568, max:5077.490234375, mean:4168.92431640625, min:319.400146484375, std:1417.6485595703125
Iter:569, max:5090.19580078125, mean:4141.146484375, min:381.6347961425781, std:1438.3082275390625
Iter:570, max:5075.4609375, mean:4275.77294921875, min:536.7720947265625, std:1308.87890625
Iter:571, max:5104.623046875, mean:4138.455078125, min:390.43572998046875, std:1476.6956787109375
Iter:572, max:5089.5126953125, mean:4233.47265625, min:412.87481689453125, std:1389.79443359375
Iter:573, max:5099.5732421875, mean:4247.6767578125, min:447.1340026855469, std:1348.3905029296875
Iter:574, max:5091.32763671875, mean:4116.0322265625, min:538.9466552734375, std:1496.0799560546875
Iter:575, max:5103.26806640625, mean:4145.3271484375, min:592.3497314453125, std:1449.8963623046875
Iter:576, max:5119.763671875, mean:4337.208984375, min:524.6610107421875, std:1297.78662109375
Iter:577, max:5111.12353515625, mean:4179.76171875, min:359.1234130859375, std:1410.515625
Iter:578, max:5114.865234375, mean:4315.4658203125, min:554.647216796875, std:1318.232666015625
Iter:579, max:5115.1572265625, mean:4224.74560546875, min:498.4117126464844, std:1422.27734375
Iter:580, max:5133.99560546875, mean:3963.75341796875, min:300.8399353027344, std:1682.299072265625
Iter:581, max:5133.27392578125, mean:4300.72509765625, min:393.0686950683594, std:1367.1837158203125
Iter:582, max:5147.263671875, mean:4355.1103515625, min:479.1215515136719, std:1329.0030517578125
Iter:583, max:5132.8251953125, mean:4215.09521484375, min:380.9646301269531, std:1455.6864013671875
Iter:584, max:5145.05126953125, mean:4262.7822265625, min:561.11572265625, std:1384.771484375
Iter:585, max:5155.6591796875, mean:3999.169921875, min:307.9342346191406, std:1678.5406494140625
Iter:586, max:5157.50048828125, mean:4098.6484375, min:466.13250732421875, std:1581.593017578125
Iter:587, max:5147.19384765625, mean:4298.7373046875, min:346.2578430175781, std:1422.1361083984375
Iter:588, max:5172.45849609375, mean:4359.837890625, min:500.451904296875, std:1373.4168701171875
Iter:589, max:5178.37255859375, mean:4377.27734375, min:409.65008544921875, std:1372.5003662109375
Iter:590, max:5161.94873046875, mean:4327.4873046875, min:475.87579345703125, std:1423.4608154296875
Iter:591, max:5162.2138671875, mean:4377.34423828125, min:382.4475402832031, std:1389.3062744140625
Iter:592, max:5168.9033203125, mean:4356.3623046875, min:380.9576416015625, std:1425.454345703125
Iter:593, max:5179.0498046875, mean:4454.5078125, min:454.43145751953125, std:1319.12841796875
Iter:594, max:5182.3466796875, mean:4330.1171875, min:391.6858825683594, std:1437.495849609375
Iter:595, max:5175.19970703125, mean:4360.7509765625, min:359.79638671875, std:1401.9822998046875
Iter:596, max:5175.97216796875, mean:3577.017578125, min:265.2932434082031, std:1964.1177978515625
Iter:597, max:5200.40283203125, mean:4380.96337890625, min:460.1995849609375, std:1398.6595458984375
Iter:598, max:5191.31982421875, mean:4479.6806640625, min:513.4103393554688, std:1308.04296875
Iter:599, max:5223.31884765625, mean:4438.1708984375, min:535.722412109375, std:1349.2855224609375
Iter:600, max:5211.9619140625, mean:4165.705078125, min:316.1072998046875, std:1641.571044921875
Iter:601, max:5209.59326171875, mean:4477.294921875, min:371.2930908203125, std:1354.148193359375
Iter:602, max:5187.4794921875, mean:3944.17578125, min:314.0672607421875, std:1836.064208984375
Iter:603, max:5210.984375, mean:4380.16015625, min:496.3518371582031, std:1421.654296875
Iter:604, max:5205.94287109375, mean:4458.328125, min:550.5311889648438, std:1355.89892578125
Iter:605, max:5219.73974609375, mean:4452.30908203125, min:371.9577331542969, std:1392.5897216796875
Iter:606, max:5217.302734375, mean:4403.76171875, min:475.4007568359375, std:1442.593994140625
Iter:607, max:5216.89697265625, mean:4268.1748046875, min:310.6628723144531, std:1573.5330810546875
Iter:608, max:5218.5517578125, mean:4392.1474609375, min:326.63116455078125, std:1475.50390625
Iter:609, max:5209.4599609375, mean:4452.1982421875, min:330.85882568359375, std:1387.569091796875
Iter:610, max:5218.9228515625, mean:4398.34375, min:429.5581359863281, std:1427.3946533203125
Iter:611, max:5224.4736328125, mean:4318.2548828125, min:275.14691162109375, std:1530.538818359375
Iter:612, max:5221.63525390625, mean:4522.06884765625, min:431.67596435546875, std:1339.3861083984375
Iter:613, max:5220.4306640625, mean:4504.1142578125, min:339.4990234375, std:1378.8123779296875
Iter:614, max:5233.50830078125, mean:4572.630859375, min:403.0917663574219, std:1291.8389892578125
Iter:615, max:5226.50146484375, mean:4308.404296875, min:297.0963439941406, std:1572.1727294921875
Iter:616, max:5230.1513671875, mean:4552.017578125, min:357.4959411621094, std:1300.13427734375
Iter:617, max:5225.73876953125, mean:4552.59228515625, min:480.23291015625, std:1329.39892578125
Iter:618, max:5230.2451171875, mean:4527.1416015625, min:380.8712463378906, std:1359.500244140625
Iter:619, max:5225.2548828125, mean:4466.7578125, min:335.1834411621094, std:1440.2073974609375
Iter:620, max:5246.7177734375, mean:4571.0029296875, min:410.39190673828125, std:1335.2933349609375
Iter:621, max:5233.01416015625, mean:4613.4501953125, min:339.6360168457031, std:1287.00341796875
Iter:622, max:5235.830078125, mean:3581.670654296875, min:314.132568359375, std:2074.266845703125
Iter:623, max:5238.0283203125, mean:4537.033203125, min:343.744140625, std:1374.741455078125
Iter:624, max:5245.3583984375, mean:4627.818359375, min:332.9847106933594, std:1257.93017578125
Iter:625, max:5239.64892578125, mean:4678.671875, min:490.136474609375, std:1177.892822265625
Iter:626, max:5240.21630859375, mean:4351.3662109375, min:291.2414855957031, std:1593.115478515625
Iter:627, max:5241.55712890625, mean:4689.59619140625, min:337.2035217285156, std:1212.10498046875
Iter:628, max:5243.9638671875, mean:4711.47265625, min:479.3983459472656, std:1161.8941650390625
Iter:629, max:5252.66845703125, mean:4666.919921875, min:280.98699951171875, std:1254.15869140625
Iter:630, max:5246.0458984375, mean:4622.7001953125, min:344.4652404785156, std:1287.002685546875
Iter:631, max:5245.36376953125, mean:4602.7919921875, min:304.0726623535156, std:1332.536376953125
Iter:632, max:5245.8232421875, mean:4681.5693359375, min:411.7213439941406, std:1225.5257568359375
Iter:633, max:5256.51318359375, mean:4774.13232421875, min:535.3060302734375, std:1078.429443359375
Iter:634, max:5256.0400390625, mean:4792.0263671875, min:413.4263000488281, std:1046.6959228515625
Iter:635, max:5258.591796875, mean:4583.1044921875, min:341.9892578125, std:1380.4698486328125
Iter:636, max:5253.72314453125, mean:4751.1044921875, min:531.8887939453125, std:1137.3424072265625
Iter:637, max:5245.64501953125, mean:4776.37646484375, min:435.0269775390625, std:1087.638671875
Iter:638, max:5288.8408203125, mean:4605.6640625, min:315.21673583984375, std:1352.7796630859375
Iter:639, max:5264.78271484375, mean:4720.37548828125, min:465.64208984375, std:1168.343505859375
Iter:640, max:5259.11083984375, mean:4689.1806640625, min:338.2388916015625, std:1236.0050048828125
Iter:641, max:5252.09619140625, mean:4787.5791015625, min:334.7494201660156, std:1134.080810546875
Iter:642, max:5262.1962890625, mean:4833.609375, min:351.3782958984375, std:1031.801513671875
Iter:643, max:5264.01025390625, mean:4770.2451171875, min:530.16162109375, std:1141.7039794921875
Iter:644, max:5265.22265625, mean:4699.79296875, min:517.177978515625, std:1232.0701904296875
Iter:645, max:5280.31396484375, mean:4777.1962890625, min:451.8985595703125, std:1126.500244140625
Iter:646, max:5267.05615234375, mean:4620.9619140625, min:401.5517883300781, std:1357.4273681640625
Iter:647, max:5282.619140625, mean:4748.16064453125, min:361.694091796875, std:1168.552978515625
Iter:648, max:5270.541015625, mean:4711.669921875, min:408.8697509765625, std:1196.690673828125
Iter:649, max:5279.18701171875, mean:4465.5966796875, min:360.7177734375, std:1530.3277587890625
Iter:650, max:5278.0830078125, mean:4365.7119140625, min:313.3170471191406, std:1643.7080078125
Iter:651, max:5292.45361328125, mean:4693.66015625, min:399.2632141113281, std:1275.181396484375
Iter:652, max:5276.01904296875, mean:4773.08056640625, min:468.6279296875, std:1150.6912841796875
Iter:653, max:5289.6474609375, mean:4706.314453125, min:313.0733642578125, std:1278.2772216796875
Iter:654, max:5289.919921875, mean:4589.8369140625, min:393.9000549316406, std:1409.042236328125
Iter:655, max:5289.2998046875, mean:4640.75390625, min:441.4965515136719, std:1357.251708984375
Iter:656, max:5290.6650390625, mean:4800.53076171875, min:563.5365600585938, std:1149.6961669921875
Iter:657, max:5294.43115234375, mean:4796.7275390625, min:362.7958984375, std:1200.35986328125
Iter:658, max:5291.27880859375, mean:4722.95703125, min:487.97857666015625, std:1291.0609130859375
Iter:659, max:5303.2021484375, mean:4797.54638671875, min:497.3251037597656, std:1192.6031494140625
Iter:660, max:5302.732421875, mean:4606.59326171875, min:287.30316162109375, std:1456.5723876953125
Iter:661, max:5302.15673828125, mean:4697.6396484375, min:448.4134826660156, std:1311.001953125
Iter:662, max:5312.6181640625, mean:4503.9697265625, min:393.9454345703125, std:1586.0537109375
Iter:663, max:5313.8681640625, mean:4734.96630859375, min:446.77764892578125, std:1291.7200927734375
Iter:664, max:5318.4501953125, mean:4705.2734375, min:437.916259765625, std:1331.9385986328125
Iter:665, max:5312.2763671875, mean:4669.88720703125, min:386.9075927734375, std:1414.3726806640625
Iter:666, max:5317.87109375, mean:4439.27685546875, min:339.6553039550781, std:1627.94140625
Iter:667, max:5323.958984375, mean:4604.607421875, min:354.2879638671875, std:1497.69091796875
Iter:668, max:5325.095703125, mean:4634.328125, min:393.8501892089844, std:1450.5213623046875
Iter:669, max:5321.20263671875, mean:4553.21044921875, min:447.19281005859375, std:1550.05908203125
Iter:670, max:5322.6767578125, mean:4735.7412109375, min:316.3567810058594, std:1296.9996337890625
Iter:671, max:5318.17138671875, mean:4315.06884765625, min:347.2984924316406, std:1750.1923828125
Iter:672, max:5328.67041015625, mean:4620.70703125, min:345.27972412109375, std:1467.5205078125
Iter:673, max:5323.564453125, mean:4593.1953125, min:360.1292419433594, std:1507.5833740234375
Iter:674, max:5338.62255859375, mean:4697.20751953125, min:379.4578552246094, std:1396.738525390625
Iter:675, max:5327.10205078125, mean:4592.6875, min:319.121337890625, std:1513.958984375
Iter:676, max:5343.88671875, mean:4811.716796875, min:416.08367919921875, std:1232.2806396484375
Iter:677, max:5335.552734375, mean:4675.43017578125, min:367.24786376953125, std:1395.779052734375
Iter:678, max:5336.33984375, mean:4494.2939453125, min:393.37371826171875, std:1591.23193359375
Iter:679, max:5339.416015625, mean:4699.0849609375, min:384.90533447265625, std:1375.9310302734375
Iter:680, max:5348.59619140625, mean:4531.76220703125, min:313.56597900390625, std:1556.526611328125
Iter:681, max:5344.60107421875, mean:4769.1708984375, min:394.8489990234375, std:1258.5255126953125
Iter:682, max:5347.232421875, mean:4832.5244140625, min:455.8185729980469, std:1205.212890625
Iter:683, max:5343.9423828125, mean:4773.6005859375, min:393.9518737792969, std:1269.244384765625
Iter:684, max:5348.70556640625, mean:4845.56396484375, min:569.657470703125, std:1155.9686279296875
Iter:685, max:5350.07958984375, mean:4683.3271484375, min:362.3358154296875, std:1369.3839111328125
Iter:686, max:5352.07861328125, mean:4636.1845703125, min:350.582275390625, std:1444.6329345703125
Iter:687, max:5367.93359375, mean:4686.748046875, min:326.9518127441406, std:1360.1971435546875
Iter:688, max:5360.23388671875, mean:4702.1064453125, min:382.330322265625, std:1323.5594482421875
Iter:689, max:5360.44384765625, mean:4808.2451171875, min:446.5521240234375, std:1199.9022216796875
Iter:690, max:5365.41015625, mean:4314.3759765625, min:330.9413146972656, std:1779.471923828125
Iter:691, max:5358.1416015625, mean:4595.7705078125, min:410.4835205078125, std:1442.2667236328125
Iter:692, max:5353.31787109375, mean:4702.15380859375, min:422.8406982421875, std:1362.4410400390625
Iter:693, max:5370.46923828125, mean:4919.28125, min:371.61590576171875, std:1073.1722412109375
Iter:694, max:5364.77001953125, mean:4807.84033203125, min:505.1584167480469, std:1220.848876953125
Iter:695, max:5363.0732421875, mean:4775.7548828125, min:303.5018615722656, std:1301.31103515625
Iter:696, max:5376.40966796875, mean:4681.7099609375, min:440.0819396972656, std:1400.6510009765625
Iter:697, max:5369.1142578125, mean:4893.0078125, min:441.5841369628906, std:1144.7708740234375
Iter:698, max:5375.31005859375, mean:4834.044921875, min:471.15203857421875, std:1230.83740234375
Iter:699, max:5373.11181640625, mean:4774.447265625, min:493.0328369140625, std:1299.156005859375
Iter:700, max:5378.28759765625, mean:4959.8447265625, min:497.1402893066406, std:1055.811279296875
Iter:701, max:5382.47265625, mean:4971.2578125, min:413.0580139160156, std:1065.2684326171875
Iter:702, max:5374.47119140625, mean:4653.33740234375, min:423.3908996582031, std:1481.53076171875
Iter:703, max:5370.97509765625, mean:4840.0146484375, min:520.8298950195312, std:1237.327880859375
Iter:704, max:5377.1533203125, mean:5033.00439453125, min:513.1469116210938, std:917.8576049804688
Iter:705, max:5377.58203125, mean:5020.2841796875, min:601.8538208007812, std:977.8568115234375
Iter:706, max:5391.181640625, mean:5036.1611328125, min:442.0310974121094, std:938.5238647460938
Iter:707, max:5384.12451171875, mean:4940.8583984375, min:336.3493957519531, std:1161.638916015625
Iter:708, max:5394.17626953125, mean:5052.7978515625, min:369.8321838378906, std:969.8944702148438
Iter:709, max:5382.474609375, mean:5106.455078125, min:507.31219482421875, std:848.8211059570312
Iter:710, max:5387.64111328125, mean:4903.5205078125, min:437.233154296875, std:1189.591552734375
Iter:711, max:5393.07568359375, mean:5059.517578125, min:385.0594482421875, std:949.1289672851562
Iter:712, max:5382.9052734375, mean:4973.97265625, min:547.7146606445312, std:1128.638671875
Iter:713, max:5392.63720703125, mean:5001.8974609375, min:461.448974609375, std:1061.6019287109375
Iter:714, max:5409.63134765625, mean:5024.9052734375, min:510.819580078125, std:1045.4180908203125
Iter:715, max:5394.42041015625, mean:4998.04541015625, min:353.6861572265625, std:1120.117431640625
Iter:716, max:5406.83056640625, mean:5063.70703125, min:580.4139404296875, std:954.3435668945312
Iter:717, max:5393.96630859375, mean:4921.22021484375, min:467.1429138183594, std:1232.0123291015625
Iter:718, max:5396.30810546875, mean:5052.82421875, min:393.10137939453125, std:1059.707275390625
Iter:719, max:5404.7333984375, mean:5092.0341796875, min:381.7469787597656, std:953.7576293945312
Iter:720, max:5405.56591796875, mean:5105.88525390625, min:570.8886108398438, std:938.347412109375
Iter:721, max:5410.087890625, mean:5122.3134765625, min:445.5449523925781, std:908.9284057617188
Iter:722, max:5408.3671875, mean:4992.13037109375, min:378.79046630859375, std:1164.0032958984375
Iter:723, max:5411.103515625, mean:4894.9091796875, min:423.658447265625, std:1303.5321044921875
Iter:724, max:5410.99072265625, mean:5103.63623046875, min:419.2283020019531, std:969.1207885742188
Iter:725, max:5406.53076171875, mean:4640.060546875, min:316.2198181152344, std:1665.299072265625
Iter:726, max:5417.107421875, mean:5038.642578125, min:376.43829345703125, std:1094.7125244140625
Iter:727, max:5410.1748046875, mean:4956.12548828125, min:346.5439453125, std:1248.970703125
Iter:728, max:5427.7861328125, mean:4998.689453125, min:371.8988952636719, std:1186.3475341796875
Iter:729, max:5431.58349609375, mean:5037.6611328125, min:374.503662109375, std:1099.4539794921875
Iter:730, max:5425.94140625, mean:4848.37158203125, min:446.8041076660156, std:1392.3226318359375
Iter:731, max:5427.701171875, mean:4982.2197265625, min:393.2652893066406, std:1216.8385009765625
Iter:732, max:5421.97412109375, mean:4855.994140625, min:295.6974182128906, std:1398.1051025390625
Iter:733, max:5442.29638671875, mean:4891.3017578125, min:332.6468505859375, std:1395.7698974609375
Iter:734, max:5435.63525390625, mean:4807.9345703125, min:359.8553161621094, std:1456.24609375
Iter:735, max:5440.32470703125, mean:4777.587890625, min:351.6302185058594, std:1512.552978515625
Iter:736, max:5430.54248046875, mean:4956.71484375, min:348.1124572753906, std:1277.0758056640625
Iter:737, max:5437.896484375, mean:4845.32958984375, min:385.87921142578125, std:1428.788330078125
Iter:738, max:5439.07568359375, mean:4529.45263671875, min:358.23931884765625, std:1751.85546875
Iter:739, max:5447.70556640625, mean:5056.45751953125, min:342.05377197265625, std:1116.3807373046875
Iter:740, max:5449.9970703125, mean:5010.1533203125, min:369.9394836425781, std:1166.9014892578125
Iter:741, max:5450.6162109375, mean:5035.7763671875, min:411.1438903808594, std:1147.6617431640625
Iter:742, max:5450.79736328125, mean:4682.533203125, min:349.646484375, std:1622.712890625
Iter:743, max:5452.6455078125, mean:4589.0068359375, min:346.6201477050781, std:1706.888671875
Iter:744, max:5447.9345703125, mean:4810.3564453125, min:310.7773742675781, std:1455.0198974609375
Iter:745, max:5456.09765625, mean:4892.29296875, min:481.09796142578125, std:1367.7127685546875
Iter:746, max:5462.2490234375, mean:4619.89892578125, min:335.1843566894531, std:1720.89208984375
Iter:747, max:5462.9619140625, mean:4880.39404296875, min:422.3455505371094, std:1381.71923828125
Iter:748, max:5462.28076171875, mean:4637.787109375, min:360.45257568359375, std:1681.3359375
Iter:749, max:5473.15283203125, mean:4248.2197265625, min:322.8045654296875, std:2008.3729248046875
Iter:750, max:5468.63720703125, mean:4593.61962890625, min:311.6993408203125, std:1724.5279541015625
Iter:751, max:5466.67529296875, mean:4453.10693359375, min:442.419677734375, std:1820.8831787109375
Iter:752, max:5477.134765625, mean:4649.4228515625, min:337.79736328125, std:1662.22412109375
Iter:753, max:5474.87548828125, mean:4607.8271484375, min:405.9649353027344, std:1673.908447265625
Iter:754, max:5477.95751953125, mean:4636.00146484375, min:356.1375427246094, std:1663.878662109375
Iter:755, max:5468.57470703125, mean:4941.06884765625, min:369.6661376953125, std:1301.22607421875
Iter:756, max:5476.923828125, mean:4767.9853515625, min:326.666259765625, std:1531.7923583984375
Iter:757, max:5475.2294921875, mean:4926.873046875, min:419.14471435546875, std:1344.01123046875
Iter:758, max:5483.90283203125, mean:4940.6904296875, min:353.8382263183594, std:1308.405517578125
Iter:759, max:5497.33251953125, mean:4526.9619140625, min:340.9421081542969, std:1787.181884765625
Iter:760, max:5485.361328125, mean:4742.6513671875, min:420.86260986328125, std:1538.8349609375
Iter:761, max:5491.4697265625, mean:4935.8740234375, min:466.2311706542969, std:1296.9246826171875
Iter:762, max:5483.2109375, mean:4722.3486328125, min:442.01129150390625, std:1582.3255615234375
Iter:763, max:5489.7265625, mean:4683.333984375, min:435.0370178222656, std:1621.4158935546875
Iter:764, max:5495.42626953125, mean:4911.43994140625, min:325.06390380859375, std:1331.4581298828125
Iter:765, max:5493.32666015625, mean:4944.3798828125, min:380.90521240234375, std:1304.4586181640625
Iter:766, max:5486.619140625, mean:5099.3681640625, min:438.890380859375, std:1063.51953125
Iter:767, max:5513.08056640625, mean:4258.26171875, min:312.8006286621094, std:2010.777099609375
Iter:768, max:5504.62841796875, mean:4881.470703125, min:331.1847839355469, std:1398.7186279296875
Iter:769, max:5503.38427734375, mean:4895.55029296875, min:320.0701599121094, std:1407.3070068359375
Iter:770, max:5501.931640625, mean:5032.763671875, min:346.4861145019531, std:1188.572265625
Iter:771, max:5499.16552734375, mean:5078.0478515625, min:411.3458251953125, std:1110.4637451171875
Iter:772, max:5512.744140625, mean:4967.5576171875, min:346.0536804199219, std:1295.9766845703125
Iter:773, max:5519.96728515625, mean:5171.6650390625, min:422.4906311035156, std:956.0289916992188
Iter:774, max:5532.587890625, mean:4896.33642578125, min:469.9035949707031, std:1389.7918701171875
Iter:775, max:5511.5498046875, mean:4867.1572265625, min:323.3646545410156, std:1483.753662109375
Iter:776, max:5510.95703125, mean:4997.037109375, min:341.44268798828125, std:1274.6993408203125
Iter:777, max:5510.09814453125, mean:4958.541015625, min:419.7759704589844, std:1288.1243896484375
Iter:778, max:5529.52734375, mean:5033.03173828125, min:363.94677734375, std:1212.512451171875
Iter:779, max:5527.9697265625, mean:4929.2900390625, min:354.2459716796875, std:1364.6005859375
Iter:780, max:5527.47607421875, mean:4436.1533203125, min:318.6709289550781, std:1893.7923583984375
Iter:781, max:5530.25146484375, mean:4867.1220703125, min:324.6158752441406, std:1445.7890625
Iter:782, max:5526.9130859375, mean:5146.4912109375, min:429.367919921875, std:1023.614501953125
Iter:783, max:5522.421875, mean:5121.896484375, min:425.5359191894531, std:1068.5330810546875
Iter:784, max:5536.99462890625, mean:5042.0029296875, min:602.1253051757812, std:1178.4976806640625
Iter:785, max:5531.287109375, mean:5057.7529296875, min:469.1295166015625, std:1169.1192626953125
Iter:786, max:5533.05810546875, mean:4804.8779296875, min:353.8605651855469, std:1552.6358642578125
Iter:787, max:5536.626953125, mean:5109.4794921875, min:331.8447265625, std:1083.901611328125
Iter:788, max:5544.53271484375, mean:4998.5615234375, min:322.4246826171875, std:1282.7998046875
Iter:789, max:5540.5859375, mean:5116.91943359375, min:461.7853698730469, std:1093.0072021484375
Iter:790, max:5544.8369140625, mean:5139.18212890625, min:531.9404907226562, std:1015.4869995117188
Iter:791, max:5550.84619140625, mean:5097.3876953125, min:411.2733154296875, std:1108.486572265625
Iter:792, max:5555.30810546875, mean:5094.701171875, min:454.52069091796875, std:1131.4527587890625
Iter:793, max:5559.9287109375, mean:5095.783203125, min:659.5970458984375, std:1098.7384033203125
Iter:794, max:5544.89990234375, mean:5039.9052734375, min:350.6143493652344, std:1253.17333984375
Iter:795, max:5553.90283203125, mean:5201.79296875, min:479.645263671875, std:933.4943237304688
Iter:796, max:5549.96875, mean:4729.17333984375, min:332.61328125, std:1644.283203125
Iter:797, max:5564.46533203125, mean:5096.55126953125, min:589.6248168945312, std:1137.150390625
Iter:798, max:5571.1943359375, mean:5120.25634765625, min:609.0811157226562, std:1100.8951416015625
Iter:799, max:5570.30126953125, mean:5113.2548828125, min:555.0928344726562, std:1110.0631103515625
Iter:800, max:5572.6025390625, mean:5107.00048828125, min:372.59130859375, std:1118.9715576171875
Iter:801, max:5563.650390625, mean:4639.0693359375, min:312.3350524902344, std:1738.7137451171875
Iter:802, max:5569.55908203125, mean:5086.240234375, min:455.4939270019531, std:1162.0635986328125
Iter:803, max:5579.033203125, mean:5160.48095703125, min:375.1123046875, std:1037.532470703125
Iter:804, max:5568.52880859375, mean:5114.3310546875, min:430.096923828125, std:1115.4674072265625
Iter:805, max:5571.36328125, mean:5207.8681640625, min:453.6127014160156, std:937.1517944335938
Iter:806, max:5572.048828125, mean:5174.81982421875, min:553.4468994140625, std:1031.32470703125
Iter:807, max:5582.7880859375, mean:5082.54931640625, min:492.99981689453125, std:1152.1279296875
Iter:808, max:5594.25732421875, mean:5109.8056640625, min:430.1685791015625, std:1127.5196533203125
Iter:809, max:5573.6962890625, mean:4995.42919921875, min:353.95794677734375, std:1350.2994384765625
Iter:810, max:5587.0478515625, mean:5093.5439453125, min:421.6354064941406, std:1144.0164794921875
Iter:811, max:5603.7353515625, mean:5099.0576171875, min:352.01763916015625, std:1124.7611083984375
Iter:812, max:5593.2353515625, mean:5086.2529296875, min:492.71221923828125, std:1130.86865234375
Iter:813, max:5600.60302734375, mean:4973.3955078125, min:381.078125, std:1323.7088623046875
Iter:814, max:5594.48779296875, mean:5097.1005859375, min:484.2192687988281, std:1100.176513671875
Iter:815, max:5596.26416015625, mean:4975.09033203125, min:318.0871276855469, std:1309.990234375
Iter:816, max:5601.8291015625, mean:4964.072265625, min:363.8075256347656, std:1318.0577392578125
Iter:817, max:5602.09130859375, mean:5065.60205078125, min:345.1320495605469, std:1157.7403564453125
Iter:818, max:5616.33642578125, mean:5015.6494140625, min:438.2104187011719, std:1247.9666748046875
Iter:819, max:5612.2705078125, mean:4627.28515625, min:327.1712646484375, std:1708.8070068359375
Iter:820, max:5633.162109375, mean:4470.4228515625, min:325.963623046875, std:1863.8331298828125
Iter:821, max:5607.05859375, mean:4661.25244140625, min:291.21429443359375, std:1690.16748046875
Iter:822, max:5611.2880859375, mean:5055.39892578125, min:498.98675537109375, std:1224.2884521484375
Iter:823, max:5632.01953125, mean:5094.1064453125, min:514.91455078125, std:1189.6507568359375
Iter:824, max:5616.89990234375, mean:4744.24072265625, min:329.2346496582031, std:1611.4757080078125
Iter:825, max:5625.9248046875, mean:4973.31494140625, min:484.3905029296875, std:1314.900634765625
Iter:826, max:5620.1904296875, mean:4786.6572265625, min:333.97918701171875, std:1539.683349609375
Iter:827, max:5630.75732421875, mean:4970.98974609375, min:425.53985595703125, std:1364.538330078125
Iter:828, max:5622.71630859375, mean:5126.2802734375, min:484.0001525878906, std:1141.6483154296875
Iter:829, max:5631.88671875, mean:5079.33642578125, min:512.3591918945312, std:1212.2135009765625
Iter:830, max:5634.56787109375, mean:4872.06103515625, min:421.11993408203125, std:1518.7218017578125
Iter:831, max:5612.89111328125, mean:4878.19287109375, min:349.6182556152344, std:1493.883056640625
Iter:832, max:5629.2392578125, mean:5085.8486328125, min:581.5884399414062, std:1233.895263671875
Iter:833, max:5642.60009765625, mean:4860.130859375, min:315.3807373046875, std:1523.9447021484375
Iter:834, max:5646.22021484375, mean:4937.30517578125, min:499.7995300292969, std:1390.19677734375
Iter:835, max:5646.72998046875, mean:4879.4326171875, min:375.0166320800781, std:1501.93994140625
Iter:836, max:5655.22705078125, mean:4811.9501953125, min:473.043701171875, std:1573.391845703125
Iter:837, max:5645.337890625, mean:4961.142578125, min:437.99310302734375, std:1413.2119140625
Iter:838, max:5644.3251953125, mean:5097.96484375, min:391.1953125, std:1216.1243896484375
Iter:839, max:5647.39599609375, mean:4902.31689453125, min:331.72552490234375, std:1528.0533447265625
Iter:840, max:5652.4619140625, mean:5110.7216796875, min:431.3175354003906, std:1220.7823486328125
Iter:841, max:5660.1875, mean:5096.82373046875, min:568.020263671875, std:1241.050537109375
Iter:842, max:5656.02587890625, mean:5228.81103515625, min:688.4869384765625, std:1041.921630859375
Iter:843, max:5656.6474609375, mean:5239.685546875, min:401.88055419921875, std:1092.9249267578125
Iter:844, max:5646.40771484375, mean:5173.77734375, min:527.5069580078125, std:1194.5775146484375
Iter:845, max:5669.37255859375, mean:5243.189453125, min:323.7341613769531, std:1032.746337890625
Iter:846, max:5666.53369140625, mean:5104.10546875, min:596.54833984375, std:1241.6348876953125
Iter:847, max:5667.7783203125, mean:5074.56005859375, min:457.42779541015625, std:1341.4541015625
Iter:848, max:5678.07666015625, mean:5193.0771484375, min:617.0010986328125, std:1150.711669921875
Iter:849, max:5662.0244140625, mean:5140.45166015625, min:615.25830078125, std:1196.9827880859375
Iter:850, max:5670.42529296875, mean:5201.34375, min:402.2894287109375, std:1185.7347412109375
Iter:851, max:5671.7578125, mean:5210.810546875, min:525.1783447265625, std:1106.367919921875
Iter:852, max:5685.37109375, mean:5084.9384765625, min:469.70001220703125, std:1374.380615234375
Iter:853, max:5689.19287109375, mean:5111.880859375, min:517.1564331054688, std:1324.201416015625
Iter:854, max:5686.74365234375, mean:5274.4580078125, min:373.53582763671875, std:1042.9461669921875
Iter:855, max:5681.82763671875, mean:5317.38330078125, min:493.92694091796875, std:954.1886596679688
Iter:856, max:5684.4541015625, mean:5259.986328125, min:556.0595703125, std:1086.957275390625
Iter:857, max:5698.3125, mean:5321.7412109375, min:575.1616821289062, std:1007.6557006835938
Iter:858, max:5691.09375, mean:5279.05029296875, min:473.930908203125, std:1083.815185546875
Iter:859, max:5688.4326171875, mean:5342.41162109375, min:638.7449340820312, std:960.7269897460938
Iter:860, max:5716.626953125, mean:5233.4306640625, min:448.5724792480469, std:1161.4036865234375
Iter:861, max:5698.69189453125, mean:5353.8486328125, min:389.08489990234375, std:962.0137329101562
Iter:862, max:5692.5087890625, mean:5231.13525390625, min:379.8458251953125, std:1151.0828857421875
Iter:863, max:5712.61181640625, mean:5288.6328125, min:348.4820861816406, std:1089.3709716796875
Iter:864, max:5703.9716796875, mean:5381.3701171875, min:581.2183227539062, std:912.2809448242188
Iter:865, max:5716.9990234375, mean:5381.7119140625, min:486.5992736816406, std:920.7760620117188
Iter:866, max:5718.3603515625, mean:5220.02734375, min:398.15966796875, std:1220.57958984375
Iter:867, max:5718.4541015625, mean:5256.12353515625, min:589.8523559570312, std:1154.2091064453125
Iter:868, max:5716.92919921875, mean:5315.36328125, min:485.1966552734375, std:1029.3565673828125
Iter:869, max:5723.42236328125, mean:5414.4609375, min:564.816162109375, std:864.8350219726562
Iter:870, max:5714.07568359375, mean:5390.916015625, min:565.2643432617188, std:884.7950439453125
Iter:871, max:5713.2060546875, mean:5225.88134765625, min:343.2577819824219, std:1208.0240478515625
Iter:872, max:5725.84033203125, mean:5127.6865234375, min:362.77410888671875, std:1367.025146484375
Iter:873, max:5726.35986328125, mean:5189.306640625, min:333.5262756347656, std:1296.0047607421875
Iter:874, max:5732.5888671875, mean:5322.439453125, min:595.3334350585938, std:1019.70947265625
Iter:875, max:5736.5966796875, mean:5342.853515625, min:617.7157592773438, std:1015.6986694335938
Iter:876, max:5743.36572265625, mean:5165.4921875, min:330.1566162109375, std:1332.6024169921875
Iter:877, max:5734.0517578125, mean:5170.68212890625, min:304.1031799316406, std:1305.0389404296875
Iter:878, max:5733.4677734375, mean:5253.55029296875, min:502.4096984863281, std:1186.95947265625
Iter:879, max:5750.71826171875, mean:5208.6162109375, min:519.7655029296875, std:1226.0987548828125
Iter:880, max:5758.44482421875, mean:5252.236328125, min:509.0501403808594, std:1186.4974365234375
Iter:881, max:5769.29052734375, mean:5093.869140625, min:330.7878723144531, std:1465.487060546875
Iter:882, max:5741.6640625, mean:5183.1630859375, min:472.06634521484375, std:1285.2850341796875
Iter:883, max:5753.369140625, mean:5272.810546875, min:448.60052490234375, std:1131.403564453125
Iter:884, max:5759.6171875, mean:5185.6123046875, min:399.7834777832031, std:1282.82568359375
Iter:885, max:5756.68310546875, mean:5257.1728515625, min:472.565185546875, std:1158.6005859375
Iter:886, max:5763.09228515625, mean:5293.373046875, min:535.8121337890625, std:1148.4349365234375
Iter:887, max:5767.58251953125, mean:5259.56640625, min:508.6246337890625, std:1213.48583984375
Iter:888, max:5781.033203125, mean:5286.51611328125, min:352.6311950683594, std:1120.4385986328125
Iter:889, max:5768.548828125, mean:5299.48828125, min:347.78778076171875, std:1108.683837890625
Iter:890, max:5782.029296875, mean:5339.90478515625, min:596.6522827148438, std:1076.1962890625
Iter:891, max:5772.4853515625, mean:5215.49853515625, min:326.8212585449219, std:1280.0250244140625
Iter:892, max:5774.1943359375, mean:5370.287109375, min:701.8110961914062, std:1012.2434692382812
Iter:893, max:5776.93603515625, mean:5341.8056640625, min:547.755859375, std:1074.385009765625
Iter:894, max:5782.8525390625, mean:5305.427734375, min:501.6466979980469, std:1135.13330078125
Iter:895, max:5795.017578125, mean:5197.70458984375, min:460.15118408203125, std:1315.6356201171875
Iter:896, max:5792.1044921875, mean:5158.498046875, min:516.6542358398438, std:1347.0948486328125
Iter:897, max:5797.84619140625, mean:5259.134765625, min:561.1395263671875, std:1211.9677734375
Iter:898, max:5798.84326171875, mean:5218.30078125, min:561.7642822265625, std:1309.448486328125
Iter:899, max:5795.17529296875, mean:5240.9365234375, min:347.7334289550781, std:1277.7784423828125
Iter:900, max:5802.1259765625, mean:5320.53369140625, min:493.2308349609375, std:1160.77734375
Iter:901, max:5808.61376953125, mean:5334.99365234375, min:544.350341796875, std:1106.0328369140625
Iter:902, max:5799.65576171875, mean:5265.482421875, min:578.3715209960938, std:1230.550048828125
Iter:903, max:5809.63671875, mean:5228.55322265625, min:472.776123046875, std:1309.5321044921875
Iter:904, max:5809.7392578125, mean:4989.7060546875, min:315.5556945800781, std:1655.3702392578125
Iter:905, max:5802.62060546875, mean:4415.34423828125, min:300.63671875, std:2128.338623046875
Iter:906, max:5825.3623046875, mean:5339.248046875, min:408.4344787597656, std:1179.6484375
Iter:907, max:5847.541015625, mean:5196.83251953125, min:432.9475402832031, std:1406.742919921875
Iter:908, max:5827.23974609375, mean:5257.58349609375, min:310.61883544921875, std:1290.9991455078125
Iter:909, max:5817.64990234375, mean:5224.3740234375, min:410.800048828125, std:1328.75634765625
Iter:910, max:5825.35302734375, mean:5202.73828125, min:336.7195129394531, std:1340.030517578125
Iter:911, max:5827.72802734375, mean:5282.4482421875, min:483.7458801269531, std:1263.138427734375
Iter:912, max:5834.61376953125, mean:5349.41357421875, min:356.5814514160156, std:1160.168701171875
Iter:913, max:5821.091796875, mean:5302.0654296875, min:478.3267822265625, std:1225.57568359375
Iter:914, max:5846.49365234375, mean:5085.6650390625, min:443.1680908203125, std:1510.0299072265625
Iter:915, max:5843.470703125, mean:5232.94482421875, min:468.2613220214844, std:1301.04345703125
Iter:916, max:5846.52099609375, mean:4883.232421875, min:397.9805908203125, std:1761.618408203125
Iter:917, max:5857.390625, mean:4915.1767578125, min:357.2134094238281, std:1732.94921875
Iter:918, max:5849.134765625, mean:5174.86328125, min:473.32855224609375, std:1448.1190185546875
Iter:919, max:5842.0556640625, mean:5333.39013671875, min:477.6920471191406, std:1207.4039306640625
Iter:920, max:5846.88330078125, mean:5179.8564453125, min:369.2462158203125, std:1424.7364501953125
Iter:921, max:5863.39697265625, mean:5139.9208984375, min:412.5173645019531, std:1501.0384521484375
Iter:922, max:5845.8955078125, mean:5161.3369140625, min:454.7297668457031, std:1472.49169921875
Iter:923, max:5872.9248046875, mean:5181.8525390625, min:433.5942077636719, std:1427.4652099609375
Iter:924, max:5857.2568359375, mean:4998.08447265625, min:369.4800720214844, std:1645.9964599609375
Iter:925, max:5869.31494140625, mean:5142.44140625, min:370.652587890625, std:1491.846435546875
Iter:926, max:5862.275390625, mean:5057.0595703125, min:427.5379638671875, std:1638.3812255859375
Iter:927, max:5866.619140625, mean:5264.94921875, min:393.0130615234375, std:1327.71875
Iter:928, max:5866.74951171875, mean:5067.62841796875, min:488.6806945800781, std:1577.69384765625
Iter:929, max:5887.48974609375, mean:5228.529296875, min:441.5520324707031, std:1372.3487548828125
Iter:930, max:5889.99365234375, mean:5299.197265625, min:335.73651123046875, std:1297.35498046875
Iter:931, max:5878.748046875, mean:5256.29443359375, min:449.4323425292969, std:1326.944091796875
Iter:932, max:5877.87158203125, mean:5173.0673828125, min:525.006103515625, std:1472.922607421875
Iter:933, max:5887.1123046875, mean:5100.44873046875, min:375.7159423828125, std:1525.146240234375
Iter:934, max:5883.88720703125, mean:5043.8173828125, min:489.86517333984375, std:1611.109619140625
Iter:935, max:5884.171875, mean:5270.66796875, min:385.39813232421875, std:1301.663330078125
Iter:936, max:5889.7802734375, mean:5302.4853515625, min:513.8765869140625, std:1297.2701416015625
Iter:937, max:5895.31689453125, mean:5392.07666015625, min:481.9049072265625, std:1148.4849853515625
Iter:938, max:5888.10791015625, mean:5207.0966796875, min:430.3350830078125, std:1436.4454345703125
Iter:939, max:5902.330078125, mean:5303.0634765625, min:408.5910339355469, std:1316.8067626953125
Iter:940, max:5933.68115234375, mean:5171.6435546875, min:444.2227783203125, std:1479.6234130859375
Iter:941, max:5918.9384765625, mean:5292.18408203125, min:419.0023193359375, std:1326.8179931640625
Iter:942, max:5915.1220703125, mean:5256.72802734375, min:550.640625, std:1394.7384033203125
Iter:943, max:5901.06884765625, mean:5173.86474609375, min:468.1094055175781, std:1499.2408447265625
Iter:944, max:5909.064453125, mean:5338.80859375, min:415.4708251953125, std:1298.3787841796875
Iter:945, max:5903.64794921875, mean:5300.15185546875, min:441.6689453125, std:1342.6021728515625
Iter:946, max:5921.3359375, mean:5431.03125, min:524.773193359375, std:1149.75146484375
Iter:947, max:5936.88916015625, mean:5288.345703125, min:544.117919921875, std:1388.8009033203125
Iter:948, max:5919.64306640625, mean:5004.59765625, min:470.15374755859375, std:1703.309814453125
Iter:949, max:5928.3701171875, mean:5086.1123046875, min:441.5103454589844, std:1627.8050537109375
Iter:950, max:5924.38134765625, mean:5423.6181640625, min:389.8621826171875, std:1166.0252685546875
Iter:951, max:5932.52734375, mean:5385.94921875, min:578.8418579101562, std:1202.5484619140625
Iter:952, max:5938.46826171875, mean:5149.0078125, min:431.2291564941406, std:1591.3853759765625
Iter:953, max:5930.748046875, mean:5337.2578125, min:335.1664733886719, std:1333.3887939453125
Iter:954, max:5941.19873046875, mean:5219.736328125, min:355.6765441894531, std:1490.32666015625
Iter:955, max:5937.3642578125, mean:5378.5048828125, min:503.3506774902344, std:1262.09619140625
Iter:956, max:5969.166015625, mean:5407.681640625, min:497.35003662109375, std:1212.15576171875
Iter:957, max:5937.88525390625, mean:5430.52001953125, min:536.5631713867188, std:1163.906494140625
Iter:958, max:5936.10107421875, mean:5485.5732421875, min:506.7909851074219, std:1135.29052734375
Iter:959, max:5956.98046875, mean:5415.740234375, min:480.92193603515625, std:1249.0777587890625
Iter:960, max:5944.35302734375, mean:5416.1416015625, min:505.5750427246094, std:1252.246337890625
Iter:961, max:5963.1259765625, mean:5411.0361328125, min:459.821533203125, std:1243.8665771484375
Iter:962, max:5947.97021484375, mean:5272.59423828125, min:327.2569885253906, std:1515.2486572265625
Iter:963, max:5972.07177734375, mean:5375.62646484375, min:519.9661254882812, std:1319.8011474609375
Iter:964, max:5948.66748046875, mean:5373.56640625, min:494.646240234375, std:1357.639892578125
Iter:965, max:5968.23974609375, mean:5484.82421875, min:495.4781799316406, std:1150.7486572265625
Iter:966, max:5963.35302734375, mean:5242.3232421875, min:466.3131103515625, std:1547.071044921875
Iter:967, max:5964.85546875, mean:5263.8408203125, min:333.207275390625, std:1502.2568359375
Iter:968, max:5961.0224609375, mean:5371.8046875, min:435.70361328125, std:1368.95458984375
Iter:969, max:5956.45361328125, mean:5386.1962890625, min:336.29302978515625, std:1351.7701416015625
Iter:970, max:5961.359375, mean:5088.4208984375, min:336.3151550292969, std:1741.3701171875
Iter:971, max:5986.87109375, mean:5342.79736328125, min:357.1627197265625, std:1416.53271484375
Iter:972, max:5992.80712890625, mean:5245.646484375, min:475.9640808105469, std:1559.9677734375
Iter:973, max:5997.82958984375, mean:5471.74267578125, min:425.05987548828125, std:1208.17578125
Iter:974, max:5977.93701171875, mean:5435.61083984375, min:491.2286376953125, std:1287.2685546875
Iter:975, max:5991.50439453125, mean:5378.4248046875, min:429.55340576171875, std:1365.016845703125
Iter:976, max:5980.197265625, mean:5311.6171875, min:450.122802734375, std:1472.0179443359375
Iter:977, max:5981.07861328125, mean:5404.814453125, min:450.5006408691406, std:1323.3800048828125
Iter:978, max:5986.76611328125, mean:5286.70947265625, min:286.765869140625, std:1519.905517578125
Iter:979, max:5996.296875, mean:4809.453125, min:288.3600158691406, std:2018.96923828125
Iter:980, max:5981.25048828125, mean:4599.19287109375, min:291.0936584472656, std:2170.237060546875
Iter:981, max:5998.82275390625, mean:5320.1259765625, min:336.3050231933594, std:1485.102783203125
Iter:982, max:5997.033203125, mean:5206.2587890625, min:371.4206848144531, std:1609.3341064453125
Iter:983, max:5987.60986328125, mean:5229.099609375, min:304.056396484375, std:1578.954833984375
Iter:984, max:5983.9423828125, mean:5137.2412109375, min:318.39959716796875, std:1729.5438232421875
Iter:985, max:5995.34716796875, mean:5439.48046875, min:454.4964599609375, std:1303.5494384765625
Iter:986, max:5987.7548828125, mean:5521.095703125, min:510.77880859375, std:1139.147705078125
Iter:987, max:6006.2880859375, mean:5404.8974609375, min:505.0182800292969, std:1346.273193359375
Iter:988, max:6008.03369140625, mean:5371.3466796875, min:399.6327209472656, std:1434.2454833984375
Iter:989, max:6033.552734375, mean:5476.3173828125, min:414.1562194824219, std:1214.848388671875
Iter:990, max:6017.24658203125, mean:5384.076171875, min:325.5519714355469, std:1410.90478515625
Iter:991, max:6017.146484375, mean:5178.37109375, min:331.1601257324219, std:1703.0589599609375
Iter:992, max:6009.408203125, mean:5382.25146484375, min:331.05133056640625, std:1385.80322265625
Iter:993, max:6017.90869140625, mean:5497.03125, min:341.2545166015625, std:1261.037841796875
Iter:994, max:6017.673828125, mean:5532.3935546875, min:347.42254638671875, std:1144.9112548828125
Iter:995, max:6014.904296875, mean:5587.162109375, min:470.0381774902344, std:1095.4228515625
Iter:996, max:6026.28564453125, mean:5607.029296875, min:537.211669921875, std:1066.871826171875
Iter:997, max:6019.24560546875, mean:5596.4130859375, min:557.516357421875, std:1038.755859375
Iter:998, max:6026.91796875, mean:5597.4814453125, min:466.7099914550781, std:1095.97705078125
Iter:999, max:6031.7646484375, mean:5631.9501953125, min:578.2325439453125, std:994.3141479492188
