Iter:0, max:21130.59765625, mean:7888.763671875, min:5907.31005859375, std:1949.2801513671875
Iter:1, max:21925.095703125, mean:8232.1982421875, min:5910.6513671875, std:2200.376953125
Iter:2, max:23502.8125, mean:8798.9970703125, min:5922.98681640625, std:2474.114013671875
Iter:3, max:24454.7578125, mean:9269.970703125, min:5918.2734375, std:2564.003662109375
Iter:4, max:24143.021484375, mean:10138.5234375, min:5917.9423828125, std:2904.421630859375
Iter:5, max:24566.9140625, mean:11093.474609375, min:5965.94384765625, std:3109.701171875
Iter:6, max:24649.947265625, mean:12080.513671875, min:6164.41552734375, std:3149.78955078125
Iter:7, max:24074.947265625, mean:12935.8583984375, min:6442.841796875, std:2871.13330078125
Iter:8, max:25692.603515625, mean:13882.1015625, min:7834.82275390625, std:3060.9697265625
Iter:9, max:26632.294921875, mean:14190.0810546875, min:8769.927734375, std:2776.23583984375
Iter:10, max:23365.97265625, mean:14364.8955078125, min:9414.072265625, std:2510.24072265625
Iter:11, max:25836.419921875, mean:14863.361328125, min:8978.974609375, std:2685.328369140625
Iter:12, max:24897.3125, mean:14724.001953125, min:9666.1884765625, std:2545.989501953125
Iter:13, max:24778.240234375, mean:15332.0625, min:10597.314453125, std:2822.60107421875
Iter:14, max:24986.22265625, mean:15521.599609375, min:10200.3349609375, std:2706.055908203125
Iter:15, max:27457.4375, mean:15592.7509765625, min:10419.9228515625, std:2822.2685546875
Iter:16, max:30247.822265625, mean:16016.7314453125, min:10346.4296875, std:3005.973876953125
Iter:17, max:27294.626953125, mean:16401.716796875, min:10664.0400390625, std:2930.14990234375
Iter:18, max:30428.81640625, mean:17023.48046875, min:11175.3134765625, std:3200.342041015625
Iter:19, max:25958.927734375, mean:17168.013671875, min:9822.2080078125, std:3079.327392578125
Iter:20, max:33147.18359375, mean:17935.728515625, min:10358.3203125, std:3529.931396484375
Iter:21, max:30939.724609375, mean:17947.54296875, min:11593.73828125, std:3226.60400390625
Iter:22, max:33345.94140625, mean:18627.72265625, min:11343.8759765625, std:3339.956298828125
Iter:23, max:30770.310546875, mean:18966.53515625, min:11440.2412109375, std:3512.419189453125
Iter:24, max:30984.52734375, mean:19630.34765625, min:10930.306640625, std:3488.43310546875
Iter:25, max:33239.1953125, mean:19774.13671875, min:12283.2236328125, std:3480.593505859375
Iter:26, max:36387.2421875, mean:20147.43359375, min:12489.853515625, std:3914.688232421875
Iter:27, max:36609.1640625, mean:20630.673828125, min:10601.326171875, std:3805.53369140625
Iter:28, max:34575.68359375, mean:21060.580078125, min:12278.3828125, std:3852.73828125
Iter:29, max:34611.2109375, mean:21314.0859375, min:12959.818359375, std:3612.626708984375
Iter:30, max:33044.6328125, mean:21809.015625, min:12825.6943359375, std:3652.144775390625
Iter:31, max:34835.6640625, mean:21926.38671875, min:13334.4306640625, std:3706.011962890625
Iter:32, max:36487.84765625, mean:22492.609375, min:13655.68359375, std:3860.12841796875
Iter:33, max:36234.3828125, mean:22794.11328125, min:11552.580078125, std:3894.02392578125
Iter:34, max:36510.7109375, mean:22976.8828125, min:11928.8203125, std:3782.377685546875
Iter:35, max:38045.23828125, mean:23559.27734375, min:13045.1064453125, std:3773.909423828125
Iter:36, max:38077.81640625, mean:23542.603515625, min:14237.8564453125, std:3908.60107421875
Iter:37, max:41279.50390625, mean:24237.05078125, min:12649.3798828125, std:4013.68115234375
Iter:38, max:41788.8125, mean:24180.45703125, min:9851.884765625, std:4105.51220703125
Iter:39, max:36270.91015625, mean:24334.880859375, min:15434.171875, std:3813.306884765625
Iter:40, max:39421.171875, mean:24602.05078125, min:13104.9052734375, std:3898.809326171875
Iter:41, max:39716.4921875, mean:24808.857421875, min:15524.521484375, std:4043.978271484375
Iter:42, max:41838.6640625, mean:24982.3359375, min:15468.4755859375, std:3846.9814453125
Iter:43, max:41986.99609375, mean:25684.478515625, min:15854.0205078125, std:4104.92919921875
Iter:44, max:44839.4453125, mean:25651.837890625, min:14901.154296875, std:3977.57568359375
Iter:45, max:47645.59375, mean:26056.23046875, min:14280.220703125, std:4089.917724609375
Iter:46, max:39095.08984375, mean:25811.076171875, min:12613.1123046875, std:4190.26513671875
Iter:47, max:44368.63671875, mean:26412.51953125, min:17030.8671875, std:4024.516357421875
Iter:48, max:39805.83984375, mean:26394.916015625, min:14378.333984375, std:4000.444580078125
Iter:49, max:39407.28125, mean:26662.4921875, min:14121.80078125, std:4045.543212890625
Iter:50, max:39506.06640625, mean:27306.35546875, min:14697.482421875, std:4047.170166015625
Iter:51, max:41732.390625, mean:27364.6875, min:15635.744140625, std:3921.890625
Iter:52, max:39148.08984375, mean:27096.033203125, min:16128.9716796875, std:4083.24072265625
Iter:53, max:55795.45703125, mean:27464.44140625, min:16064.6162109375, std:4198.23876953125
Iter:54, max:46689.96484375, mean:27215.974609375, min:16571.04296875, std:4020.1865234375
Iter:55, max:43312.5390625, mean:27687.025390625, min:15633.421875, std:4118.5966796875
Iter:56, max:45155.70703125, mean:27614.197265625, min:15244.42578125, std:4250.3115234375
Iter:57, max:45710.86328125, mean:28259.65625, min:16139.3818359375, std:4200.5390625
Iter:58, max:43175.96875, mean:28303.33203125, min:17116.07421875, std:4123.57958984375
Iter:59, max:44561.015625, mean:27808.982421875, min:13988.884765625, std:3952.026611328125
Iter:60, max:46549.98828125, mean:28311.5703125, min:16948.099609375, std:4086.238037109375
Iter:61, max:43102.98828125, mean:28231.0234375, min:17413.376953125, std:3858.38427734375
Iter:62, max:45076.9296875, mean:28724.1953125, min:18101.7421875, std:4021.28857421875
Iter:63, max:46445.171875, mean:28494.650390625, min:17315.458984375, std:4134.15283203125
Iter:64, max:41324.4921875, mean:28712.392578125, min:18104.353515625, std:3945.94189453125
Iter:65, max:48224.734375, mean:28729.7890625, min:17452.1796875, std:4121.84716796875
Iter:66, max:44276.4140625, mean:28518.87109375, min:13286.3544921875, std:4168.7314453125
Iter:67, max:44578.734375, mean:28627.265625, min:15351.94921875, std:3930.550537109375
Iter:68, max:47433.2890625, mean:29051.84375, min:19348.220703125, std:4096.37646484375
Iter:69, max:50833.71875, mean:28776.86328125, min:18252.345703125, std:4030.505615234375
Iter:70, max:42889.6015625, mean:28881.62109375, min:16539.26953125, std:4056.986328125
Iter:71, max:43857.859375, mean:28939.8828125, min:18566.263671875, std:3881.726806640625
Iter:72, max:52402.34765625, mean:28896.78125, min:15013.2138671875, std:4264.705078125
Iter:73, max:43861.96484375, mean:29230.33203125, min:17488.138671875, std:4031.7470703125
Iter:74, max:44948.1640625, mean:29109.1015625, min:16018.3974609375, std:3927.84619140625
Iter:75, max:42035.296875, mean:29014.7734375, min:17295.931640625, std:3886.688720703125
Iter:76, max:41946.15234375, mean:29406.82421875, min:18820.1953125, std:3959.740234375
Iter:77, max:40526.24609375, mean:29167.37109375, min:20713.6328125, std:3801.815673828125
Iter:78, max:45380.875, mean:29031.5625, min:17468.0234375, std:4052.952392578125
Iter:79, max:54152.75, mean:29160.92578125, min:18565.623046875, std:4313.6669921875
Iter:80, max:44107.26171875, mean:29060.8359375, min:18576.287109375, std:3870.361572265625
Iter:81, max:40319.64453125, mean:29446.04296875, min:19542.33203125, std:3736.9375
Iter:82, max:42880.65234375, mean:29275.41015625, min:19936.845703125, std:3896.081298828125
Iter:83, max:42118.41015625, mean:29382.734375, min:18591.28515625, std:3908.1494140625
Iter:84, max:43729.54296875, mean:29115.3125, min:17713.072265625, std:3667.676025390625
Iter:85, max:46312.05859375, mean:29577.197265625, min:18144.615234375, std:4194.26025390625
Iter:86, max:44406.2109375, mean:29273.33203125, min:19148.806640625, std:3910.061279296875
Iter:87, max:54767.24609375, mean:29630.095703125, min:17670.318359375, std:4081.025634765625
Iter:88, max:45635.49609375, mean:29649.58203125, min:18016.69921875, std:3861.214111328125
Iter:89, max:42914.0625, mean:29620.390625, min:18861.3203125, std:4006.60107421875
Iter:90, max:45359.4609375, mean:29611.57421875, min:18197.05078125, std:3958.2724609375
Iter:91, max:54028.3203125, mean:29929.1640625, min:20947.6875, std:4192.66845703125
Iter:92, max:44840.4296875, mean:29858.515625, min:17066.583984375, std:3980.507568359375
Iter:93, max:45472.62890625, mean:29879.509765625, min:19104.689453125, std:3846.96728515625
Iter:94, max:44843.3671875, mean:29585.138671875, min:18278.72265625, std:4172.79248046875
Iter:95, max:49702.84375, mean:29847.513671875, min:17411.9453125, std:4215.9755859375
Iter:96, max:42692.9140625, mean:29697.2734375, min:18323.810546875, std:3785.43017578125
Iter:97, max:43284.671875, mean:30155.111328125, min:18175.951171875, std:3959.855712890625
Iter:98, max:45612.671875, mean:29613.8828125, min:15755.6220703125, std:4102.09228515625
Iter:99, max:43402.1796875, mean:30060.392578125, min:20087.986328125, std:3946.48486328125
Iter:100, max:47555.625, mean:30006.796875, min:19164.40625, std:4338.08837890625
Iter:101, max:45211.1875, mean:30059.796875, min:19989.0703125, std:3755.962890625
Iter:102, max:43104.14453125, mean:30063.580078125, min:19848.94921875, std:4125.7099609375
Iter:103, max:45268.58203125, mean:30146.3828125, min:16859.056640625, std:4140.8701171875
Iter:104, max:49354.71875, mean:29931.08984375, min:19187.0078125, std:4299.6171875
Iter:105, max:44314.1171875, mean:29949.32421875, min:20753.33203125, std:3920.34228515625
Iter:106, max:48050.96484375, mean:29693.6796875, min:21126.4140625, std:3900.8525390625
Iter:107, max:45832.16796875, mean:29838.75, min:20727.63671875, std:3825.613037109375
Iter:108, max:43314.63671875, mean:29819.62109375, min:18774.12109375, std:3687.176513671875
Iter:109, max:49062.8125, mean:30239.63671875, min:18318.3828125, std:4028.44140625
Iter:110, max:44146.38671875, mean:30117.12890625, min:20448.57421875, std:3864.4384765625
Iter:111, max:44764.97265625, mean:29998.234375, min:19635.4921875, std:4033.577392578125
Iter:112, max:45488.22265625, mean:30165.11328125, min:19157.083984375, std:3924.12939453125
Iter:113, max:44513.16796875, mean:30095.73828125, min:17677.578125, std:3915.640380859375
Iter:114, max:55708.99609375, mean:29942.1953125, min:19325.5, std:4130.39404296875
Iter:115, max:44830.40625, mean:29899.5234375, min:21023.173828125, std:3980.17431640625
Iter:116, max:52849.02734375, mean:30163.17578125, min:19362.576171875, std:4099.7451171875
Iter:117, max:44300.8125, mean:30175.099609375, min:19203.552734375, std:4082.55859375
Iter:118, max:50033.33203125, mean:30245.05078125, min:18478.708984375, std:4193.7001953125
Iter:119, max:44569.07421875, mean:29944.28125, min:21064.21875, std:3816.569580078125
Iter:120, max:44129.22265625, mean:30216.8984375, min:19399.71484375, std:3898.20166015625
Iter:121, max:42321.4453125, mean:30036.212890625, min:19635.85546875, std:4023.433837890625
Iter:122, max:46578.94140625, mean:30247.720703125, min:19988.447265625, std:3988.9091796875
Iter:123, max:40624.640625, mean:30100.396484375, min:21193.376953125, std:3626.076904296875
Iter:124, max:42951.25, mean:30263.404296875, min:18354.25390625, std:3980.045654296875
Iter:125, max:48466.1640625, mean:30348.193359375, min:20673.544921875, std:3924.44775390625
Iter:126, max:48951.85546875, mean:30264.9140625, min:18604.43359375, std:4099.58837890625
Iter:127, max:44540.69140625, mean:30396.328125, min:21900.0390625, std:3915.360107421875
Iter:128, max:54041.4375, mean:30327.84765625, min:19848.359375, std:4319.12158203125
Iter:129, max:43686.96875, mean:30312.37109375, min:19295.794921875, std:3841.309814453125
Iter:130, max:47729.64453125, mean:30330.626953125, min:20138.083984375, std:3938.742431640625
Iter:131, max:43981.9296875, mean:30568.984375, min:16882.818359375, std:4058.6220703125
Iter:132, max:42722.29296875, mean:30444.8359375, min:19675.59765625, std:3775.466064453125
Iter:133, max:45721.0859375, mean:30202.642578125, min:19487.48828125, std:4158.453125
Iter:134, max:41253.41015625, mean:30104.6640625, min:19989.119140625, std:3885.38330078125
Iter:135, max:43143.16015625, mean:30233.6953125, min:18443.30859375, std:3704.9189453125
Iter:136, max:47774.5, mean:30467.73828125, min:21287.064453125, std:3960.66015625
Iter:137, max:44906.28125, mean:30449.482421875, min:19533.978515625, std:3834.976806640625
Iter:138, max:42586.125, mean:30534.48828125, min:20171.1875, std:3967.92626953125
Iter:139, max:45983.8203125, mean:30364.958984375, min:20395.080078125, std:4128.89599609375
Iter:140, max:66839.5625, mean:30290.353515625, min:19390.1171875, std:4292.35791015625
Iter:141, max:43382.70703125, mean:30743.13671875, min:19882.716796875, std:4056.403076171875
Iter:142, max:50137.49609375, mean:30783.220703125, min:20365.625, std:4211.15380859375
Iter:143, max:45364.84375, mean:30356.88671875, min:19439.46875, std:4115.744140625
Iter:144, max:53908.24609375, mean:30493.34765625, min:20152.736328125, std:4241.40234375
Iter:145, max:48097.5703125, mean:30814.236328125, min:20364.68359375, std:4140.88232421875
Iter:146, max:45866.51953125, mean:30663.466796875, min:19917.52734375, std:4032.71435546875
Iter:147, max:55929.05859375, mean:31081.93359375, min:19808.51953125, std:4544.52978515625
Iter:148, max:49233.0234375, mean:30727.525390625, min:18824.525390625, std:4331.7490234375
Iter:149, max:47721.04296875, mean:30426.7265625, min:20841.994140625, std:4089.392333984375
Iter:150, max:48816.90625, mean:30420.078125, min:21553.708984375, std:3968.280517578125
Iter:151, max:46701.4921875, mean:30591.541015625, min:19186.248046875, std:4006.972900390625
Iter:152, max:52177.65625, mean:30527.54296875, min:20993.921875, std:4227.3271484375
Iter:153, max:47461.21484375, mean:30840.83984375, min:20432.69140625, std:4176.4306640625
Iter:154, max:45056.64453125, mean:30717.1328125, min:19938.556640625, std:4220.7275390625
Iter:155, max:42082.125, mean:30634.95703125, min:19506.826171875, std:4163.4697265625
Iter:156, max:45457.7265625, mean:30473.7421875, min:17253.953125, std:4166.33642578125
Iter:157, max:48735.92578125, mean:31037.6484375, min:21005.88671875, std:4149.65380859375
Iter:158, max:47002.18359375, mean:30635.576171875, min:20709.4140625, std:4031.93701171875
Iter:159, max:46775.6953125, mean:30573.50390625, min:19317.166015625, std:4036.593994140625
Iter:160, max:45999.140625, mean:30488.43359375, min:18336.28515625, std:4113.9384765625
Iter:161, max:45619.08203125, mean:30834.029296875, min:19679.677734375, std:3942.9599609375
Iter:162, max:45288.3046875, mean:30898.0, min:18123.427734375, std:4350.64794921875
Iter:163, max:51007.25390625, mean:31028.3203125, min:19477.2890625, std:4591.88916015625
Iter:164, max:47886.33203125, mean:30563.5546875, min:20500.431640625, std:3949.032470703125
Iter:165, max:50598.87109375, mean:31171.91796875, min:19124.68359375, std:4489.05224609375
Iter:166, max:44640.3984375, mean:30643.31640625, min:19811.36328125, std:3985.068115234375
Iter:167, max:44739.125, mean:30928.9453125, min:20216.169921875, std:4114.66552734375
Iter:168, max:43645.6796875, mean:30683.62109375, min:20551.876953125, std:4010.093017578125
Iter:169, max:45157.49609375, mean:31067.56640625, min:18617.328125, std:4122.42041015625
Iter:170, max:45195.25390625, mean:31185.53515625, min:19116.927734375, std:4099.71044921875
Iter:171, max:46586.140625, mean:31206.962890625, min:20170.712890625, std:4215.53271484375
Iter:172, max:47361.078125, mean:30987.55859375, min:18932.544921875, std:4396.892578125
Iter:173, max:47482.83984375, mean:31090.72265625, min:17915.77734375, std:4232.21728515625
Iter:174, max:45847.578125, mean:31122.53125, min:20673.89453125, std:4051.641845703125
Iter:175, max:48795.34765625, mean:31034.5859375, min:21242.162109375, std:4021.6611328125
Iter:176, max:50378.8046875, mean:31130.7578125, min:20201.703125, std:3959.611572265625
Iter:177, max:44258.89453125, mean:31390.9921875, min:18232.216796875, std:4171.703125
Iter:178, max:43182.36328125, mean:30728.7109375, min:19800.755859375, std:3899.757568359375
Iter:179, max:47581.22265625, mean:31395.984375, min:16437.494140625, std:4444.22998046875
Iter:180, max:44533.515625, mean:31237.9140625, min:20929.41796875, std:4114.31396484375
Iter:181, max:49275.49609375, mean:31300.5546875, min:19833.578125, std:4229.28173828125
Iter:182, max:52779.4921875, mean:31338.41796875, min:19650.638671875, std:4347.17431640625
Iter:183, max:47916.7109375, mean:30949.2890625, min:21573.380859375, std:4243.81103515625
Iter:184, max:50231.8203125, mean:30964.291015625, min:21493.7421875, std:4448.84619140625
Iter:185, max:49566.46875, mean:31171.9375, min:18273.9765625, std:4207.08837890625
Iter:186, max:46082.375, mean:31500.705078125, min:21359.49609375, std:4272.91015625
Iter:187, max:50095.37109375, mean:31446.17578125, min:20674.5859375, std:4288.0458984375
Iter:188, max:48190.16796875, mean:31055.1953125, min:19659.4921875, std:3983.287841796875
Iter:189, max:50831.2109375, mean:31574.359375, min:20174.548828125, std:4508.818359375
Iter:190, max:52465.58984375, mean:31461.81640625, min:19710.46875, std:4311.86181640625
Iter:191, max:44679.078125, mean:31168.751953125, min:19503.4921875, std:4232.26806640625
Iter:192, max:52808.71875, mean:31343.42578125, min:19467.568359375, std:4233.44384765625
Iter:193, max:49368.21484375, mean:31441.19921875, min:21073.466796875, std:4407.75244140625
Iter:194, max:45905.953125, mean:31393.19140625, min:19725.330078125, std:4282.8671875
Iter:195, max:61612.375, mean:31510.72265625, min:21752.6640625, std:4473.02734375
Iter:196, max:48420.40234375, mean:31158.6640625, min:18257.52734375, std:4215.8408203125
Iter:197, max:45000.1796875, mean:31364.90234375, min:18418.6484375, std:3989.332275390625
Iter:198, max:47603.05859375, mean:31619.90234375, min:21251.44140625, std:4201.96435546875
Iter:199, max:46401.75390625, mean:31133.41796875, min:17925.37890625, std:4339.66259765625
Iter:200, max:48973.265625, mean:31801.23828125, min:23149.603515625, std:4472.1962890625
Iter:201, max:45077.56640625, mean:31402.826171875, min:18816.853515625, std:4230.74267578125
Iter:202, max:47276.80078125, mean:31255.703125, min:21843.111328125, std:4209.06787109375
Iter:203, max:57400.59375, mean:31366.748046875, min:21205.19140625, std:4288.46142578125
Iter:204, max:49482.79296875, mean:31775.828125, min:20070.8203125, std:4260.173828125
Iter:205, max:46080.4375, mean:31786.923828125, min:22272.74609375, std:4232.87353515625
Iter:206, max:50360.49609375, mean:31848.859375, min:20678.544921875, std:4284.208984375
Iter:207, max:50995.51953125, mean:31834.2890625, min:19186.11328125, std:4728.2255859375
Iter:208, max:47570.59375, mean:31754.22265625, min:19011.412109375, std:4537.14697265625
Iter:209, max:55152.734375, mean:31366.951171875, min:19405.787109375, std:4514.99169921875
Iter:210, max:54669.9609375, mean:31574.69921875, min:20290.87109375, std:4278.95703125
Iter:211, max:49241.32421875, mean:31617.7890625, min:19973.41015625, std:4576.9501953125
Iter:212, max:48636.12109375, mean:31872.1015625, min:20650.09765625, std:4468.5146484375
Iter:213, max:49583.68359375, mean:31669.353515625, min:16824.15625, std:4315.8310546875
Iter:214, max:51459.62890625, mean:32024.6484375, min:22583.6015625, std:4439.9423828125
Iter:215, max:50249.0390625, mean:31484.5859375, min:22027.17578125, std:4235.0498046875
Iter:216, max:43996.484375, mean:31416.662109375, min:19299.94921875, std:4243.583984375
Iter:217, max:49656.29296875, mean:31777.25390625, min:20476.189453125, std:4569.50439453125
Iter:218, max:45687.96875, mean:31542.79296875, min:21695.10546875, std:4488.0205078125
Iter:219, max:50084.953125, mean:31902.716796875, min:18990.697265625, std:4554.2138671875
Iter:220, max:47875.73046875, mean:31742.04296875, min:19451.615234375, std:4246.61767578125
Iter:221, max:52964.05078125, mean:31618.9765625, min:20305.546875, std:4628.4765625
Iter:222, max:47359.9765625, mean:31875.90625, min:19639.150390625, std:4394.16943359375
Iter:223, max:47329.1328125, mean:31498.00390625, min:22374.611328125, std:4305.43994140625
Iter:224, max:49196.09765625, mean:32071.3046875, min:22107.96875, std:4607.580078125
Iter:225, max:48651.30859375, mean:32075.296875, min:20298.203125, std:4259.875
Iter:226, max:49097.84765625, mean:31585.34375, min:19643.408203125, std:4581.97607421875
Iter:227, max:46748.234375, mean:32011.58984375, min:16959.298828125, std:4619.08056640625
Iter:228, max:55816.34375, mean:32314.880859375, min:19975.056640625, std:4680.224609375
Iter:229, max:48702.53515625, mean:31911.01171875, min:21741.181640625, std:4727.25634765625
Iter:230, max:52877.20703125, mean:32393.578125, min:20603.37109375, std:4763.49853515625
Iter:231, max:54073.45703125, mean:32110.7890625, min:21539.83984375, std:4619.458984375
Iter:232, max:51288.60546875, mean:32048.009765625, min:21340.97265625, std:4397.17041015625
Iter:233, max:46171.109375, mean:32033.03125, min:21629.109375, std:4514.294921875
Iter:234, max:48202.0859375, mean:32154.50390625, min:19504.015625, std:4801.55859375
Iter:235, max:47424.296875, mean:32350.55078125, min:20028.115234375, std:4380.53662109375
Iter:236, max:50345.8359375, mean:32317.01171875, min:17632.685546875, std:4605.052734375
Iter:237, max:54103.1953125, mean:32071.6796875, min:20913.123046875, std:4740.54638671875
Iter:238, max:49049.89453125, mean:32230.802734375, min:19356.099609375, std:4452.07763671875
Iter:239, max:51736.3359375, mean:32409.375, min:21988.68359375, std:4732.892578125
Iter:240, max:51472.62109375, mean:32256.388671875, min:22149.7890625, std:4532.09765625
Iter:241, max:48207.2109375, mean:32309.123046875, min:20237.158203125, std:4822.818359375
Iter:242, max:52477.1328125, mean:32711.6640625, min:19872.970703125, std:4989.18115234375
Iter:243, max:49381.61328125, mean:32504.12890625, min:21761.3046875, std:4565.66650390625
Iter:244, max:50683.5546875, mean:32246.85546875, min:22176.205078125, std:4621.99365234375
Iter:245, max:48244.13671875, mean:32490.52734375, min:20458.009765625, std:4605.7783203125
Iter:246, max:45701.37890625, mean:32633.890625, min:20658.251953125, std:4681.16552734375
Iter:247, max:48429.2109375, mean:32533.185546875, min:19955.830078125, std:4968.67919921875
Iter:248, max:46646.97265625, mean:32420.42578125, min:21856.9609375, std:4761.7197265625
Iter:249, max:47437.9453125, mean:32241.498046875, min:22453.986328125, std:4347.6484375
Iter:250, max:61315.16796875, mean:32357.5859375, min:20365.220703125, std:4939.59033203125
Iter:251, max:47431.4453125, mean:32190.078125, min:20259.064453125, std:4746.74365234375
Iter:252, max:52856.19921875, mean:32763.255859375, min:20512.296875, std:4518.74609375
Iter:253, max:50431.80859375, mean:32790.5234375, min:18897.94921875, std:4660.78564453125
Iter:254, max:46417.1875, mean:32275.3203125, min:22064.669921875, std:4531.00927734375
Iter:255, max:49302.265625, mean:32654.95703125, min:20005.546875, std:4701.39208984375
Iter:256, max:57299.14453125, mean:32497.966796875, min:20134.919921875, std:4725.6455078125
Iter:257, max:46665.953125, mean:32473.19140625, min:20746.337890625, std:4533.6279296875
Iter:258, max:48999.40625, mean:32479.06640625, min:20394.34765625, std:4645.12939453125
Iter:259, max:50632.97265625, mean:33033.5703125, min:19467.509765625, std:5138.20654296875
Iter:260, max:49537.94140625, mean:32650.828125, min:20247.26171875, std:4747.68994140625
Iter:261, max:46583.98828125, mean:32607.66796875, min:21242.060546875, std:4769.3349609375
Iter:262, max:49005.12890625, mean:32483.3203125, min:21928.255859375, std:4627.01611328125
Iter:263, max:48726.01171875, mean:33165.03125, min:20226.056640625, std:4971.6357421875
Iter:264, max:52613.2734375, mean:32676.162109375, min:19201.470703125, std:4910.54638671875
Iter:265, max:50254.1640625, mean:33166.4921875, min:21006.63671875, std:4782.77685546875
Iter:266, max:50856.05078125, mean:32629.158203125, min:20262.8125, std:4804.80322265625
Iter:267, max:47579.8359375, mean:33003.75390625, min:20728.943359375, std:4885.84326171875
Iter:268, max:49692.76953125, mean:32639.21484375, min:20396.876953125, std:4697.87841796875
Iter:269, max:47445.109375, mean:32634.36328125, min:21364.373046875, std:4621.4755859375
Iter:270, max:48812.0234375, mean:32871.203125, min:18833.400390625, std:4760.87060546875
Iter:271, max:45825.02734375, mean:33045.00390625, min:21959.416015625, std:4654.2880859375
Iter:272, max:47154.28515625, mean:33042.5703125, min:20347.474609375, std:4582.44580078125
Iter:273, max:48322.97265625, mean:33162.37890625, min:22537.244140625, std:4546.48291015625
Iter:274, max:49236.34375, mean:33204.7421875, min:18758.4140625, std:4979.69091796875
Iter:275, max:47441.8515625, mean:33031.66015625, min:20089.49609375, std:4769.49267578125
Iter:276, max:48897.87890625, mean:33070.7109375, min:21578.615234375, std:4886.03515625
Iter:277, max:47833.4140625, mean:33053.5078125, min:17535.16796875, std:4780.4140625
Iter:278, max:47545.58203125, mean:32940.3125, min:21053.798828125, std:4902.4951171875
Iter:279, max:47180.14453125, mean:33104.0703125, min:20113.21875, std:4769.01806640625
Iter:280, max:47565.45703125, mean:33155.078125, min:21942.23046875, std:4621.9970703125
Iter:281, max:47625.5078125, mean:33134.828125, min:22107.572265625, std:4822.556640625
Iter:282, max:52292.4609375, mean:32954.125, min:21154.97265625, std:4699.16748046875
Iter:283, max:50342.3046875, mean:33050.3515625, min:21612.685546875, std:4823.85595703125
Iter:284, max:47791.08203125, mean:32987.8046875, min:22102.0859375, std:4720.771484375
Iter:285, max:53812.24609375, mean:33147.59375, min:17757.55078125, std:4779.458984375
Iter:286, max:47273.34765625, mean:32978.1875, min:20732.962890625, std:4616.62646484375
Iter:287, max:53197.77734375, mean:33213.140625, min:17457.638671875, std:4773.6005859375
Iter:288, max:48810.91015625, mean:33797.65625, min:23672.853515625, std:4817.13623046875
Iter:289, max:48635.44140625, mean:33242.609375, min:21654.955078125, std:4634.96435546875
Iter:290, max:47846.75390625, mean:33300.03515625, min:21644.869140625, std:4434.9541015625
Iter:291, max:51871.92578125, mean:33636.484375, min:18234.982421875, std:4935.8369140625
Iter:292, max:48293.58203125, mean:33556.6875, min:18253.43359375, std:4773.982421875
Iter:293, max:48790.390625, mean:33160.4921875, min:19892.82421875, std:4604.62353515625
Iter:294, max:51447.67578125, mean:33600.8671875, min:22374.6875, std:4626.2587890625
Iter:295, max:59366.20703125, mean:33629.06640625, min:21046.23046875, std:4829.59228515625
Iter:296, max:49218.19921875, mean:33357.7109375, min:20692.22265625, std:4628.1337890625
Iter:297, max:50283.8046875, mean:33840.6875, min:19364.80078125, std:5000.58935546875
Iter:298, max:54411.1171875, mean:33318.8671875, min:21299.197265625, std:4648.53857421875
Iter:299, max:50147.52734375, mean:33357.16796875, min:20666.82421875, std:4833.5
Iter:300, max:47855.98828125, mean:33767.0625, min:21095.474609375, std:4657.12841796875
Iter:301, max:53849.98828125, mean:33990.7578125, min:22688.3984375, std:4653.43701171875
Iter:302, max:58616.60546875, mean:33655.6953125, min:22737.037109375, std:4733.09326171875
Iter:303, max:49295.15625, mean:33249.37109375, min:21993.05078125, std:4914.82373046875
Iter:304, max:55858.01171875, mean:33830.24609375, min:22774.509765625, std:4952.564453125
Iter:305, max:54038.83203125, mean:34040.0078125, min:19158.345703125, std:4874.1611328125
Iter:306, max:51500.3046875, mean:33591.78125, min:20888.21484375, std:4602.8251953125
Iter:307, max:53136.10546875, mean:33628.9609375, min:22223.544921875, std:4835.20849609375
Iter:308, max:47409.44921875, mean:33804.1484375, min:20429.939453125, std:4384.064453125
Iter:309, max:56401.125, mean:33916.7890625, min:21916.431640625, std:4584.2998046875
Iter:310, max:47197.83984375, mean:33817.53125, min:20764.73046875, std:4650.60791015625
Iter:311, max:53861.08984375, mean:33727.50390625, min:22191.794921875, std:4770.2509765625
Iter:312, max:49321.5546875, mean:33865.9609375, min:20654.171875, std:4309.2802734375
Iter:313, max:47455.91015625, mean:33720.4375, min:19388.794921875, std:4634.0654296875
Iter:314, max:48322.4609375, mean:34013.0703125, min:20913.08984375, std:4368.35693359375
Iter:315, max:48944.046875, mean:33927.5703125, min:22189.068359375, std:4641.51220703125
Iter:316, max:52927.05078125, mean:33872.78125, min:20949.626953125, std:4514.830078125
Iter:317, max:48472.0546875, mean:34080.2890625, min:23189.513671875, std:4637.70947265625
Iter:318, max:49111.7890625, mean:33798.9375, min:23391.896484375, std:4552.39111328125
Iter:319, max:48113.08203125, mean:34028.0859375, min:22930.521484375, std:4617.45263671875
Iter:320, max:49797.23828125, mean:34201.828125, min:20601.748046875, std:4591.40771484375
Iter:321, max:51583.86328125, mean:34098.87890625, min:18840.45703125, std:4751.810546875
Iter:322, max:51941.0703125, mean:34071.56640625, min:20273.234375, std:4685.5
Iter:323, max:57016.421875, mean:33951.2109375, min:23120.603515625, std:4895.94873046875
Iter:324, max:52460.33984375, mean:34329.109375, min:22710.904296875, std:4912.93798828125
Iter:325, max:52385.8125, mean:33827.28125, min:23029.734375, std:4793.72412109375
Iter:326, max:52779.3359375, mean:34231.0234375, min:22591.83203125, std:4420.6865234375
Iter:327, max:47988.08203125, mean:34238.109375, min:19925.357421875, std:4487.36865234375
Iter:328, max:53457.43359375, mean:34427.92578125, min:21671.640625, std:4582.2138671875
Iter:329, max:49654.40234375, mean:34296.671875, min:23901.8359375, std:4685.90380859375
Iter:330, max:52285.44921875, mean:34102.2734375, min:22478.365234375, std:4485.14306640625
Iter:331, max:47743.03515625, mean:34725.16015625, min:22435.375, std:4533.2099609375
Iter:332, max:49556.8203125, mean:34227.25, min:21078.572265625, std:4426.8232421875
Iter:333, max:51861.984375, mean:34966.47265625, min:23272.015625, std:4546.65966796875
Iter:334, max:54928.43359375, mean:34529.99609375, min:18713.4453125, std:4929.525390625
Iter:335, max:48935.73828125, mean:34899.59765625, min:22060.96875, std:4634.13671875
Iter:336, max:50763.48046875, mean:34730.76171875, min:21478.048828125, std:4429.50830078125
Iter:337, max:48933.80078125, mean:34056.359375, min:22494.51953125, std:4807.76171875
Iter:338, max:50369.09765625, mean:34660.6484375, min:21246.482421875, std:4573.03369140625
Iter:339, max:47668.53515625, mean:34577.23046875, min:22492.794921875, std:4526.56298828125
Iter:340, max:51528.7578125, mean:34625.515625, min:23862.822265625, std:4617.568359375
Iter:341, max:53103.98046875, mean:34475.6640625, min:21333.263671875, std:4614.40625
Iter:342, max:51504.3515625, mean:34940.484375, min:22402.453125, std:4712.78076171875
Iter:343, max:52158.69140625, mean:34990.87890625, min:22171.890625, std:4451.85888671875
Iter:344, max:54399.23046875, mean:34410.90234375, min:24279.919921875, std:4655.73681640625
Iter:345, max:56981.12890625, mean:34940.609375, min:23173.6171875, std:4508.52294921875
Iter:346, max:48692.38671875, mean:34987.9609375, min:23227.59765625, std:4872.84228515625
Iter:347, max:50766.8671875, mean:34897.7578125, min:23573.517578125, std:4707.8935546875
Iter:348, max:49343.078125, mean:34908.94921875, min:22233.876953125, std:4815.607421875
Iter:349, max:49372.80859375, mean:35012.4609375, min:23281.990234375, std:4545.11767578125
Iter:350, max:56997.68359375, mean:34912.9453125, min:24258.76953125, std:4501.701171875
Iter:351, max:51417.4609375, mean:34764.54296875, min:21941.951171875, std:4553.3544921875
Iter:352, max:60282.7421875, mean:35143.19921875, min:23671.427734375, std:4781.77001953125
Iter:353, max:51701.19140625, mean:35046.875, min:21300.203125, std:4851.99755859375
Iter:354, max:52205.5546875, mean:35243.2265625, min:22539.1640625, std:4901.306640625
Iter:355, max:53996.83984375, mean:34823.6328125, min:23474.9921875, std:4755.36669921875
Iter:356, max:51328.67578125, mean:34760.96875, min:23505.306640625, std:4578.09375
Iter:357, max:51450.23046875, mean:34857.65625, min:23266.923828125, std:4690.748046875
Iter:358, max:53062.98046875, mean:35435.82421875, min:24145.388671875, std:4838.82373046875
Iter:359, max:54904.26171875, mean:35819.03125, min:19414.658203125, std:5058.22314453125
Iter:360, max:49041.109375, mean:35296.73828125, min:22169.01953125, std:4878.58837890625
Iter:361, max:51722.3359375, mean:35424.0390625, min:23923.171875, std:4722.837890625
Iter:362, max:55229.15625, mean:35675.76171875, min:19981.583984375, std:4945.02880859375
Iter:363, max:50568.8125, mean:35324.6640625, min:23388.99609375, std:4372.08837890625
Iter:364, max:50086.84765625, mean:35994.22265625, min:22560.927734375, std:4840.77099609375
Iter:365, max:53958.11328125, mean:36043.796875, min:21519.96875, std:4766.8544921875
Iter:366, max:60605.1875, mean:35481.01953125, min:22556.51953125, std:4954.4990234375
Iter:367, max:51885.37109375, mean:35664.8984375, min:21921.626953125, std:4897.61962890625
Iter:368, max:51294.3359375, mean:35762.4140625, min:22327.466796875, std:4626.12255859375
Iter:369, max:54548.5234375, mean:35682.484375, min:21447.763671875, std:5110.7373046875
Iter:370, max:50309.73046875, mean:35827.09375, min:23580.283203125, std:4369.55810546875
Iter:371, max:50456.86328125, mean:35562.1171875, min:21129.947265625, std:4719.97265625
Iter:372, max:48577.46484375, mean:36098.734375, min:23080.677734375, std:4593.86083984375
Iter:373, max:52579.17578125, mean:36048.68359375, min:22855.25390625, std:4992.6787109375
Iter:374, max:52479.65234375, mean:35826.5, min:23606.072265625, std:4794.55615234375
Iter:375, max:56418.38671875, mean:35700.140625, min:24778.587890625, std:4795.708984375
Iter:376, max:53638.57421875, mean:35999.98828125, min:22590.5703125, std:5007.7900390625
Iter:377, max:49414.98046875, mean:35943.45703125, min:22794.50390625, std:4695.22900390625
Iter:378, max:54018.0859375, mean:36113.22265625, min:23461.900390625, std:4879.529296875
Iter:379, max:50920.0703125, mean:35650.0859375, min:20436.859375, std:4898.5810546875
Iter:380, max:51052.21484375, mean:36491.7421875, min:24137.224609375, std:4544.97509765625
Iter:381, max:51360.21875, mean:36424.2421875, min:21956.5546875, std:4650.83740234375
Iter:382, max:53030.0703125, mean:36439.5546875, min:22834.37890625, std:4871.83740234375
Iter:383, max:55466.6484375, mean:36380.25, min:23055.876953125, std:4795.00048828125
Iter:384, max:53697.1328125, mean:36333.4140625, min:24470.029296875, std:4848.84716796875
Iter:385, max:53827.2890625, mean:36208.51953125, min:24541.208984375, std:4614.38427734375
Iter:386, max:50235.03125, mean:36487.9921875, min:24685.859375, std:4819.62841796875
Iter:387, max:55396.41796875, mean:36604.44140625, min:23110.673828125, std:4824.6513671875
Iter:388, max:60486.5390625, mean:36637.55859375, min:23360.84765625, std:4758.861328125
Iter:389, max:50822.078125, mean:36551.12109375, min:23904.6171875, std:4491.173828125
Iter:390, max:52494.328125, mean:36453.58984375, min:24177.912109375, std:4922.8955078125
Iter:391, max:50899.05859375, mean:36748.07421875, min:23132.09765625, std:4663.1396484375
Iter:392, max:55564.4140625, mean:36872.43359375, min:23106.771484375, std:4869.96142578125
Iter:393, max:56120.03515625, mean:37085.7734375, min:24524.580078125, std:4796.1279296875
Iter:394, max:50957.13671875, mean:36999.0703125, min:20062.03515625, std:4696.49169921875
Iter:395, max:52808.01953125, mean:36174.359375, min:19344.482421875, std:4554.234375
Iter:396, max:49949.04296875, mean:37386.15234375, min:25016.462890625, std:4637.49462890625
Iter:397, max:55978.1328125, mean:36877.8828125, min:22629.154296875, std:4804.8515625
Iter:398, max:50184.6953125, mean:36792.0625, min:23877.19140625, std:4850.77001953125
Iter:399, max:52822.875, mean:36486.94921875, min:24095.359375, std:4630.80517578125
Iter:400, max:51316.6328125, mean:36959.29296875, min:24301.798828125, std:4812.34130859375
Iter:401, max:56049.60546875, mean:37478.16796875, min:21492.86328125, std:4690.212890625
Iter:402, max:50992.484375, mean:36676.0546875, min:24207.09765625, std:4602.9853515625
Iter:403, max:53694.859375, mean:37217.0, min:26242.37109375, std:4815.9814453125
Iter:404, max:53591.3125, mean:37422.875, min:21398.376953125, std:4837.36376953125
Iter:405, max:55851.66796875, mean:37747.984375, min:24332.169921875, std:4757.48388671875
Iter:406, max:55778.5, mean:37252.4765625, min:22537.01953125, std:4880.98681640625
Iter:407, max:54591.98828125, mean:36871.625, min:23440.916015625, std:4840.18115234375
Iter:408, max:57209.30078125, mean:37400.6484375, min:26053.28125, std:4535.0400390625
Iter:409, max:55945.77734375, mean:37198.6484375, min:23130.2109375, std:4836.359375
Iter:410, max:53509.08984375, mean:38140.578125, min:26546.33984375, std:4443.02734375
Iter:411, max:57563.6640625, mean:37601.59375, min:23345.431640625, std:4570.32275390625
Iter:412, max:64936.80859375, mean:37914.625, min:23498.478515625, std:5125.369140625
Iter:413, max:53505.25390625, mean:38229.9765625, min:25476.53515625, std:4614.4150390625
Iter:414, max:53316.39453125, mean:37778.6640625, min:22524.2109375, std:4892.79150390625
Iter:415, max:53819.01953125, mean:37200.08203125, min:24651.828125, std:4603.5947265625
Iter:416, max:53293.85546875, mean:37991.8359375, min:23962.9765625, std:4640.84228515625
Iter:417, max:54059.703125, mean:37640.265625, min:23704.939453125, std:4783.3564453125
Iter:418, max:55104.8125, mean:37921.4921875, min:24892.62109375, std:4429.28857421875
Iter:419, max:57054.3671875, mean:38156.9609375, min:23898.37890625, std:4707.5205078125
Iter:420, max:57427.03125, mean:38046.0546875, min:24448.796875, std:4694.18896484375
Iter:421, max:63810.76171875, mean:38009.8203125, min:21704.904296875, std:4753.861328125
Iter:422, max:51333.52734375, mean:37748.51953125, min:25736.08203125, std:4531.86767578125
Iter:423, max:53214.19140625, mean:38475.7578125, min:23363.95703125, std:4443.19091796875
Iter:424, max:54657.68359375, mean:38002.23828125, min:23074.166015625, std:4964.2802734375
Iter:425, max:61638.86328125, mean:38230.953125, min:23768.810546875, std:4845.806640625
Iter:426, max:55837.53125, mean:37874.66015625, min:23034.59375, std:4865.76220703125
Iter:427, max:52685.17578125, mean:38081.86328125, min:21045.845703125, std:4631.55712890625
Iter:428, max:56882.3515625, mean:37889.8515625, min:22348.7890625, std:4856.64599609375
Iter:429, max:51380.12890625, mean:38186.4375, min:23246.2734375, std:4400.34423828125
Iter:430, max:60967.1015625, mean:38294.90625, min:23602.76953125, std:4790.8212890625
Iter:431, max:67834.796875, mean:38463.63671875, min:23473.400390625, std:4950.75
Iter:432, max:52206.4453125, mean:38134.7421875, min:24741.900390625, std:4917.51416015625
Iter:433, max:56880.10546875, mean:38594.51953125, min:23306.064453125, std:4784.2626953125
Iter:434, max:62349.39453125, mean:37828.21875, min:21766.923828125, std:4670.61083984375
Iter:435, max:52355.84375, mean:38112.1484375, min:24819.9140625, std:4859.96728515625
Iter:436, max:54901.01171875, mean:38228.8359375, min:26019.341796875, std:4625.83837890625
Iter:437, max:60863.0234375, mean:38504.0078125, min:25388.958984375, std:5136.52294921875
Iter:438, max:61288.328125, mean:38404.9140625, min:24754.01953125, std:4960.552734375
Iter:439, max:57944.1796875, mean:38400.734375, min:25319.02734375, std:4767.388671875
Iter:440, max:55743.08984375, mean:37903.609375, min:23844.5859375, std:4667.8212890625
Iter:441, max:54560.80859375, mean:38509.3984375, min:24251.21484375, std:4826.32421875
Iter:442, max:54002.84765625, mean:37976.32421875, min:24529.822265625, std:4761.1083984375
Iter:443, max:55734.265625, mean:38673.2890625, min:24690.107421875, std:5349.61474609375
Iter:444, max:53111.68359375, mean:38295.2109375, min:26004.169921875, std:4707.71484375
Iter:445, max:56735.85546875, mean:38679.01953125, min:23048.408203125, std:5146.248046875
Iter:446, max:54247.203125, mean:38764.5625, min:23741.72265625, std:5111.04345703125
Iter:447, max:52140.16015625, mean:38134.92578125, min:21050.8125, std:4546.5615234375
Iter:448, max:55312.7421875, mean:37878.8046875, min:23844.25390625, std:4793.3203125
Iter:449, max:52427.50390625, mean:37993.5859375, min:22798.4140625, std:4502.6494140625
Iter:450, max:59778.53515625, mean:38593.203125, min:23561.3671875, std:4739.09619140625
Iter:451, max:61540.55078125, mean:38435.390625, min:25654.830078125, std:5039.69140625
Iter:452, max:53092.68359375, mean:38680.765625, min:24748.93359375, std:4699.14208984375
Iter:453, max:51515.40234375, mean:39038.921875, min:22672.1171875, std:4624.43798828125
Iter:454, max:55172.6640625, mean:38085.32421875, min:24541.357421875, std:4468.97705078125
Iter:455, max:59721.74609375, mean:38325.78125, min:25661.060546875, std:4693.51171875
Iter:456, max:53963.98046875, mean:38594.28125, min:20965.162109375, std:4577.67529296875
Iter:457, max:58577.984375, mean:38795.0390625, min:20029.5078125, std:5282.763671875
Iter:458, max:58541.15234375, mean:38858.5078125, min:24512.22265625, std:4768.74853515625
Iter:459, max:56854.42578125, mean:38843.44921875, min:23568.744140625, std:4882.18505859375
Iter:460, max:55298.94921875, mean:38955.65625, min:24450.884765625, std:4864.849609375
Iter:461, max:55605.07421875, mean:38747.76953125, min:27406.970703125, std:4823.31689453125
Iter:462, max:60247.19140625, mean:39462.8671875, min:24863.029296875, std:4800.357421875
Iter:463, max:55631.42578125, mean:38532.23046875, min:24821.388671875, std:4884.8623046875
Iter:464, max:61766.125, mean:39216.3828125, min:26383.896484375, std:4798.759765625
Iter:465, max:53565.8984375, mean:39398.5625, min:24973.517578125, std:4687.86083984375
Iter:466, max:55096.23046875, mean:39177.078125, min:26996.388671875, std:4611.48388671875
Iter:467, max:58643.6953125, mean:38781.84765625, min:25170.15625, std:5011.80859375
Iter:468, max:55767.03125, mean:39292.1484375, min:25815.142578125, std:4918.96533203125
Iter:469, max:58617.75, mean:38744.28125, min:22438.091796875, std:4805.955078125
Iter:470, max:61517.19140625, mean:39369.484375, min:23539.169921875, std:4874.447265625
Iter:471, max:57164.2109375, mean:39402.28125, min:25300.193359375, std:5035.27685546875
Iter:472, max:57967.4765625, mean:39185.453125, min:23681.029296875, std:4962.4814453125
Iter:473, max:57237.3359375, mean:39725.5625, min:27380.8671875, std:4866.888671875
Iter:474, max:56148.3515625, mean:39731.50390625, min:24295.923828125, std:4636.12890625
Iter:475, max:59762.9609375, mean:39143.15625, min:25499.412109375, std:4807.29833984375
Iter:476, max:57344.29296875, mean:39108.6640625, min:26418.9296875, std:4830.37060546875
Iter:477, max:63529.21484375, mean:39733.1328125, min:24071.431640625, std:4716.033203125
Iter:478, max:58794.76953125, mean:39648.25, min:23208.646484375, std:5076.93017578125
Iter:479, max:55461.15625, mean:39953.2109375, min:25238.259765625, std:4813.8154296875
Iter:480, max:56835.64453125, mean:39906.7109375, min:26271.7734375, std:4864.5341796875
Iter:481, max:58079.5234375, mean:38834.78125, min:23945.646484375, std:4567.00732421875
Iter:482, max:54399.7421875, mean:39100.30078125, min:23024.490234375, std:4959.2802734375
Iter:483, max:54437.28515625, mean:38862.0546875, min:25909.427734375, std:4614.4228515625
Iter:484, max:65764.15625, mean:39603.63671875, min:23521.869140625, std:5026.32470703125
Iter:485, max:54957.20703125, mean:39573.3203125, min:25603.80078125, std:4864.46923828125
Iter:486, max:57375.26171875, mean:38890.0703125, min:23802.953125, std:5393.29443359375
Iter:487, max:51703.78125, mean:39241.6640625, min:25875.3125, std:4603.072265625
Iter:488, max:58313.03125, mean:39834.44140625, min:24775.873046875, std:5272.05224609375
Iter:489, max:56567.8671875, mean:40047.9375, min:25393.390625, std:4970.43994140625
Iter:490, max:55210.08203125, mean:39920.921875, min:24783.642578125, std:4574.5478515625
Iter:491, max:55215.7421875, mean:39482.625, min:28422.919921875, std:4610.20361328125
Iter:492, max:62210.98046875, mean:39553.96875, min:23755.2109375, std:4879.052734375
Iter:493, max:60725.54296875, mean:40301.0, min:23634.0078125, std:5288.4033203125
Iter:494, max:58207.35546875, mean:39959.95703125, min:24797.21484375, std:5298.02978515625
Iter:495, max:53474.6953125, mean:40130.62890625, min:24042.26953125, std:4659.353515625
Iter:496, max:53729.26171875, mean:40446.484375, min:24979.041015625, std:4551.2255859375
Iter:497, max:58768.00390625, mean:39989.6796875, min:24438.724609375, std:4962.0830078125
Iter:498, max:59896.984375, mean:39943.421875, min:22891.822265625, std:4810.10009765625
Iter:499, max:60293.859375, mean:40159.9921875, min:24133.373046875, std:4358.42041015625
Iter:500, max:61688.1015625, mean:40458.625, min:23086.814453125, std:5171.0380859375
Iter:501, max:56729.265625, mean:40412.09375, min:26148.818359375, std:4952.4658203125
Iter:502, max:58283.1328125, mean:40015.578125, min:25298.408203125, std:5198.9951171875
Iter:503, max:56253.37109375, mean:40631.5234375, min:21792.267578125, std:4457.9921875
Iter:504, max:56077.52734375, mean:40287.578125, min:25807.205078125, std:4820.89453125
Iter:505, max:57110.625, mean:39951.0390625, min:22794.921875, std:4764.95556640625
Iter:506, max:59026.125, mean:40472.2890625, min:26198.341796875, std:5251.13330078125
Iter:507, max:54522.72265625, mean:40100.890625, min:25035.755859375, std:4786.208984375
Iter:508, max:58583.80859375, mean:40450.65625, min:25808.884765625, std:5083.1728515625
Iter:509, max:55421.5234375, mean:40754.87890625, min:26406.27734375, std:4597.2529296875
Iter:510, max:69815.6875, mean:39896.0703125, min:26530.41796875, std:5366.74462890625
Iter:511, max:65247.95703125, mean:40683.2890625, min:25201.419921875, std:5106.328125
Iter:512, max:57154.9765625, mean:40023.890625, min:27037.673828125, std:4468.28662109375
Iter:513, max:62026.5234375, mean:39222.8515625, min:24329.169921875, std:4706.43310546875
Iter:514, max:57468.34375, mean:40724.8828125, min:26194.3671875, std:4839.18798828125
Iter:515, max:59442.3828125, mean:40061.90625, min:26619.673828125, std:4443.48681640625
Iter:516, max:56761.703125, mean:40624.953125, min:24778.205078125, std:4611.3154296875
Iter:517, max:55403.58203125, mean:41156.2890625, min:23664.919921875, std:4857.42236328125
Iter:518, max:54042.7890625, mean:40735.4296875, min:25643.85546875, std:4520.0205078125
Iter:519, max:55993.75390625, mean:40501.48828125, min:26082.666015625, std:4615.146484375
Iter:520, max:53116.609375, mean:41416.96875, min:26765.849609375, std:4634.38623046875
Iter:521, max:71907.6015625, mean:41368.71484375, min:25711.2265625, std:5121.65478515625
Iter:522, max:60625.80078125, mean:41265.1875, min:24264.115234375, std:4841.11328125
Iter:523, max:59430.72265625, mean:40393.5234375, min:24431.728515625, std:5010.32666015625
Iter:524, max:56129.30078125, mean:40682.390625, min:25249.4140625, std:5182.5595703125
Iter:525, max:55705.44921875, mean:40493.8125, min:26051.23046875, std:4468.90478515625
Iter:526, max:55470.2421875, mean:40554.546875, min:28130.01953125, std:4599.74609375
Iter:527, max:62324.03125, mean:40873.265625, min:23647.265625, std:4721.84814453125
Iter:528, max:54615.4765625, mean:40564.625, min:29084.267578125, std:4233.00244140625
Iter:529, max:61686.09765625, mean:41563.3359375, min:26756.033203125, std:5034.1875
Iter:530, max:64373.0703125, mean:41087.875, min:27036.87109375, std:4923.20654296875
Iter:531, max:60294.828125, mean:41312.2734375, min:28487.7421875, std:4692.5556640625
Iter:532, max:58704.01171875, mean:40743.6640625, min:28598.556640625, std:4692.49072265625
Iter:533, max:58564.17578125, mean:41490.5390625, min:24041.654296875, std:5121.5859375
Iter:534, max:59875.21875, mean:41454.078125, min:27308.861328125, std:4770.73095703125
Iter:535, max:56961.20703125, mean:41443.58984375, min:29410.333984375, std:4378.03515625
Iter:536, max:58631.93359375, mean:40903.7734375, min:26739.06640625, std:4984.98291015625
Iter:537, max:55507.80859375, mean:41486.2734375, min:22300.6015625, std:4751.1259765625
Iter:538, max:61376.76953125, mean:41152.078125, min:26982.318359375, std:4621.9677734375
Iter:539, max:57412.57421875, mean:41663.9453125, min:20607.1171875, std:4633.9619140625
Iter:540, max:61141.00390625, mean:41583.1484375, min:24341.658203125, std:4626.37744140625
Iter:541, max:54195.5859375, mean:41540.328125, min:26942.744140625, std:4479.49853515625
Iter:542, max:58190.82421875, mean:40674.75, min:23994.681640625, std:5170.0751953125
Iter:543, max:57959.4765625, mean:41655.984375, min:25047.9140625, std:4948.30712890625
Iter:544, max:57778.51171875, mean:40750.9140625, min:27885.125, std:4628.0595703125
Iter:545, max:58736.5859375, mean:41801.53125, min:24035.345703125, std:5011.03173828125
Iter:546, max:53475.89453125, mean:40808.05859375, min:27506.0703125, std:4343.619140625
Iter:547, max:61399.94140625, mean:42040.16015625, min:24190.958984375, std:5012.11865234375
Iter:548, max:56191.41796875, mean:40938.1640625, min:27687.99609375, std:4438.4521484375
Iter:549, max:59401.41015625, mean:41726.8203125, min:22989.24609375, std:4999.44287109375
Iter:550, max:55330.55078125, mean:41535.7421875, min:27130.611328125, std:4637.99609375
Iter:551, max:56686.78515625, mean:41769.19921875, min:24052.005859375, std:4661.796875
Iter:552, max:60304.125, mean:41854.40625, min:28152.689453125, std:4354.9794921875
Iter:553, max:63709.6796875, mean:41307.71484375, min:27575.20703125, std:5076.1435546875
Iter:554, max:58930.3125, mean:41624.7109375, min:25681.1328125, std:4778.9560546875
Iter:555, max:73660.75, mean:42110.4453125, min:24916.517578125, std:5363.103515625
Iter:556, max:57991.125, mean:41435.7421875, min:26475.5546875, std:4881.01171875
Iter:557, max:59093.4765625, mean:41904.26171875, min:21804.8671875, std:4859.9638671875
Iter:558, max:60427.0546875, mean:41008.171875, min:27322.90234375, std:4394.783203125
Iter:559, max:57239.58203125, mean:41502.7109375, min:23109.36328125, std:4518.6982421875
Iter:560, max:57143.6875, mean:42094.0859375, min:27390.8125, std:4651.435546875
Iter:561, max:57968.18359375, mean:42276.6171875, min:29502.359375, std:4379.35400390625
Iter:562, max:55676.58203125, mean:41599.765625, min:29316.421875, std:4256.18798828125
Iter:563, max:57461.83984375, mean:42349.91015625, min:26721.03125, std:4958.345703125
Iter:564, max:57694.09375, mean:42317.6796875, min:26639.31640625, std:4641.173828125
Iter:565, max:56145.63671875, mean:42146.765625, min:26764.181640625, std:4518.6953125
Iter:566, max:61635.33203125, mean:41975.5078125, min:24315.78125, std:4429.56298828125
Iter:567, max:63627.61328125, mean:41936.796875, min:22235.73828125, std:5251.27685546875
Iter:568, max:56949.0859375, mean:42055.83984375, min:28787.6328125, std:4200.87060546875
Iter:569, max:55902.609375, mean:41716.671875, min:29290.46875, std:4328.9326171875
Iter:570, max:58445.6953125, mean:41735.34765625, min:25753.435546875, std:4651.25
Iter:571, max:57842.3359375, mean:42153.0859375, min:24114.591796875, std:4852.7236328125
Iter:572, max:60891.44921875, mean:42059.1484375, min:29733.9765625, std:4548.83447265625
Iter:573, max:58127.17578125, mean:42043.25, min:27049.802734375, std:4644.80322265625
Iter:574, max:57729.52734375, mean:42001.75, min:27973.9609375, std:4713.73681640625
Iter:575, max:56481.96875, mean:41908.82421875, min:24726.8671875, std:4517.01513671875
Iter:576, max:57509.234375, mean:42466.0, min:26821.48046875, std:4696.80126953125
Iter:577, max:56468.91796875, mean:42168.78125, min:29978.078125, std:4545.544921875
Iter:578, max:58966.15234375, mean:42290.1640625, min:25191.154296875, std:4948.96923828125
Iter:579, max:56524.01171875, mean:42633.609375, min:28709.5546875, std:4422.0458984375
Iter:580, max:59609.28515625, mean:41564.9921875, min:21583.619140625, std:4932.81640625
Iter:581, max:57731.546875, mean:42193.91015625, min:24969.83984375, std:4995.736328125
Iter:582, max:62387.15625, mean:42222.84375, min:25370.4140625, std:5057.01513671875
Iter:583, max:57988.7734375, mean:42475.50390625, min:30226.943359375, std:4568.54736328125
Iter:584, max:57253.81640625, mean:41874.0078125, min:24549.76171875, std:4751.50927734375
Iter:585, max:62530.4609375, mean:42810.2265625, min:24027.111328125, std:4577.37744140625
Iter:586, max:66056.4609375, mean:42196.640625, min:24694.439453125, std:4916.89208984375
Iter:587, max:60065.453125, mean:41896.43359375, min:24336.568359375, std:5490.23974609375
Iter:588, max:58768.921875, mean:41822.45703125, min:26543.396484375, std:4742.7880859375
Iter:589, max:57634.0625, mean:42212.0390625, min:28375.9609375, std:4463.7578125
Iter:590, max:57908.796875, mean:42129.42578125, min:24475.5, std:5004.46533203125
Iter:591, max:56274.203125, mean:42797.375, min:28485.044921875, std:4371.81201171875
Iter:592, max:58193.65234375, mean:42474.2265625, min:26022.09765625, std:5164.89599609375
Iter:593, max:66745.0625, mean:42596.2734375, min:23939.669921875, std:4829.36962890625
Iter:594, max:54605.40234375, mean:42149.1171875, min:23672.978515625, std:4985.3720703125
Iter:595, max:60851.546875, mean:42607.81640625, min:25934.23046875, std:4868.013671875
Iter:596, max:66021.4375, mean:41676.3984375, min:22683.294921875, std:5549.70458984375
Iter:597, max:54318.2265625, mean:41689.734375, min:28242.49609375, std:4582.7939453125
Iter:598, max:58803.94140625, mean:41332.24609375, min:25161.748046875, std:5170.1455078125
Iter:599, max:63280.66015625, mean:42778.14453125, min:28542.3828125, std:4897.69580078125
Iter:600, max:55329.078125, mean:42686.015625, min:31066.3125, std:4639.5224609375
Iter:601, max:61281.91015625, mean:42538.61328125, min:25092.205078125, std:4957.9345703125
Iter:602, max:62121.2578125, mean:42292.01953125, min:23704.802734375, std:4769.322265625
Iter:603, max:59510.65625, mean:42726.15625, min:28018.0546875, std:4801.71435546875
Iter:604, max:59138.0546875, mean:42257.5078125, min:25060.1796875, std:4961.36767578125
Iter:605, max:58160.5078125, mean:41767.47265625, min:30028.7578125, std:4506.724609375
Iter:606, max:58175.9609375, mean:42910.45703125, min:29377.03125, std:4840.22607421875
Iter:607, max:64455.21484375, mean:42843.234375, min:26030.435546875, std:4865.14111328125
Iter:608, max:64119.4296875, mean:42384.796875, min:26819.63671875, std:4630.8271484375
Iter:609, max:64172.50390625, mean:42607.5234375, min:25662.751953125, std:4730.0537109375
Iter:610, max:61941.1171875, mean:42593.484375, min:26928.822265625, std:4593.9931640625
Iter:611, max:59376.53125, mean:42013.875, min:23086.658203125, std:4612.65185546875
Iter:612, max:57038.953125, mean:42800.3984375, min:24989.2265625, std:4554.92041015625
Iter:613, max:60092.109375, mean:43000.859375, min:23628.169921875, std:4778.4267578125
Iter:614, max:57853.55859375, mean:42695.203125, min:29483.849609375, std:4321.78125
Iter:615, max:54734.046875, mean:42975.265625, min:26538.513671875, std:4508.5185546875
Iter:616, max:59095.63671875, mean:43161.3046875, min:25241.572265625, std:4459.7431640625
Iter:617, max:63197.32421875, mean:42802.0859375, min:24998.56640625, std:5343.46533203125
Iter:618, max:59915.48046875, mean:42706.83203125, min:21326.2421875, std:4828.56689453125
Iter:619, max:57084.09765625, mean:42319.671875, min:24432.1953125, std:4746.1416015625
Iter:620, max:55730.01171875, mean:42516.78125, min:28106.853515625, std:4537.81298828125
Iter:621, max:57045.30859375, mean:41853.4296875, min:27759.123046875, std:4635.5556640625
Iter:622, max:58302.53515625, mean:42725.9453125, min:26390.203125, std:4733.19677734375
Iter:623, max:59020.234375, mean:42860.26953125, min:28440.67578125, std:4598.81884765625
Iter:624, max:58993.01953125, mean:42561.92578125, min:26172.576171875, std:4845.59423828125
Iter:625, max:61303.765625, mean:42922.7109375, min:29602.951171875, std:4679.64697265625
Iter:626, max:58722.39453125, mean:42680.5390625, min:25866.19140625, std:4853.68798828125
Iter:627, max:61247.3984375, mean:42840.7265625, min:25025.11328125, std:4919.470703125
Iter:628, max:57147.8828125, mean:42868.4921875, min:26200.8984375, std:4812.6865234375
Iter:629, max:57222.67578125, mean:42847.53125, min:27636.068359375, std:4594.47265625
Iter:630, max:61086.6328125, mean:42904.63671875, min:25393.0546875, std:4681.9375
Iter:631, max:55683.4609375, mean:42956.046875, min:27451.037109375, std:4317.94482421875
Iter:632, max:57503.3515625, mean:42534.921875, min:25637.37890625, std:4768.759765625
Iter:633, max:60993.0703125, mean:42796.28125, min:30788.091796875, std:4854.73681640625
Iter:634, max:62948.25390625, mean:42651.265625, min:23731.1953125, std:5063.87451171875
Iter:635, max:57913.78125, mean:42522.25390625, min:30441.37109375, std:4669.04833984375
Iter:636, max:59402.15234375, mean:43334.98046875, min:24006.48046875, std:4841.91552734375
Iter:637, max:56472.6796875, mean:43036.265625, min:30090.697265625, std:4534.01220703125
Iter:638, max:59245.86328125, mean:42461.4609375, min:26094.578125, std:5181.85986328125
Iter:639, max:56634.29296875, mean:43153.74609375, min:27480.29296875, std:4993.57763671875
Iter:640, max:62930.06640625, mean:42414.796875, min:24931.255859375, std:4905.26708984375
Iter:641, max:66482.5390625, mean:43364.8046875, min:26413.80859375, std:4896.626953125
Iter:642, max:58206.1796875, mean:42984.94921875, min:25565.515625, std:4832.7021484375
Iter:643, max:59950.0078125, mean:42689.625, min:24914.75390625, std:5266.17041015625
Iter:644, max:57289.125, mean:43200.59765625, min:28541.62109375, std:4659.12744140625
Iter:645, max:61466.015625, mean:42942.8359375, min:24732.171875, std:5257.38720703125
Iter:646, max:60233.12109375, mean:43095.7734375, min:25823.501953125, std:4795.7568359375
Iter:647, max:58406.21875, mean:43326.953125, min:21177.513671875, std:4737.7666015625
Iter:648, max:58615.30078125, mean:43373.5859375, min:30699.482421875, std:4246.94140625
Iter:649, max:59722.64453125, mean:43301.18359375, min:30621.619140625, std:4668.6416015625
Iter:650, max:56826.0078125, mean:41961.5390625, min:29261.185546875, std:4543.560546875
Iter:651, max:58767.37890625, mean:42818.01171875, min:27085.904296875, std:4546.79296875
Iter:652, max:57295.625, mean:43674.6796875, min:25225.853515625, std:4894.7392578125
Iter:653, max:61206.6484375, mean:42792.7109375, min:29139.103515625, std:4568.39404296875
Iter:654, max:63760.703125, mean:43831.0625, min:25369.9765625, std:4610.0029296875
Iter:655, max:65675.5390625, mean:43350.2421875, min:25905.14453125, std:5229.1787109375
Iter:656, max:66998.96875, mean:43464.1015625, min:25834.51171875, std:5304.36572265625
Iter:657, max:68336.7890625, mean:42996.99609375, min:28333.1953125, std:5070.30810546875
Iter:658, max:63819.74609375, mean:43527.78125, min:26487.673828125, std:4731.7900390625
Iter:659, max:57271.69140625, mean:43769.4765625, min:30346.857421875, std:4667.0087890625
Iter:660, max:58090.375, mean:42387.42578125, min:26873.921875, std:4662.36474609375
Iter:661, max:56704.03515625, mean:41842.578125, min:26618.166015625, std:5555.51171875
Iter:662, max:65020.2109375, mean:43579.984375, min:30791.796875, std:4583.75146484375
Iter:663, max:60251.6640625, mean:43364.5, min:23822.349609375, std:5059.88232421875
Iter:664, max:60388.26953125, mean:42850.6796875, min:28105.73046875, std:4604.716796875
Iter:665, max:58778.73046875, mean:42224.84375, min:25135.5703125, std:5398.9111328125
Iter:666, max:59506.359375, mean:43918.25390625, min:30092.291015625, std:4600.30712890625
Iter:667, max:59390.66796875, mean:43739.06640625, min:27332.47265625, std:4526.0283203125
Iter:668, max:71736.90625, mean:43833.18359375, min:29329.810546875, std:4980.21826171875
Iter:669, max:71261.0390625, mean:43618.97265625, min:24580.177734375, std:5340.3427734375
Iter:670, max:59493.0625, mean:42527.3203125, min:27957.677734375, std:4591.49462890625
Iter:671, max:65859.65625, mean:43604.1640625, min:25445.72265625, std:4818.29541015625
Iter:672, max:65775.1875, mean:43963.671875, min:27745.697265625, std:4790.052734375
Iter:673, max:62377.328125, mean:44024.02734375, min:26388.25390625, std:4824.57666015625
Iter:674, max:64604.3828125, mean:43779.15625, min:25901.42578125, std:4958.7333984375
Iter:675, max:56601.7109375, mean:43040.71875, min:26303.658203125, std:4664.89599609375
Iter:676, max:57773.7109375, mean:42481.34375, min:24069.869140625, std:5023.87646484375
Iter:677, max:56371.8203125, mean:43486.8671875, min:27434.95703125, std:4492.42578125
Iter:678, max:61347.76953125, mean:43566.640625, min:24116.0078125, std:4860.470703125
Iter:679, max:55860.84765625, mean:43194.62109375, min:27264.892578125, std:4411.7412109375
Iter:680, max:56462.75390625, mean:41264.2109375, min:27407.47265625, std:4955.77294921875
Iter:681, max:57389.2109375, mean:42921.6015625, min:27201.802734375, std:4899.224609375
Iter:682, max:63391.70703125, mean:43563.8671875, min:26805.345703125, std:4950.87060546875
Iter:683, max:61406.86328125, mean:43818.3359375, min:29240.966796875, std:4938.2724609375
Iter:684, max:58686.92578125, mean:43358.0234375, min:24913.501953125, std:5112.0927734375
Iter:685, max:57355.8046875, mean:42454.5859375, min:24161.376953125, std:5839.0126953125
Iter:686, max:61283.36328125, mean:43322.0703125, min:29511.685546875, std:4654.80908203125
Iter:687, max:58834.49609375, mean:43470.1484375, min:28451.62890625, std:4449.73193359375
Iter:688, max:57650.64453125, mean:43525.96875, min:27482.513671875, std:4384.43310546875
Iter:689, max:59334.73828125, mean:43580.40625, min:27494.873046875, std:4985.6787109375
Iter:690, max:68194.03125, mean:42724.23046875, min:25334.826171875, std:4662.7041015625
Iter:691, max:59396.328125, mean:43640.1171875, min:27342.17578125, std:4941.10400390625
Iter:692, max:61945.171875, mean:42962.52734375, min:24504.3828125, std:5469.4912109375
Iter:693, max:60064.546875, mean:43079.015625, min:25467.599609375, std:5189.9189453125
Iter:694, max:62493.72265625, mean:43849.73828125, min:29041.865234375, std:4834.79931640625
Iter:695, max:61223.55078125, mean:43101.84375, min:26268.91796875, std:4314.83984375
Iter:696, max:64454.51171875, mean:43949.109375, min:26917.486328125, std:4935.31396484375
Iter:697, max:59313.78125, mean:43997.9296875, min:24251.814453125, std:4341.6318359375
Iter:698, max:58417.04296875, mean:43809.4921875, min:29033.828125, std:4811.79931640625
Iter:699, max:59254.953125, mean:44093.109375, min:30018.19921875, std:4744.4013671875
Iter:700, max:59399.09765625, mean:44357.69921875, min:27332.16796875, std:4704.79345703125
Iter:701, max:62520.1171875, mean:43763.75, min:31446.9296875, std:4584.08349609375
Iter:702, max:59801.6796875, mean:44285.734375, min:24972.98828125, std:4540.626953125
Iter:703, max:56502.04296875, mean:43923.7109375, min:24070.537109375, std:4459.5322265625
Iter:704, max:78294.4296875, mean:42886.03125, min:20833.47265625, std:5551.42919921875
Iter:705, max:56479.2421875, mean:44214.09375, min:30758.01171875, std:4708.7197265625
Iter:706, max:67899.65625, mean:44645.953125, min:28702.7421875, std:4830.33837890625
Iter:707, max:62474.9765625, mean:44015.96875, min:32071.75, std:4572.64794921875
Iter:708, max:63993.0703125, mean:44028.2421875, min:28510.376953125, std:4778.73583984375
Iter:709, max:61495.33984375, mean:43553.11328125, min:25323.642578125, std:5070.015625
Iter:710, max:61181.1328125, mean:43559.2109375, min:26778.7578125, std:4764.81201171875
Iter:711, max:65874.4609375, mean:44288.1953125, min:26501.005859375, std:4638.78369140625
Iter:712, max:57797.69921875, mean:44412.59375, min:28123.3203125, std:4558.44921875
Iter:713, max:62054.2109375, mean:44356.6015625, min:27623.1875, std:4905.4306640625
Iter:714, max:60365.66015625, mean:43987.671875, min:29617.900390625, std:4710.7451171875
Iter:715, max:58942.99609375, mean:43855.94921875, min:29940.744140625, std:4544.75537109375
Iter:716, max:64949.8359375, mean:42546.1015625, min:25172.251953125, std:5125.25537109375
Iter:717, max:60982.97265625, mean:44340.7265625, min:27623.775390625, std:4744.1455078125
Iter:718, max:63262.81640625, mean:43995.7890625, min:31081.595703125, std:4498.29833984375
Iter:719, max:60680.06640625, mean:43920.3125, min:24296.103515625, std:5144.0947265625
Iter:720, max:58093.89453125, mean:44340.5, min:24261.44921875, std:4913.48681640625
Iter:721, max:62426.484375, mean:44248.1328125, min:29311.732421875, std:4682.33740234375
Iter:722, max:61182.51171875, mean:44178.74609375, min:26127.20703125, std:4731.26708984375
Iter:723, max:58724.06640625, mean:43518.765625, min:27298.181640625, std:5160.63720703125
Iter:724, max:60039.03515625, mean:43504.40625, min:28044.228515625, std:4954.1953125
Iter:725, max:59513.4140625, mean:43658.0390625, min:30194.12890625, std:4542.92431640625
Iter:726, max:57886.1171875, mean:44517.34375, min:27992.681640625, std:4548.78759765625
Iter:727, max:56937.55078125, mean:43951.828125, min:29098.4453125, std:4665.36328125
Iter:728, max:60865.79296875, mean:43809.0078125, min:29521.80078125, std:4651.82568359375
Iter:729, max:60862.53125, mean:44418.6015625, min:27773.404296875, std:4611.07373046875
Iter:730, max:57168.69140625, mean:43550.2890625, min:22688.9140625, std:5358.74609375
Iter:731, max:64555.31640625, mean:44390.03515625, min:30236.1640625, std:4580.18505859375
Iter:732, max:58534.4453125, mean:43686.0, min:31197.65234375, std:4421.18212890625
Iter:733, max:68722.6171875, mean:43913.828125, min:26355.27734375, std:4546.8154296875
Iter:734, max:59387.53515625, mean:43393.0859375, min:25208.873046875, std:5537.36669921875
Iter:735, max:60670.48828125, mean:43973.39453125, min:29739.39453125, std:4711.7216796875
Iter:736, max:67081.9140625, mean:44144.90234375, min:23456.197265625, std:5426.63916015625
Iter:737, max:60527.359375, mean:43872.13671875, min:27695.212890625, std:4714.37353515625
Iter:738, max:59566.953125, mean:44144.5546875, min:27701.615234375, std:4613.28369140625
Iter:739, max:58094.50390625, mean:44248.0859375, min:27666.51953125, std:4458.935546875
Iter:740, max:61609.05078125, mean:44247.05078125, min:25782.126953125, std:4721.55126953125
Iter:741, max:61748.703125, mean:44321.6015625, min:24226.779296875, std:5167.55859375
Iter:742, max:65525.328125, mean:43935.44921875, min:26418.447265625, std:5184.23681640625
Iter:743, max:74424.8203125, mean:44061.20703125, min:27046.3984375, std:4762.451171875
Iter:744, max:60291.08984375, mean:43816.859375, min:27752.185546875, std:4876.76708984375
Iter:745, max:63286.4765625, mean:44712.390625, min:26693.400390625, std:4767.08447265625
Iter:746, max:56472.37109375, mean:43660.4765625, min:30762.791015625, std:4387.1875
Iter:747, max:64131.1328125, mean:43195.72265625, min:26990.8125, std:4881.34912109375
Iter:748, max:61938.83203125, mean:43988.0390625, min:25387.462890625, std:4711.64697265625
Iter:749, max:61941.71484375, mean:43868.0078125, min:32656.43359375, std:4529.52734375
Iter:750, max:59573.93359375, mean:44516.6796875, min:24759.50390625, std:4695.86767578125
Iter:751, max:58681.41796875, mean:44391.8203125, min:28206.435546875, std:4539.0361328125
Iter:752, max:70259.9296875, mean:44594.69921875, min:29678.1875, std:4574.55517578125
Iter:753, max:57918.3984375, mean:44527.76171875, min:24046.45703125, std:4750.10107421875
Iter:754, max:59267.875, mean:44732.3515625, min:24691.5234375, std:4643.16845703125
Iter:755, max:58093.16796875, mean:44442.98046875, min:27733.357421875, std:4648.4501953125
Iter:756, max:58275.42578125, mean:44492.71875, min:24672.302734375, std:4424.81005859375
Iter:757, max:59039.3671875, mean:44454.328125, min:32332.939453125, std:4418.78662109375
Iter:758, max:62065.20703125, mean:44141.31640625, min:29243.76171875, std:4596.39111328125
Iter:759, max:60262.8828125, mean:43500.24609375, min:30908.71875, std:4200.970703125
Iter:760, max:57105.3359375, mean:44072.171875, min:28225.498046875, std:4810.0634765625
Iter:761, max:66865.3671875, mean:44420.47265625, min:28358.458984375, std:4913.1689453125
Iter:762, max:56697.078125, mean:43538.578125, min:23185.673828125, std:4835.8330078125
Iter:763, max:59971.96484375, mean:43689.875, min:23995.583984375, std:4588.89453125
Iter:764, max:66662.3828125, mean:43941.96875, min:29827.546875, std:4714.423828125
Iter:765, max:56677.66796875, mean:44500.015625, min:33112.7578125, std:4231.1123046875
Iter:766, max:56909.5859375, mean:43314.42578125, min:27036.33984375, std:5079.20947265625
Iter:767, max:57252.15234375, mean:44018.50390625, min:25175.80078125, std:4543.8720703125
Iter:768, max:60538.45703125, mean:44920.5078125, min:30990.013671875, std:4532.27587890625
Iter:769, max:59222.03125, mean:44890.1953125, min:33433.6875, std:4529.50927734375
Iter:770, max:60552.74609375, mean:44533.94921875, min:23684.244140625, std:4717.48193359375
Iter:771, max:60580.33984375, mean:44779.98828125, min:28689.1328125, std:4322.63671875
Iter:772, max:59634.1328125, mean:44316.6484375, min:27573.18359375, std:4437.5390625
Iter:773, max:62378.14453125, mean:44612.703125, min:25702.990234375, std:4997.68408203125
Iter:774, max:59716.22265625, mean:44766.09375, min:29433.63671875, std:4198.25927734375
Iter:775, max:58693.48828125, mean:44752.8359375, min:28260.99609375, std:4381.0791015625
Iter:776, max:62792.3125, mean:44527.8046875, min:30929.2890625, std:4526.51806640625
Iter:777, max:64648.625, mean:44087.23828125, min:29370.765625, std:4976.17138671875
Iter:778, max:62858.58203125, mean:45043.5625, min:28555.83203125, std:4599.33154296875
Iter:779, max:62958.828125, mean:44252.31640625, min:30795.189453125, std:4899.65576171875
Iter:780, max:67955.375, mean:44525.8984375, min:30740.421875, std:4658.68505859375
Iter:781, max:56226.5078125, mean:44193.4453125, min:31885.470703125, std:4180.5205078125
Iter:782, max:60795.4609375, mean:43988.83203125, min:25237.490234375, std:4903.0634765625
Iter:783, max:61461.44921875, mean:44285.07421875, min:26982.1171875, std:4934.1484375
Iter:784, max:67540.765625, mean:44803.76953125, min:30324.40625, std:4429.234375
Iter:785, max:62595.296875, mean:44595.8359375, min:27221.09765625, std:4473.65966796875
Iter:786, max:64830.8203125, mean:44545.86328125, min:29815.509765625, std:4564.0869140625
Iter:787, max:61845.07421875, mean:44988.9765625, min:27526.611328125, std:4521.84423828125
Iter:788, max:60404.76953125, mean:44820.5546875, min:33053.94921875, std:4502.796875
Iter:789, max:60872.94140625, mean:45111.8515625, min:31367.947265625, std:4401.330078125
Iter:790, max:58890.79296875, mean:44432.171875, min:29897.859375, std:4242.28564453125
Iter:791, max:60136.02734375, mean:44867.90625, min:32679.431640625, std:4184.55712890625
Iter:792, max:56330.28515625, mean:44947.30859375, min:31119.45703125, std:4316.40185546875
Iter:793, max:59016.59765625, mean:44625.078125, min:28415.927734375, std:4848.75244140625
Iter:794, max:57894.74609375, mean:44428.6875, min:30972.986328125, std:4359.30810546875
Iter:795, max:65934.46875, mean:44504.453125, min:26184.501953125, std:4650.62646484375
Iter:796, max:61210.6328125, mean:43938.93359375, min:29850.16796875, std:4663.3896484375
Iter:797, max:69874.0625, mean:44992.69921875, min:27077.83203125, std:4720.1435546875
Iter:798, max:65781.546875, mean:43204.40625, min:24821.189453125, std:4665.04638671875
Iter:799, max:61044.50390625, mean:45165.5078125, min:30450.404296875, std:4363.4794921875
Iter:800, max:61322.30859375, mean:43900.5859375, min:31042.220703125, std:4603.6064453125
Iter:801, max:59052.2578125, mean:43013.75, min:28408.060546875, std:4857.93408203125
Iter:802, max:60256.44921875, mean:44947.2734375, min:29694.857421875, std:4460.435546875
Iter:803, max:60088.62890625, mean:44714.9765625, min:30981.9765625, std:4087.841064453125
Iter:804, max:64393.34765625, mean:44095.73046875, min:19332.080078125, std:5278.9658203125
Iter:805, max:65309.73046875, mean:44928.96875, min:25284.41015625, std:4704.89404296875
Iter:806, max:61544.17578125, mean:45006.0, min:28173.22265625, std:4539.1005859375
Iter:807, max:59994.99609375, mean:44772.7734375, min:29532.23046875, std:4594.88232421875
Iter:808, max:55698.7578125, mean:44396.4921875, min:20510.513671875, std:4561.30224609375
Iter:809, max:62017.0546875, mean:45023.640625, min:28220.8359375, std:4544.52783203125
Iter:810, max:60111.8125, mean:45092.58203125, min:29711.4375, std:4376.41455078125
Iter:811, max:63303.30078125, mean:44770.8125, min:32687.54296875, std:4735.14404296875
Iter:812, max:62764.9140625, mean:44715.5859375, min:29975.80859375, std:4309.63623046875
Iter:813, max:62838.18359375, mean:44688.6171875, min:29663.662109375, std:4667.79248046875
Iter:814, max:59120.82421875, mean:44867.2421875, min:28561.85546875, std:4822.216796875
Iter:815, max:58475.66015625, mean:44719.31640625, min:26863.265625, std:4504.78271484375
Iter:816, max:66098.7578125, mean:43888.8203125, min:29543.828125, std:4885.88623046875
Iter:817, max:59214.859375, mean:45096.9296875, min:31863.630859375, std:4295.89501953125
Iter:818, max:71640.25, mean:44974.5859375, min:32742.06640625, std:4727.2470703125
Iter:819, max:58563.15234375, mean:44573.86328125, min:31643.427734375, std:4205.56298828125
Iter:820, max:60481.8515625, mean:44494.76171875, min:27937.8984375, std:4945.89892578125
Iter:821, max:61768.140625, mean:44523.234375, min:31510.40234375, std:4337.95068359375
Iter:822, max:62553.40625, mean:44851.6328125, min:30956.01953125, std:4583.69384765625
Iter:823, max:67316.9453125, mean:44972.33203125, min:32289.138671875, std:4694.98388671875
Iter:824, max:59554.60546875, mean:44686.5625, min:31011.912109375, std:4647.43994140625
Iter:825, max:64163.015625, mean:44352.9921875, min:26694.283203125, std:4832.5986328125
Iter:826, max:59869.390625, mean:44702.4609375, min:24262.134765625, std:4503.17333984375
Iter:827, max:64005.93359375, mean:44844.38671875, min:30792.298828125, std:4529.5556640625
Iter:828, max:63137.46875, mean:43023.01953125, min:22676.82421875, std:5182.38330078125
Iter:829, max:69638.8203125, mean:45542.06640625, min:23162.484375, std:4731.24755859375
Iter:830, max:58369.7265625, mean:43464.62109375, min:28077.439453125, std:5064.6669921875
Iter:831, max:66972.8828125, mean:43657.0625, min:30016.703125, std:4647.1708984375
Iter:832, max:67570.359375, mean:45119.68359375, min:23631.537109375, std:5182.0595703125
Iter:833, max:58075.08984375, mean:44463.8125, min:31266.90234375, std:4625.630859375
Iter:834, max:67352.0390625, mean:45169.3984375, min:24213.9296875, std:4773.45166015625
Iter:835, max:58734.61328125, mean:44640.1171875, min:31021.966796875, std:4604.7470703125
Iter:836, max:60680.89453125, mean:44959.3828125, min:31492.388671875, std:4544.87451171875
Iter:837, max:62877.4921875, mean:45129.0390625, min:30500.625, std:4210.4775390625
Iter:838, max:61734.29296875, mean:44973.05078125, min:26792.255859375, std:4768.85302734375
Iter:839, max:59520.484375, mean:45040.9921875, min:33315.671875, std:4307.30029296875
Iter:840, max:65073.765625, mean:45098.859375, min:25028.66015625, std:4919.7880859375
Iter:841, max:59043.9921875, mean:44626.4609375, min:23218.458984375, std:5314.9130859375
Iter:842, max:65410.6875, mean:44734.8984375, min:25534.712890625, std:4946.4169921875
Iter:843, max:59479.76171875, mean:44939.0390625, min:30953.658203125, std:4456.06591796875
Iter:844, max:60299.4140625, mean:44410.23046875, min:23166.974609375, std:5350.28271484375
Iter:845, max:60680.65234375, mean:45172.953125, min:24471.966796875, std:5266.8662109375
Iter:846, max:61300.671875, mean:43667.4921875, min:25633.40625, std:5437.1962890625
Iter:847, max:59814.5546875, mean:44412.234375, min:20234.263671875, std:4608.154296875
Iter:848, max:73041.5859375, mean:44605.07421875, min:27229.958984375, std:4726.6240234375
Iter:849, max:60286.30859375, mean:44846.7421875, min:28053.4375, std:4774.603515625
Iter:850, max:62407.9140625, mean:44881.0, min:29690.2890625, std:4711.06201171875
Iter:851, max:61728.26953125, mean:45090.4609375, min:26387.23046875, std:4637.41064453125
Iter:852, max:68022.1328125, mean:44419.71484375, min:25734.490234375, std:4884.52587890625
Iter:853, max:62325.18359375, mean:45427.3359375, min:33313.59375, std:4262.8779296875
Iter:854, max:57999.59375, mean:45206.921875, min:24293.99609375, std:4221.1318359375
Iter:855, max:60728.1875, mean:45413.83203125, min:26991.42578125, std:4477.74853515625
Iter:856, max:60679.984375, mean:45368.8046875, min:26082.408203125, std:4953.26171875
Iter:857, max:66636.515625, mean:44533.6328125, min:30423.029296875, std:4885.3125
Iter:858, max:62912.6875, mean:45653.3125, min:33851.359375, std:4538.0791015625
Iter:859, max:62367.37109375, mean:45515.2265625, min:25630.283203125, std:4506.89501953125
Iter:860, max:58110.7890625, mean:45408.6953125, min:28892.6953125, std:4265.953125
Iter:861, max:58600.078125, mean:44869.78125, min:26958.32421875, std:4479.8916015625
Iter:862, max:59291.14453125, mean:44380.9609375, min:31780.171875, std:4189.36669921875
Iter:863, max:60306.046875, mean:44339.40625, min:29177.9296875, std:4407.8671875
Iter:864, max:58653.6953125, mean:45103.484375, min:25473.810546875, std:4458.02587890625
Iter:865, max:64507.81640625, mean:43700.30078125, min:24625.072265625, std:5841.7353515625
Iter:866, max:59396.83203125, mean:44170.5, min:26755.490234375, std:4778.5126953125
Iter:867, max:67936.171875, mean:45486.9140625, min:31773.353515625, std:4485.10498046875
Iter:868, max:61221.90234375, mean:45318.01171875, min:33834.859375, std:4297.94677734375
Iter:869, max:61696.51953125, mean:45132.57421875, min:28609.234375, std:4618.94091796875
Iter:870, max:59929.26953125, mean:45478.6953125, min:30661.142578125, std:4503.099609375
Iter:871, max:60924.5703125, mean:44610.4765625, min:20489.3203125, std:4791.37158203125
Iter:872, max:63554.453125, mean:44642.5703125, min:28685.974609375, std:4798.87890625
Iter:873, max:63965.03515625, mean:44380.2890625, min:26406.140625, std:5162.85009765625
Iter:874, max:60192.078125, mean:44073.296875, min:26217.54296875, std:5134.68212890625
Iter:875, max:58612.05859375, mean:44229.296875, min:26750.3515625, std:5493.0703125
Iter:876, max:60688.00390625, mean:44848.734375, min:25686.271484375, std:4785.1875
Iter:877, max:60257.30859375, mean:44630.86328125, min:31913.962890625, std:4734.7939453125
Iter:878, max:61736.87109375, mean:45372.23046875, min:26820.939453125, std:5013.6630859375
Iter:879, max:69111.6796875, mean:45543.765625, min:21150.8125, std:4752.9521484375
Iter:880, max:57767.95703125, mean:45158.91796875, min:25493.6796875, std:4684.705078125
Iter:881, max:60052.87890625, mean:44622.89453125, min:24090.220703125, std:5108.57958984375
Iter:882, max:59713.86328125, mean:43991.41796875, min:28429.001953125, std:5206.28173828125
Iter:883, max:61974.56640625, mean:43090.90234375, min:26311.408203125, std:6062.6728515625
Iter:884, max:57295.5078125, mean:43788.40234375, min:25161.873046875, std:5584.291015625
Iter:885, max:56600.296875, mean:45259.625, min:28303.802734375, std:4503.6298828125
Iter:886, max:61009.7890625, mean:44627.28125, min:22848.33984375, std:5152.53662109375
Iter:887, max:61629.03515625, mean:45536.3125, min:26560.51953125, std:4735.64208984375
Iter:888, max:60801.94921875, mean:44235.84375, min:24567.802734375, std:5621.6787109375
Iter:889, max:59769.66015625, mean:45226.6875, min:30396.78125, std:4584.8466796875
Iter:890, max:64282.38671875, mean:44998.9765625, min:27694.603515625, std:4979.2177734375
Iter:891, max:56109.3359375, mean:43863.29296875, min:25230.376953125, std:5298.884765625
Iter:892, max:58921.1953125, mean:44830.5859375, min:28795.298828125, std:4995.2392578125
Iter:893, max:62879.171875, mean:44109.953125, min:23021.962890625, std:5626.1328125
Iter:894, max:59830.29296875, mean:44751.1328125, min:29097.31640625, std:4692.95068359375
Iter:895, max:61982.71875, mean:44899.234375, min:28782.099609375, std:4645.771484375
Iter:896, max:72132.46875, mean:44585.1484375, min:27620.814453125, std:5255.43408203125
Iter:897, max:62000.390625, mean:44508.96875, min:27310.873046875, std:5029.86865234375
Iter:898, max:61375.3359375, mean:44163.4921875, min:28387.673828125, std:5035.86328125
Iter:899, max:72627.171875, mean:44872.5625, min:26224.56640625, std:5155.0234375
Iter:900, max:61226.60546875, mean:44770.3984375, min:27685.611328125, std:4822.904296875
Iter:901, max:58896.5, mean:44676.68359375, min:27918.453125, std:5117.9033203125
Iter:902, max:59070.78515625, mean:43186.56640625, min:23792.03125, std:5779.16796875
Iter:903, max:59485.859375, mean:44292.8828125, min:25265.375, std:5296.52734375
Iter:904, max:60651.3515625, mean:44698.5703125, min:28094.298828125, std:4444.4365234375
Iter:905, max:63719.41015625, mean:44348.828125, min:21705.4765625, std:4422.4443359375
Iter:906, max:61934.921875, mean:44371.01171875, min:28132.89453125, std:4843.2783203125
Iter:907, max:71231.3671875, mean:44981.375, min:26287.970703125, std:5018.85498046875
Iter:908, max:58458.34765625, mean:44845.79296875, min:29464.447265625, std:4506.2890625
Iter:909, max:56022.05078125, mean:44134.765625, min:29397.5078125, std:4401.8291015625
Iter:910, max:60431.24609375, mean:44870.06640625, min:28775.521484375, std:4389.77197265625
Iter:911, max:60374.68359375, mean:44483.0703125, min:25702.55859375, std:5005.0615234375
Iter:912, max:56673.04296875, mean:43631.4140625, min:28448.607421875, std:4674.71484375
Iter:913, max:64557.9609375, mean:43660.9453125, min:21814.384765625, std:5675.9970703125
Iter:914, max:59491.22265625, mean:45266.75, min:27700.193359375, std:4787.64501953125
Iter:915, max:59434.796875, mean:44652.1796875, min:29757.970703125, std:4260.46923828125
Iter:916, max:63906.73828125, mean:44808.46875, min:28060.90625, std:5170.69482421875
Iter:917, max:60899.265625, mean:44797.22265625, min:31945.31640625, std:4436.1103515625
Iter:918, max:58850.98828125, mean:44012.125, min:23861.833984375, std:5522.75341796875
Iter:919, max:59549.23828125, mean:44185.3515625, min:27278.697265625, std:5287.46533203125
Iter:920, max:61604.7890625, mean:45637.859375, min:29542.318359375, std:4373.8125
Iter:921, max:61890.94140625, mean:45147.19140625, min:27936.50390625, std:4563.947265625
Iter:922, max:58007.265625, mean:43536.265625, min:24008.73828125, std:5458.67626953125
Iter:923, max:61042.62109375, mean:44786.171875, min:28076.29296875, std:4414.84033203125
Iter:924, max:65506.96875, mean:44898.1953125, min:29196.068359375, std:4897.58251953125
Iter:925, max:62389.05078125, mean:44034.828125, min:27917.216796875, std:4786.017578125
Iter:926, max:64645.34375, mean:44123.328125, min:26388.767578125, std:4942.326171875
Iter:927, max:58286.34765625, mean:45213.7109375, min:29251.876953125, std:4376.29296875
Iter:928, max:75213.203125, mean:45439.5234375, min:26823.697265625, std:4573.375
Iter:929, max:61058.92578125, mean:45390.265625, min:30363.078125, std:4173.63916015625
Iter:930, max:64394.859375, mean:44585.38671875, min:31510.474609375, std:4421.259765625
Iter:931, max:57049.39453125, mean:44516.6953125, min:25824.7109375, std:5236.02734375
Iter:932, max:62733.2734375, mean:45155.18359375, min:23091.869140625, std:4801.47607421875
Iter:933, max:69691.7890625, mean:45406.30078125, min:27318.111328125, std:4583.10400390625
Iter:934, max:57946.7734375, mean:44974.9453125, min:29777.58984375, std:4463.48681640625
Iter:935, max:59300.2421875, mean:44450.91796875, min:28593.4609375, std:4440.95068359375
Iter:936, max:57978.5625, mean:45032.2421875, min:29492.615234375, std:4582.21533203125
Iter:937, max:64170.48046875, mean:44984.75, min:34799.15625, std:4142.72119140625
Iter:938, max:57155.1484375, mean:44752.359375, min:26978.64453125, std:4950.90576171875
Iter:939, max:61330.2265625, mean:43950.328125, min:24618.0546875, std:4315.2861328125
Iter:940, max:65831.0078125, mean:44999.6875, min:26951.818359375, std:4874.5078125
Iter:941, max:58691.8515625, mean:43814.4375, min:23401.3828125, std:4521.34912109375
Iter:942, max:62587.18359375, mean:45441.48828125, min:27636.6328125, std:4462.177734375
Iter:943, max:57909.65234375, mean:44592.703125, min:29101.521484375, std:4653.60009765625
Iter:944, max:63915.2890625, mean:45405.62890625, min:29306.953125, std:4436.71142578125
Iter:945, max:64864.46484375, mean:44022.640625, min:25421.125, std:5474.92919921875
Iter:946, max:60867.46875, mean:45358.24609375, min:29717.83984375, std:4241.6669921875
Iter:947, max:55950.625, mean:44327.9296875, min:32470.962890625, std:4126.78857421875
Iter:948, max:62224.86328125, mean:45278.8984375, min:27795.6171875, std:4458.9169921875
Iter:949, max:62213.94140625, mean:45048.28125, min:23272.193359375, std:4645.75
Iter:950, max:60608.5078125, mean:44420.8671875, min:31707.931640625, std:3967.784912109375
Iter:951, max:66426.5078125, mean:44584.1640625, min:28278.01171875, std:4837.25341796875
Iter:952, max:66523.6484375, mean:44750.3671875, min:31982.474609375, std:4305.35791015625
Iter:953, max:66228.8984375, mean:44603.625, min:29231.875, std:4341.61474609375
Iter:954, max:59363.1953125, mean:44345.9609375, min:33475.33984375, std:4191.482421875
Iter:955, max:56865.09765625, mean:45381.85546875, min:28967.099609375, std:4410.560546875
Iter:956, max:58961.87109375, mean:44550.0078125, min:27772.94921875, std:4602.32568359375
Iter:957, max:62327.84765625, mean:44570.984375, min:23956.67578125, std:4944.46826171875
Iter:958, max:61984.6640625, mean:45515.4765625, min:31218.0234375, std:4620.5126953125
Iter:959, max:63088.9609375, mean:44926.4765625, min:28684.759765625, std:4772.31005859375
Iter:960, max:59692.1328125, mean:45289.01171875, min:33072.625, std:4588.6279296875
Iter:961, max:60890.49609375, mean:44887.828125, min:31993.650390625, std:4099.2998046875
Iter:962, max:60985.8515625, mean:43360.46875, min:32725.86328125, std:4412.03564453125
Iter:963, max:60910.28125, mean:45169.2421875, min:27826.255859375, std:4444.15185546875
Iter:964, max:57149.75390625, mean:44330.2421875, min:28676.74609375, std:4740.50341796875
Iter:965, max:57868.6171875, mean:44909.0859375, min:29519.931640625, std:4001.79443359375
Iter:966, max:66831.7265625, mean:45650.515625, min:27024.046875, std:4610.736328125
Iter:967, max:59814.27734375, mean:44683.16796875, min:26753.77734375, std:4542.376953125
Iter:968, max:61965.328125, mean:45601.9296875, min:30333.134765625, std:4502.9091796875
Iter:969, max:82286.984375, mean:45213.421875, min:30179.09765625, std:4691.47021484375
Iter:970, max:74340.9765625, mean:44773.89453125, min:33507.73828125, std:4363.95263671875
Iter:971, max:60543.81640625, mean:45047.4921875, min:24398.04296875, std:4861.31884765625
Iter:972, max:66127.234375, mean:45407.265625, min:34184.42578125, std:4285.93408203125
Iter:973, max:61979.51953125, mean:45034.015625, min:34119.140625, std:4533.2353515625
Iter:974, max:66815.375, mean:45398.2265625, min:26837.37890625, std:4878.44580078125
Iter:975, max:67949.1484375, mean:44939.4765625, min:32938.11328125, std:4578.53955078125
Iter:976, max:61571.1171875, mean:45741.34765625, min:31797.412109375, std:4396.87744140625
Iter:977, max:62486.99609375, mean:45179.078125, min:32265.861328125, std:4332.39990234375
Iter:978, max:62129.4375, mean:45397.375, min:30736.22265625, std:4443.23779296875
Iter:979, max:59637.17578125, mean:44600.515625, min:30160.7890625, std:4419.5341796875
Iter:980, max:55883.72265625, mean:43583.10546875, min:27590.45703125, std:4426.33154296875
Iter:981, max:62376.70703125, mean:44841.1328125, min:26302.349609375, std:4480.45458984375
Iter:982, max:60450.49609375, mean:44763.96875, min:30502.072265625, std:5053.31005859375
Iter:983, max:59153.09375, mean:44206.94140625, min:29203.591796875, std:4489.2958984375
Iter:984, max:57654.984375, mean:45069.05078125, min:31355.3125, std:4262.0322265625
Iter:985, max:67365.8359375, mean:45299.703125, min:29314.650390625, std:4463.44873046875
Iter:986, max:62327.5, mean:45333.9453125, min:29367.68359375, std:4478.560546875
Iter:987, max:62874.84375, mean:45139.27734375, min:32480.513671875, std:4526.13037109375
Iter:988, max:58598.83984375, mean:44323.47265625, min:25736.140625, std:4993.662109375
Iter:989, max:72015.2421875, mean:44838.0390625, min:29930.6171875, std:4616.06103515625
Iter:990, max:59800.2265625, mean:44843.41796875, min:30691.873046875, std:4617.978515625
Iter:991, max:72554.140625, mean:44915.390625, min:29526.888671875, std:4876.73291015625
Iter:992, max:61212.5, mean:45624.02734375, min:33004.0390625, std:4134.58740234375
Iter:993, max:62481.12109375, mean:44130.7578125, min:25488.2109375, std:4663.4033203125
Iter:994, max:61200.0390625, mean:44930.796875, min:30262.853515625, std:4451.00634765625
Iter:995, max:60536.71875, mean:44600.11328125, min:25613.033203125, std:4692.46142578125
Iter:996, max:59924.5234375, mean:44994.9921875, min:29806.12109375, std:4552.6318359375
Iter:997, max:62608.77734375, mean:44804.265625, min:27228.193359375, std:4761.53857421875
Iter:998, max:59975.5625, mean:45025.7265625, min:28985.923828125, std:4645.591796875
Iter:999, max:60330.65625, mean:45485.45703125, min:34550.25, std:4457.1181640625
