Iter:0, max:20165.921875, mean:7698.1865234375, min:5900.951171875, std:1761.378173828125
Iter:1, max:21379.353515625, mean:8050.52392578125, min:5906.41845703125, std:2037.4107666015625
Iter:2, max:23919.021484375, mean:8670.7822265625, min:5920.55712890625, std:2454.464599609375
Iter:3, max:24392.818359375, mean:9252.765625, min:5904.29541015625, std:2749.65380859375
Iter:4, max:26364.634765625, mean:10411.3671875, min:5933.3134765625, std:3305.270263671875
Iter:5, max:27025.361328125, mean:11681.9873046875, min:6041.38623046875, std:3569.361328125
Iter:6, max:27591.955078125, mean:12781.052734375, min:6126.279296875, std:3527.631103515625
Iter:7, max:27917.01171875, mean:13973.427734375, min:6001.37646484375, std:3258.723388671875
Iter:8, max:32984.62890625, mean:14719.17578125, min:8913.099609375, std:3008.01513671875
Iter:9, max:27622.072265625, mean:15077.001953125, min:9155.6201171875, std:2773.02099609375
Iter:10, max:28680.763671875, mean:15488.60546875, min:10015.5849609375, std:2808.195556640625
Iter:11, max:29008.564453125, mean:16100.427734375, min:10650.541015625, std:2826.591796875
Iter:12, max:29705.158203125, mean:16946.203125, min:10978.9892578125, std:3271.3779296875
Iter:13, max:34005.3046875, mean:17723.69140625, min:11173.3681640625, std:3660.5
Iter:14, max:43262.74609375, mean:19074.921875, min:10449.9140625, std:4049.14697265625
Iter:15, max:39168.0, mean:20052.669921875, min:10612.599609375, std:4111.68359375
Iter:16, max:42162.77734375, mean:21568.75, min:11350.369140625, std:4635.91943359375
Iter:17, max:41616.3046875, mean:22793.6875, min:13128.4501953125, std:4633.75390625
Iter:18, max:63982.48046875, mean:24121.8515625, min:12822.72265625, std:4822.7490234375
Iter:19, max:52084.86328125, mean:25151.4296875, min:12752.9990234375, std:4443.28076171875
Iter:20, max:56713.2734375, mean:26212.63671875, min:15045.42578125, std:4377.0625
Iter:21, max:44314.11328125, mean:26881.162109375, min:12839.02734375, std:4114.6220703125
Iter:22, max:50902.02734375, mean:27390.462890625, min:16562.1171875, std:4198.6552734375
Iter:23, max:44406.5546875, mean:27644.55859375, min:18036.19140625, std:4027.600830078125
Iter:24, max:43409.33203125, mean:27788.369140625, min:15487.24609375, std:3971.587158203125
Iter:25, max:48561.3203125, mean:28127.056640625, min:19432.46484375, std:3994.48779296875
Iter:26, max:47500.12109375, mean:28493.28125, min:17608.56640625, std:3893.394287109375
Iter:27, max:47132.359375, mean:28422.625, min:18405.3984375, std:3783.038330078125
Iter:28, max:47974.828125, mean:28533.734375, min:17075.845703125, std:3941.276611328125
Iter:29, max:50014.18359375, mean:29147.69921875, min:19706.34375, std:4097.37255859375
Iter:30, max:44659.00390625, mean:28946.64453125, min:17938.064453125, std:3969.753662109375
Iter:31, max:42884.19921875, mean:29311.875, min:18713.03515625, std:3847.80615234375
Iter:32, max:45563.296875, mean:29370.759765625, min:19386.44140625, std:3760.272705078125
Iter:33, max:46447.76171875, mean:29931.05859375, min:15468.251953125, std:3872.81591796875
Iter:34, max:52082.61328125, mean:29769.51171875, min:17943.263671875, std:4174.9228515625
Iter:35, max:49264.265625, mean:30093.138671875, min:18638.50390625, std:4295.4765625
Iter:36, max:52102.5078125, mean:30292.037109375, min:20628.1484375, std:4426.24267578125
Iter:37, max:54424.3671875, mean:30498.962890625, min:19556.154296875, std:4298.99267578125
Iter:38, max:48719.69140625, mean:30390.68359375, min:17817.705078125, std:4178.78857421875
Iter:39, max:54421.3359375, mean:30695.90625, min:20780.458984375, std:4511.6982421875
Iter:40, max:46784.125, mean:30739.90234375, min:19816.54296875, std:4375.80078125
Iter:41, max:49912.97265625, mean:30925.26953125, min:20209.802734375, std:4262.0556640625
Iter:42, max:48020.05859375, mean:30972.9921875, min:20020.927734375, std:4426.13916015625
Iter:43, max:54550.94921875, mean:30884.2421875, min:20200.974609375, std:4424.310546875
Iter:44, max:49211.62109375, mean:31244.798828125, min:17530.802734375, std:4472.09912109375
Iter:45, max:50261.0390625, mean:31624.07421875, min:19507.13671875, std:4699.7548828125
Iter:46, max:51291.3046875, mean:31215.52734375, min:20554.130859375, std:4556.73876953125
Iter:47, max:48224.73828125, mean:31505.6484375, min:21486.23046875, std:4539.27734375
Iter:48, max:51772.75, mean:32151.546875, min:19865.552734375, std:4680.404296875
Iter:49, max:52596.51171875, mean:32200.697265625, min:19963.548828125, std:4750.91552734375
Iter:50, max:50374.64453125, mean:32401.4140625, min:19816.8046875, std:4748.36279296875
Iter:51, max:56113.67578125, mean:32235.609375, min:21199.794921875, std:4701.48388671875
Iter:52, max:51321.640625, mean:32851.2265625, min:19790.916015625, std:4909.55419921875
Iter:53, max:54205.4140625, mean:32621.75390625, min:21190.447265625, std:5098.7705078125
Iter:54, max:55148.6796875, mean:32962.625, min:19543.150390625, std:5087.68212890625
Iter:55, max:55607.3828125, mean:33281.2578125, min:21863.822265625, std:4975.5927734375
Iter:56, max:49288.4921875, mean:33380.0703125, min:20562.435546875, std:5018.78125
Iter:57, max:55581.37890625, mean:33793.40625, min:21280.2734375, std:5078.99462890625
Iter:58, max:55779.7109375, mean:34051.890625, min:20994.5703125, std:5002.59521484375
Iter:59, max:57403.8125, mean:34114.75, min:20954.787109375, std:5405.9794921875
Iter:60, max:53314.9765625, mean:34367.125, min:20678.52734375, std:5123.1953125
Iter:61, max:55668.0625, mean:34670.6796875, min:20428.751953125, std:5234.3408203125
Iter:62, max:56417.99609375, mean:34463.046875, min:19729.19921875, std:5270.962890625
Iter:63, max:56391.28125, mean:35050.58203125, min:22079.921875, std:5166.11767578125
Iter:64, max:55260.86328125, mean:35049.046875, min:21110.916015625, std:5481.5400390625
Iter:65, max:57152.265625, mean:35338.26953125, min:21117.94140625, std:5331.34912109375
Iter:66, max:57541.7578125, mean:35130.18359375, min:21261.80859375, std:5661.22705078125
Iter:67, max:60598.99609375, mean:35301.53125, min:20726.306640625, std:5685.3896484375
Iter:68, max:55376.015625, mean:35869.5859375, min:22064.923828125, std:5345.5986328125
Iter:69, max:58539.14453125, mean:35937.15625, min:22692.1328125, std:5370.029296875
Iter:70, max:55640.6796875, mean:36216.6640625, min:21012.189453125, std:5636.1826171875
Iter:71, max:59891.00390625, mean:36251.796875, min:20558.62890625, std:5585.74658203125
Iter:72, max:54261.82421875, mean:36502.95703125, min:22545.314453125, std:5594.66259765625
Iter:73, max:67325.078125, mean:36561.98046875, min:22107.095703125, std:5585.0224609375
Iter:74, max:54980.43359375, mean:36803.04296875, min:21612.3125, std:5702.47216796875
Iter:75, max:56713.671875, mean:36730.65234375, min:22739.095703125, std:5820.32421875
Iter:76, max:55343.77734375, mean:37519.8515625, min:22807.02734375, std:5646.0927734375
Iter:77, max:56014.3203125, mean:37736.109375, min:22877.7265625, std:5581.30859375
Iter:78, max:62732.8359375, mean:37401.03125, min:23827.18359375, std:5636.671875
Iter:79, max:60894.18359375, mean:37829.56640625, min:21347.134765625, std:5559.6142578125
Iter:80, max:58759.13671875, mean:38384.27734375, min:22434.087890625, std:5566.05615234375
Iter:81, max:63857.37890625, mean:38464.69921875, min:22047.265625, std:5778.24560546875
Iter:82, max:57081.70703125, mean:38535.734375, min:23167.228515625, std:5608.7021484375
Iter:83, max:59120.265625, mean:38774.49609375, min:19066.322265625, std:5816.38037109375
Iter:84, max:60905.71875, mean:39076.28125, min:22886.470703125, std:5748.794921875
Iter:85, max:62880.00390625, mean:38603.6484375, min:23596.66796875, std:5333.1123046875
Iter:86, max:60887.20703125, mean:38991.2265625, min:24255.697265625, std:5789.63037109375
Iter:87, max:62445.92578125, mean:39505.44140625, min:23653.5625, std:5702.6904296875
Iter:88, max:56547.91015625, mean:39596.4765625, min:25185.11328125, std:5377.39501953125
Iter:89, max:65055.35546875, mean:39472.21484375, min:23727.91796875, std:5518.05224609375
Iter:90, max:63566.8671875, mean:39863.80859375, min:23079.044921875, std:5247.7734375
Iter:91, max:57762.8203125, mean:39593.6796875, min:24835.556640625, std:5289.044921875
Iter:92, max:64754.6015625, mean:40144.69921875, min:23758.390625, std:5529.9755859375
Iter:93, max:57692.34375, mean:40256.98828125, min:24852.185546875, std:5439.96240234375
Iter:94, max:59742.30859375, mean:40230.125, min:22792.326171875, std:5431.0244140625
Iter:95, max:56877.203125, mean:40471.55859375, min:23312.427734375, std:5303.80810546875
Iter:96, max:60249.26953125, mean:40405.515625, min:21665.2421875, std:5421.689453125
Iter:97, max:61986.34375, mean:40566.1171875, min:24237.16796875, std:5774.31005859375
Iter:98, max:66951.21875, mean:40255.11328125, min:22745.310546875, std:5746.6298828125
Iter:99, max:58835.7421875, mean:40682.28515625, min:22444.85546875, std:5489.25634765625
Iter:100, max:65451.4453125, mean:40720.50390625, min:22391.736328125, std:6011.5380859375
Iter:101, max:62417.06640625, mean:40855.6875, min:22410.947265625, std:5581.755859375
Iter:102, max:65567.28125, mean:40809.9453125, min:23397.423828125, std:5755.787109375
Iter:103, max:60242.171875, mean:41388.7265625, min:21704.9375, std:5971.38623046875
Iter:104, max:66606.1484375, mean:41495.9140625, min:24071.412109375, std:5667.95556640625
Iter:105, max:64223.4375, mean:41383.59375, min:20450.16015625, std:5898.916015625
Iter:106, max:60292.0625, mean:41107.609375, min:21593.3359375, std:6088.060546875
Iter:107, max:73843.046875, mean:41850.64453125, min:24473.490234375, std:5991.953125
Iter:108, max:63892.08203125, mean:42072.50390625, min:23701.62109375, std:5560.23291015625
Iter:109, max:67694.1640625, mean:41823.265625, min:22067.482421875, std:5909.55224609375
Iter:110, max:70661.984375, mean:42175.9921875, min:24928.65625, std:5750.29345703125
Iter:111, max:73268.8203125, mean:42592.7578125, min:23855.806640625, std:5929.31982421875
Iter:112, max:63551.07421875, mean:42467.85546875, min:25502.07421875, std:5932.40966796875
Iter:113, max:68957.0234375, mean:41861.13671875, min:26370.34375, std:5505.92236328125
Iter:114, max:62736.13671875, mean:42096.39453125, min:22498.083984375, std:5943.81298828125
Iter:115, max:61912.0859375, mean:42452.6484375, min:22924.14453125, std:5995.70068359375
Iter:116, max:65735.0859375, mean:42361.29296875, min:22035.427734375, std:6111.1943359375
Iter:117, max:62712.20703125, mean:42880.1640625, min:24300.544921875, std:5873.8994140625
Iter:118, max:61469.44140625, mean:42712.82421875, min:23024.490234375, std:5495.91064453125
Iter:119, max:60139.37890625, mean:43102.26953125, min:25787.576171875, std:5864.48779296875
Iter:120, max:62538.37109375, mean:42948.421875, min:24254.943359375, std:5816.505859375
Iter:121, max:69394.796875, mean:43233.8046875, min:23452.25390625, std:6047.2216796875
Iter:122, max:61394.6796875, mean:43521.828125, min:22351.771484375, std:5861.35595703125
Iter:123, max:66230.265625, mean:43644.5546875, min:25560.57421875, std:5780.44482421875
Iter:124, max:69674.90625, mean:43510.234375, min:25900.1875, std:6035.630859375
Iter:125, max:76090.546875, mean:43899.2421875, min:24141.900390625, std:6273.166015625
Iter:126, max:63383.78125, mean:44337.7109375, min:24754.873046875, std:5980.18408203125
Iter:127, max:62184.85546875, mean:43563.7265625, min:25448.150390625, std:6133.64111328125
Iter:128, max:65626.3203125, mean:44547.2421875, min:24157.0390625, std:6117.62841796875
Iter:129, max:62857.12890625, mean:44116.52734375, min:26719.619140625, std:5917.240234375
Iter:130, max:67161.0703125, mean:44594.7265625, min:23159.640625, std:6122.29736328125
Iter:131, max:65315.16015625, mean:44762.38671875, min:24461.771484375, std:5749.90625
Iter:132, max:71337.2265625, mean:44876.21484375, min:20969.34375, std:6151.37158203125
Iter:133, max:61245.46484375, mean:45168.796875, min:26580.00390625, std:5782.875
Iter:134, max:65672.890625, mean:42132.46484375, min:21811.677734375, std:6812.06640625
Iter:135, max:64026.3125, mean:44344.0859375, min:20992.748046875, std:6353.23193359375
Iter:136, max:64206.0859375, mean:44079.671875, min:23131.607421875, std:6496.91845703125
Iter:137, max:62682.16015625, mean:45191.421875, min:24554.2578125, std:6043.8974609375
Iter:138, max:65204.8125, mean:45219.4296875, min:23332.4375, std:5804.935546875
Iter:139, max:63519.234375, mean:45474.8203125, min:20509.6328125, std:5916.6767578125
Iter:140, max:67102.6171875, mean:46069.69921875, min:22872.529296875, std:5787.81201171875
Iter:141, max:65594.890625, mean:46369.9140625, min:22240.14453125, std:5824.90234375
Iter:142, max:63895.12109375, mean:46133.53125, min:25171.966796875, std:5750.14111328125
Iter:143, max:80703.25, mean:46238.1640625, min:26190.326171875, std:5887.93994140625
Iter:144, max:63608.03515625, mean:46643.890625, min:24695.697265625, std:5550.41357421875
Iter:145, max:65378.1796875, mean:45984.9375, min:26196.48828125, std:5646.1015625
Iter:146, max:71051.1171875, mean:46472.625, min:21523.603515625, std:5730.40771484375
Iter:147, max:69668.453125, mean:46930.5546875, min:26559.453125, std:5487.4931640625
Iter:148, max:70929.09375, mean:46299.66796875, min:23415.08984375, std:6123.66162109375
Iter:149, max:70080.703125, mean:47778.46484375, min:28429.294921875, std:5315.19482421875
Iter:150, max:66759.5078125, mean:47760.609375, min:27503.08984375, std:5214.228515625
Iter:151, max:72345.5859375, mean:47477.5625, min:25232.0625, std:5600.11181640625
Iter:152, max:68930.8046875, mean:47007.7734375, min:24821.013671875, std:5584.0791015625
Iter:153, max:64335.1875, mean:48300.65625, min:25713.701171875, std:5195.42529296875
Iter:154, max:70899.8984375, mean:47527.86328125, min:22630.203125, std:5753.18701171875
Iter:155, max:75486.765625, mean:47953.125, min:24621.27734375, std:5463.59130859375
Iter:156, max:67583.765625, mean:47967.53125, min:25353.189453125, std:5378.14794921875
Iter:157, max:70669.015625, mean:48148.98828125, min:27895.201171875, std:5484.93701171875
Iter:158, max:65670.46875, mean:48013.99609375, min:24262.3828125, std:5281.11669921875
Iter:159, max:72477.3203125, mean:48557.984375, min:25896.94921875, std:5871.44873046875
Iter:160, max:66288.8203125, mean:47983.24609375, min:25673.025390625, std:5981.2158203125
Iter:161, max:67063.3515625, mean:48644.43359375, min:29085.572265625, std:5350.1435546875
Iter:162, max:67656.8125, mean:48187.67578125, min:24072.259765625, std:5330.87939453125
Iter:163, max:70924.8359375, mean:48500.73828125, min:23707.67578125, std:5721.84716796875
Iter:164, max:64023.84375, mean:48739.890625, min:27233.8671875, std:5119.521484375
Iter:165, max:68026.0703125, mean:48652.60546875, min:25949.150390625, std:5578.345703125
Iter:166, max:70965.6015625, mean:48742.51953125, min:21557.228515625, std:5669.92919921875
Iter:167, max:72493.28125, mean:48669.359375, min:22798.078125, std:5727.1181640625
Iter:168, max:68932.1796875, mean:49094.953125, min:27280.0703125, std:5559.23974609375
Iter:169, max:65844.0, mean:48983.328125, min:26888.6953125, std:5406.18359375
Iter:170, max:73154.65625, mean:49197.8984375, min:25664.44921875, std:5625.0693359375
Iter:171, max:70976.6640625, mean:49015.52734375, min:24187.044921875, std:5860.53466796875
Iter:172, max:69433.9921875, mean:49138.390625, min:27013.1875, std:5744.60205078125
Iter:173, max:68147.3984375, mean:49410.6953125, min:26135.6640625, std:5751.09619140625
Iter:174, max:67234.859375, mean:49566.6171875, min:22350.443359375, std:5543.8115234375
Iter:175, max:75760.453125, mean:50142.55859375, min:26693.59765625, std:5440.19873046875
Iter:176, max:68384.484375, mean:50072.1875, min:24335.126953125, std:5502.79638671875
Iter:177, max:67705.5390625, mean:49715.55859375, min:26539.544921875, std:5556.1171875
Iter:178, max:71264.0859375, mean:50560.34375, min:24846.9375, std:5197.35693359375
Iter:179, max:72043.1015625, mean:50596.3828125, min:27843.689453125, std:5240.1689453125
Iter:180, max:70459.390625, mean:50752.40625, min:25450.685546875, std:5107.03955078125
Iter:181, max:73096.328125, mean:50967.5546875, min:22579.814453125, std:5155.20556640625
Iter:182, max:68148.296875, mean:50557.625, min:27848.78515625, std:5303.8974609375
Iter:183, max:69086.375, mean:49848.28515625, min:25921.6015625, std:5773.5185546875
Iter:184, max:74371.5703125, mean:50864.29296875, min:23674.9453125, std:5404.9267578125
Iter:185, max:80844.375, mean:51525.72265625, min:28759.87890625, std:5199.98291015625
Iter:186, max:71602.21875, mean:51670.4609375, min:25467.029296875, std:5380.70361328125
Iter:187, max:86936.2734375, mean:51348.6015625, min:20966.07421875, std:5422.0263671875
Iter:188, max:68625.9453125, mean:51273.0078125, min:29339.978515625, std:5020.93359375
Iter:189, max:69504.5078125, mean:50969.046875, min:27191.337890625, std:5014.6064453125
Iter:190, max:69660.5, mean:51235.7890625, min:23735.703125, std:5178.705078125
Iter:191, max:72684.8515625, mean:51554.4140625, min:30618.896484375, std:4694.43701171875
Iter:192, max:69228.2421875, mean:51992.1875, min:28462.638671875, std:5059.08154296875
Iter:193, max:74666.3359375, mean:52070.94921875, min:30345.53125, std:5122.09033203125
Iter:194, max:74113.65625, mean:51832.234375, min:29758.712890625, std:4938.6416015625
Iter:195, max:73759.6796875, mean:51448.828125, min:27515.234375, std:4656.6640625
Iter:196, max:73812.453125, mean:52041.6015625, min:30939.48046875, std:4759.998046875
Iter:197, max:69725.8671875, mean:51981.09765625, min:34057.46875, std:4788.9111328125
Iter:198, max:74028.4921875, mean:52055.5859375, min:33753.69140625, std:4766.36181640625
Iter:199, max:77280.703125, mean:52687.328125, min:29697.0703125, std:4856.0517578125
Iter:200, max:72261.265625, mean:51908.05078125, min:28611.55859375, std:4899.63134765625
Iter:201, max:71809.1875, mean:52411.8125, min:26812.869140625, std:4741.59228515625
Iter:202, max:84792.15625, mean:52098.89453125, min:30800.703125, std:5105.66748046875
Iter:203, max:71952.359375, mean:52730.140625, min:24289.416015625, std:5303.8447265625
Iter:204, max:72157.921875, mean:51774.65625, min:26719.41796875, std:5081.44482421875
Iter:205, max:71314.2265625, mean:52215.578125, min:30813.224609375, std:4804.93603515625
Iter:206, max:70745.96875, mean:52642.51171875, min:27773.73828125, std:5003.60546875
Iter:207, max:70039.1640625, mean:53157.2890625, min:28362.158203125, std:4946.6923828125
Iter:208, max:72349.65625, mean:53203.734375, min:33518.3671875, std:4905.935546875
Iter:209, max:75012.4375, mean:53078.9453125, min:33798.19140625, std:4498.73876953125
Iter:210, max:72808.1796875, mean:52754.98046875, min:26077.794921875, std:4895.1689453125
Iter:211, max:72918.9921875, mean:53014.90625, min:29446.681640625, std:5010.42529296875
Iter:212, max:74122.3828125, mean:53614.2109375, min:30392.84375, std:5110.1220703125
Iter:213, max:85145.8828125, mean:53399.48828125, min:26057.0546875, std:5000.54541015625
Iter:214, max:69405.984375, mean:52234.0703125, min:29153.119140625, std:4801.85595703125
Iter:215, max:82101.5, mean:51752.390625, min:27658.724609375, std:5198.88037109375
Iter:216, max:72570.1796875, mean:53623.29296875, min:35570.1484375, std:4769.21044921875
Iter:217, max:74724.3828125, mean:53727.5, min:31828.740234375, std:5092.76123046875
Iter:218, max:74075.421875, mean:53790.58203125, min:36165.98046875, std:4634.71142578125
Iter:219, max:79145.2421875, mean:53648.046875, min:30113.17578125, std:4726.1923828125
Iter:220, max:75037.6328125, mean:53994.3125, min:29100.31640625, std:5111.40869140625
Iter:221, max:74487.34375, mean:54349.77734375, min:31542.0, std:4698.2529296875
Iter:222, max:75228.765625, mean:52715.04296875, min:27735.16796875, std:5024.5517578125
Iter:223, max:73859.0625, mean:53696.921875, min:27275.96875, std:4655.0302734375
Iter:224, max:76504.7421875, mean:54033.80078125, min:32522.462890625, std:4830.5458984375
Iter:225, max:72968.1875, mean:53509.640625, min:35648.25, std:4857.50732421875
Iter:226, max:72725.4765625, mean:53683.69921875, min:33433.36328125, std:4848.93701171875
Iter:227, max:75344.6171875, mean:54464.3984375, min:25004.912109375, std:4708.9677734375
Iter:228, max:73686.34375, mean:54721.15625, min:26601.40234375, std:5036.060546875
Iter:229, max:73297.3515625, mean:54498.890625, min:27865.314453125, std:4856.5234375
Iter:230, max:75944.0546875, mean:54292.1640625, min:29059.2734375, std:4963.08544921875
Iter:231, max:83545.28125, mean:54472.8125, min:32301.83203125, std:4695.45263671875
Iter:232, max:69122.7734375, mean:53545.0625, min:26476.46484375, std:5272.97802734375
Iter:233, max:73816.84375, mean:54803.0546875, min:27803.115234375, std:4871.33349609375
Iter:234, max:73208.59375, mean:54537.90234375, min:37132.41796875, std:4610.50439453125
Iter:235, max:74350.5859375, mean:54656.6953125, min:29709.064453125, std:4843.486328125
Iter:236, max:80106.0703125, mean:54294.4453125, min:27383.62890625, std:5050.15771484375
Iter:237, max:81291.46875, mean:54896.859375, min:28305.53125, std:4880.25146484375
Iter:238, max:71124.5546875, mean:55072.28125, min:34271.14453125, std:4641.48681640625
Iter:239, max:77887.3984375, mean:54942.15625, min:35686.17578125, std:4797.1396484375
Iter:240, max:74485.3125, mean:55093.859375, min:34140.61328125, std:4620.0703125
Iter:241, max:77106.3359375, mean:54945.9453125, min:30802.123046875, std:4782.5107421875
Iter:242, max:79405.3984375, mean:54027.9296875, min:30609.689453125, std:5377.205078125
Iter:243, max:75891.0390625, mean:54844.6015625, min:29627.470703125, std:5136.26123046875
Iter:244, max:74824.375, mean:54393.98046875, min:29704.267578125, std:4662.4716796875
Iter:245, max:73315.5625, mean:54613.59375, min:36794.0234375, std:4789.73779296875
Iter:246, max:79608.5390625, mean:55239.62109375, min:32566.072265625, std:4814.0576171875
Iter:247, max:74953.109375, mean:54842.94140625, min:30554.66015625, std:4744.81787109375
Iter:248, max:74371.8359375, mean:55079.9296875, min:43458.1484375, std:4423.068359375
Iter:249, max:75673.9609375, mean:55284.6875, min:27896.1875, std:4818.47998046875
Iter:250, max:73736.5859375, mean:55782.84375, min:36533.5390625, std:4653.90478515625
Iter:251, max:75581.0546875, mean:55202.47265625, min:27180.0625, std:4689.97998046875
Iter:252, max:78653.8125, mean:55436.65625, min:30097.8046875, std:4886.921875
Iter:253, max:75596.4140625, mean:55403.74609375, min:23206.12890625, std:4713.86376953125
Iter:254, max:71435.578125, mean:54593.5859375, min:40314.26953125, std:4453.86962890625
Iter:255, max:81152.9921875, mean:55917.32421875, min:30502.970703125, std:4722.25537109375
Iter:256, max:75970.5859375, mean:55161.53515625, min:32819.4375, std:4541.2802734375
Iter:257, max:75252.7734375, mean:55495.96484375, min:32486.58203125, std:4421.64013671875
Iter:258, max:76993.0, mean:55941.421875, min:35443.28125, std:4759.5361328125
Iter:259, max:72698.5078125, mean:55335.3984375, min:31284.478515625, std:4915.37744140625
Iter:260, max:76928.8125, mean:55693.23046875, min:36750.8828125, std:4365.095703125
Iter:261, max:76713.2734375, mean:55902.42578125, min:36906.9609375, std:4513.69873046875
Iter:262, max:75933.59375, mean:56062.55859375, min:28373.73046875, std:4536.37060546875
Iter:263, max:81956.4765625, mean:55929.0546875, min:33520.2734375, std:4747.2109375
Iter:264, max:77640.5625, mean:55858.1328125, min:40589.5, std:4716.84814453125
Iter:265, max:75986.140625, mean:55845.6640625, min:32578.267578125, std:4643.8154296875
Iter:266, max:73715.6875, mean:55940.3203125, min:36883.08984375, std:4554.138671875
Iter:267, max:76382.515625, mean:55389.06640625, min:31427.56640625, std:5067.77099609375
Iter:268, max:73179.0625, mean:55513.734375, min:40064.56640625, std:4477.314453125
Iter:269, max:76008.4609375, mean:56321.46875, min:28506.3671875, std:4936.4873046875
Iter:270, max:77715.6953125, mean:55683.1796875, min:33274.4921875, std:4636.42822265625
Iter:271, max:79379.6015625, mean:55733.2890625, min:34054.6015625, std:4773.8154296875
Iter:272, max:73340.671875, mean:55750.625, min:36828.671875, std:4302.89990234375
Iter:273, max:76654.015625, mean:56155.67578125, min:32831.11328125, std:4779.412109375
Iter:274, max:76650.015625, mean:56234.4140625, min:28746.705078125, std:5289.7041015625
Iter:275, max:71477.9375, mean:56033.64453125, min:31438.52734375, std:4817.07421875
Iter:276, max:75962.046875, mean:55913.9375, min:34574.33984375, std:4684.96337890625
Iter:277, max:79073.359375, mean:56173.26171875, min:27726.638671875, std:5174.12255859375
Iter:278, max:76444.921875, mean:56245.96484375, min:35497.21875, std:4776.28125
Iter:279, max:82651.6171875, mean:55833.96875, min:29503.888671875, std:4939.70361328125
Iter:280, max:76841.9453125, mean:56079.78125, min:24388.55859375, std:5218.16455078125
Iter:281, max:76854.3359375, mean:56603.40234375, min:33453.0859375, std:4955.39697265625
Iter:282, max:74553.5078125, mean:56327.2578125, min:29760.5, std:4656.21142578125
Iter:283, max:75371.953125, mean:56362.4609375, min:27282.556640625, std:5020.83154296875
Iter:284, max:77054.3359375, mean:56258.45703125, min:26718.634765625, std:5022.3095703125
Iter:285, max:78609.46875, mean:55417.90625, min:35129.28125, std:4773.8779296875
Iter:286, max:76742.453125, mean:55104.4921875, min:38252.5546875, std:4523.76806640625
Iter:287, max:78268.9453125, mean:56177.01171875, min:31831.037109375, std:4676.0185546875
Iter:288, max:79473.6953125, mean:56439.12890625, min:33109.7109375, std:4997.7275390625
Iter:289, max:72143.1796875, mean:56585.93359375, min:31464.931640625, std:5167.34228515625
Iter:290, max:76618.6015625, mean:56259.25, min:29560.458984375, std:5048.11376953125
Iter:291, max:78154.0625, mean:56238.7890625, min:30225.7265625, std:5265.57958984375
Iter:292, max:73698.1953125, mean:56247.8515625, min:34081.92578125, std:4764.04052734375
Iter:293, max:76127.6640625, mean:55442.06640625, min:35175.78125, std:4743.28173828125
Iter:294, max:78185.3125, mean:56728.984375, min:32403.458984375, std:5120.890625
Iter:295, max:76111.953125, mean:56194.3828125, min:34266.23828125, std:4506.39892578125
Iter:296, max:83637.4375, mean:56337.8828125, min:33478.578125, std:4895.115234375
Iter:297, max:82330.09375, mean:56353.4921875, min:26213.564453125, std:5257.9892578125
Iter:298, max:82629.5234375, mean:55394.58984375, min:34126.87890625, std:4871.44189453125
Iter:299, max:83865.640625, mean:56853.1875, min:30997.486328125, std:5220.98583984375
Iter:300, max:78887.1640625, mean:56460.0546875, min:28932.806640625, std:4558.9716796875
Iter:301, max:75891.7890625, mean:56465.8984375, min:31521.380859375, std:4668.7421875
Iter:302, max:82943.765625, mean:56929.5, min:33689.6953125, std:4718.37890625
Iter:303, max:83242.8125, mean:56280.28125, min:36172.45703125, std:4693.45166015625
Iter:304, max:74343.5390625, mean:56559.3828125, min:27859.9296875, std:5667.3857421875
Iter:305, max:74481.8125, mean:56419.484375, min:31180.185546875, std:4818.6669921875
Iter:306, max:75042.0859375, mean:55834.0, min:26507.7890625, std:4686.8623046875
Iter:307, max:79161.25, mean:56901.21875, min:27852.1953125, std:4988.4736328125
Iter:308, max:73562.828125, mean:56249.7109375, min:34097.76171875, std:4478.1533203125
Iter:309, max:76248.78125, mean:56000.1953125, min:29587.775390625, std:4730.23876953125
Iter:310, max:77380.9921875, mean:56891.5859375, min:25897.45703125, std:4528.7548828125
Iter:311, max:74681.140625, mean:56864.1640625, min:28511.720703125, std:5757.04443359375
Iter:312, max:74652.15625, mean:56651.125, min:31957.423828125, std:4500.50927734375
Iter:313, max:81453.3515625, mean:57356.9453125, min:30210.173828125, std:4585.6318359375
Iter:314, max:88623.46875, mean:56542.6796875, min:31707.0625, std:4560.1015625
Iter:315, max:87161.5078125, mean:57397.46875, min:33869.00390625, std:4705.23193359375
Iter:316, max:80041.75, mean:56949.6796875, min:31933.1796875, std:4764.91796875
Iter:317, max:88196.2890625, mean:57115.921875, min:31563.396484375, std:4981.3173828125
Iter:318, max:76568.71875, mean:57297.09375, min:29404.5390625, std:5042.72509765625
Iter:319, max:74498.3828125, mean:57173.296875, min:32819.93359375, std:4666.166015625
Iter:320, max:73938.859375, mean:56234.62890625, min:33845.2890625, std:4492.5966796875
Iter:321, max:82809.0, mean:57835.796875, min:31035.625, std:4853.66552734375
Iter:322, max:76405.9453125, mean:57046.83984375, min:26427.74609375, std:4487.806640625
Iter:323, max:80254.0234375, mean:57483.56640625, min:29954.74609375, std:4882.32470703125
Iter:324, max:79601.53125, mean:57757.22265625, min:33424.984375, std:4717.796875
Iter:325, max:77011.6171875, mean:56604.5390625, min:35724.234375, std:4670.2021484375
Iter:326, max:80929.5859375, mean:57698.83203125, min:37458.55859375, std:4218.9892578125
Iter:327, max:74591.859375, mean:57005.63671875, min:43153.1640625, std:4382.8779296875
Iter:328, max:74553.8359375, mean:56038.0078125, min:28198.40625, std:4845.478515625
Iter:329, max:83932.921875, mean:57328.26171875, min:35355.0390625, std:4601.0576171875
Iter:330, max:81938.625, mean:57394.6171875, min:36223.60546875, std:4567.63427734375
Iter:331, max:79083.4140625, mean:57043.08203125, min:35470.73828125, std:4690.63720703125
Iter:332, max:81389.765625, mean:57678.515625, min:40987.7421875, std:4503.814453125
Iter:333, max:78644.28125, mean:56794.5390625, min:32871.015625, std:4651.92578125
Iter:334, max:77715.75, mean:57602.9765625, min:37840.04296875, std:4381.65673828125
Iter:335, max:79764.5625, mean:57705.80859375, min:34552.171875, std:4466.31787109375
Iter:336, max:89786.609375, mean:56989.93359375, min:30831.2734375, std:4662.03076171875
Iter:337, max:81204.5390625, mean:57417.3828125, min:29272.73828125, std:4606.04931640625
Iter:338, max:74008.1640625, mean:57746.6328125, min:32756.50390625, std:4540.5830078125
Iter:339, max:76937.34375, mean:57760.328125, min:32901.125, std:4715.42041015625
Iter:340, max:74093.8671875, mean:57661.0078125, min:40110.0546875, std:4309.49609375
Iter:341, max:74741.484375, mean:57373.375, min:33422.63671875, std:4470.54345703125
Iter:342, max:84396.3359375, mean:57599.80859375, min:31767.357421875, std:4826.97119140625
Iter:343, max:76244.625, mean:56782.9921875, min:39453.29296875, std:4394.39013671875
Iter:344, max:77591.53125, mean:57604.90625, min:29680.79296875, std:4554.0654296875
Iter:345, max:79528.9921875, mean:56618.23046875, min:32523.11328125, std:4621.77880859375
Iter:346, max:74029.4375, mean:57661.6015625, min:27634.34765625, std:4449.8642578125
Iter:347, max:85690.4375, mean:56913.29296875, min:37620.08203125, std:4625.955078125
Iter:348, max:72260.015625, mean:57615.90625, min:44287.9765625, std:4196.49658203125
Iter:349, max:77928.9453125, mean:57806.5390625, min:44244.25, std:4542.58447265625
Iter:350, max:79850.484375, mean:57963.453125, min:44945.0078125, std:4245.5830078125
Iter:351, max:76821.78125, mean:57230.859375, min:32921.80859375, std:4340.06689453125
Iter:352, max:81030.6796875, mean:56885.3046875, min:43765.1875, std:4551.63818359375
Iter:353, max:82497.6640625, mean:57628.25, min:44386.7890625, std:4199.1904296875
Iter:354, max:82162.953125, mean:57877.234375, min:35628.671875, std:4386.45703125
Iter:355, max:77788.4609375, mean:56969.3828125, min:39689.54296875, std:4495.60205078125
Iter:356, max:75079.5, mean:57660.4453125, min:44358.90625, std:4351.0947265625
Iter:357, max:81245.546875, mean:57447.1640625, min:34861.01953125, std:4452.02197265625
Iter:358, max:76557.09375, mean:57840.265625, min:32484.134765625, std:4508.26806640625
Iter:359, max:83597.9296875, mean:57233.34765625, min:36215.71875, std:4422.24755859375
Iter:360, max:75606.2890625, mean:58379.80078125, min:46397.78125, std:4280.84326171875
Iter:361, max:84488.4453125, mean:57971.64453125, min:33635.71484375, std:4474.65869140625
Iter:362, max:84146.546875, mean:57262.70703125, min:38360.4453125, std:4388.49365234375
Iter:363, max:76104.6796875, mean:58061.8046875, min:45148.96875, std:4200.2841796875
Iter:364, max:76766.9765625, mean:55899.8984375, min:37242.640625, std:4610.7060546875
Iter:365, max:83404.4453125, mean:58263.9140625, min:35708.3359375, std:4481.86376953125
Iter:366, max:78764.75, mean:57178.53515625, min:29305.681640625, std:4492.283203125
Iter:367, max:80985.1640625, mean:57198.8984375, min:36570.625, std:4580.6591796875
Iter:368, max:89342.75, mean:57315.97265625, min:46138.09765625, std:4457.96337890625
Iter:369, max:89434.0234375, mean:57301.77734375, min:29038.806640625, std:4659.5693359375
Iter:370, max:75066.46875, mean:58088.984375, min:40437.2578125, std:4373.1953125
Iter:371, max:84216.9921875, mean:58329.4921875, min:37406.53515625, std:4516.82861328125
Iter:372, max:76240.8203125, mean:57317.6484375, min:29440.068359375, std:5023.65576171875
Iter:373, max:81548.84375, mean:56868.453125, min:28392.9921875, std:4949.0419921875
Iter:374, max:89337.6484375, mean:57566.50390625, min:28486.3515625, std:4844.0830078125
Iter:375, max:75217.3671875, mean:57628.24609375, min:33557.08203125, std:4530.412109375
Iter:376, max:75665.515625, mean:57925.5, min:31764.3046875, std:4475.17724609375
Iter:377, max:87657.9609375, mean:57381.8828125, min:27865.060546875, std:4746.00634765625
Iter:378, max:79380.0390625, mean:57709.10546875, min:30954.533203125, std:4705.6728515625
Iter:379, max:77175.0546875, mean:57785.90625, min:33238.60546875, std:4524.66845703125
Iter:380, max:76945.796875, mean:57885.1875, min:39528.60546875, std:4361.87109375
Iter:381, max:82102.5703125, mean:58403.015625, min:33174.8359375, std:4429.48388671875
Iter:382, max:84054.1328125, mean:57786.5, min:35507.59375, std:4807.671875
Iter:383, max:80688.296875, mean:57608.125, min:29884.265625, std:4540.72607421875
Iter:384, max:76633.7578125, mean:57881.20703125, min:31404.669921875, std:4507.81689453125
Iter:385, max:78652.140625, mean:57383.15625, min:31639.353515625, std:4476.7626953125
Iter:386, max:79881.1640625, mean:57408.68359375, min:29048.25390625, std:5293.84521484375
Iter:387, max:77964.2421875, mean:57973.5625, min:39719.6484375, std:4412.58740234375
Iter:388, max:78554.40625, mean:57473.8984375, min:26934.755859375, std:5504.68798828125
Iter:389, max:80438.078125, mean:58006.15625, min:28393.041015625, std:5343.12451171875
Iter:390, max:81811.3359375, mean:57838.0546875, min:29266.234375, std:5481.18212890625
Iter:391, max:74922.34375, mean:58156.9375, min:32650.515625, std:4992.134765625
Iter:392, max:82907.8984375, mean:57852.87109375, min:28722.3046875, std:5345.734375
Iter:393, max:79731.609375, mean:57833.08203125, min:30228.103515625, std:5320.50732421875
Iter:394, max:78554.890625, mean:58074.7265625, min:26499.482421875, std:4641.28759765625
Iter:395, max:75702.109375, mean:57561.7265625, min:33861.22265625, std:4870.27685546875
Iter:396, max:82140.1484375, mean:57427.8515625, min:28431.89453125, std:6355.1220703125
Iter:397, max:79035.6875, mean:57991.59375, min:31064.2734375, std:4557.1396484375
Iter:398, max:76430.71875, mean:58282.8671875, min:30537.99609375, std:5233.20458984375
Iter:399, max:78168.0390625, mean:56524.296875, min:28754.525390625, std:4850.57373046875
Iter:400, max:81949.328125, mean:58300.41015625, min:30636.42578125, std:5106.5234375
Iter:401, max:82484.3828125, mean:57542.46875, min:27890.822265625, std:6088.455078125
Iter:402, max:75271.046875, mean:57447.9140625, min:31151.283203125, std:5682.7392578125
Iter:403, max:79160.6015625, mean:58246.796875, min:32488.8046875, std:4814.65234375
Iter:404, max:76642.7265625, mean:57146.65625, min:31074.75390625, std:4440.4404296875
Iter:405, max:82843.296875, mean:57894.6875, min:31073.3828125, std:5546.94091796875
Iter:406, max:80265.0, mean:58286.8671875, min:35019.3203125, std:4674.28173828125
Iter:407, max:82961.3671875, mean:58029.80078125, min:31925.06640625, std:5952.2265625
Iter:408, max:77085.6875, mean:57957.3046875, min:30168.26171875, std:5284.7578125
Iter:409, max:76216.078125, mean:57782.5546875, min:31772.779296875, std:4899.03466796875
Iter:410, max:80916.7890625, mean:57801.7421875, min:27884.822265625, std:6561.291015625
Iter:411, max:82334.4765625, mean:58112.3125, min:35224.41796875, std:4725.26904296875
Iter:412, max:77643.8671875, mean:58308.265625, min:29688.412109375, std:5817.02783203125
Iter:413, max:87760.40625, mean:57340.9609375, min:26227.638671875, std:6475.49609375
Iter:414, max:76362.75, mean:58288.98828125, min:30122.33203125, std:4730.642578125
Iter:415, max:79323.3359375, mean:57612.8671875, min:37487.23046875, std:4463.94091796875
Iter:416, max:79623.453125, mean:58046.3828125, min:29810.017578125, std:5799.48095703125
Iter:417, max:85551.3828125, mean:57887.7578125, min:35995.53125, std:4692.13525390625
Iter:418, max:81783.8671875, mean:58509.703125, min:31438.189453125, std:5244.1865234375
Iter:419, max:76907.34375, mean:58364.8359375, min:28672.052734375, std:5871.21337890625
Iter:420, max:76960.8828125, mean:57891.6875, min:34117.62890625, std:4716.7529296875
Iter:421, max:79761.390625, mean:58277.89453125, min:33938.09765625, std:4641.46728515625
Iter:422, max:80430.7578125, mean:58780.14453125, min:32579.8203125, std:4626.25732421875
Iter:423, max:75776.7734375, mean:57135.96875, min:27960.28125, std:6585.77734375
Iter:424, max:87204.671875, mean:58732.58984375, min:27708.001953125, std:5054.91259765625
Iter:425, max:76536.2265625, mean:57901.8359375, min:29679.87890625, std:6214.39404296875
Iter:426, max:79850.0078125, mean:57597.84765625, min:33524.2734375, std:4531.29443359375
Iter:427, max:74862.96875, mean:57165.2421875, min:29460.970703125, std:4637.86962890625
Iter:428, max:76853.109375, mean:58320.5859375, min:39844.78125, std:4521.27978515625
Iter:429, max:80712.84375, mean:58239.48828125, min:32059.8359375, std:4496.1298828125
Iter:430, max:84298.75, mean:57721.2109375, min:41592.390625, std:4550.36279296875
Iter:431, max:75814.4765625, mean:58785.046875, min:31640.150390625, std:4608.11083984375
Iter:432, max:77198.015625, mean:58667.9296875, min:33070.26953125, std:4909.23388671875
Iter:433, max:78734.171875, mean:58584.515625, min:31675.580078125, std:4484.47998046875
Iter:434, max:79290.3828125, mean:58703.1953125, min:35057.4375, std:4419.35205078125
Iter:435, max:78578.265625, mean:58864.625, min:32829.43359375, std:5201.81494140625
Iter:436, max:74438.078125, mean:58442.609375, min:37699.83984375, std:4448.57763671875
Iter:437, max:85658.390625, mean:58387.0078125, min:28844.109375, std:4775.15283203125
Iter:438, max:81686.640625, mean:58863.13671875, min:32546.296875, std:5037.408203125
Iter:439, max:83745.234375, mean:57494.9765625, min:28913.74609375, std:6667.67041015625
Iter:440, max:81478.1328125, mean:58996.56640625, min:32081.84765625, std:4964.51708984375
Iter:441, max:79730.234375, mean:57915.6015625, min:41328.75, std:4474.61865234375
Iter:442, max:81757.921875, mean:57942.40234375, min:39221.21875, std:4692.35595703125
Iter:443, max:77409.3671875, mean:58052.15625, min:28681.140625, std:6212.544921875
Iter:444, max:83946.453125, mean:56928.95703125, min:30909.861328125, std:4805.609375
Iter:445, max:78623.15625, mean:59037.2890625, min:36311.53125, std:4527.15625
Iter:446, max:80228.2890625, mean:59167.984375, min:34991.59375, std:5111.50390625
Iter:447, max:73799.21875, mean:57974.265625, min:46372.78125, std:4246.79931640625
Iter:448, max:78964.5859375, mean:58779.4765625, min:30075.21484375, std:4449.30029296875
Iter:449, max:96362.9765625, mean:57903.640625, min:38912.16015625, std:4623.61669921875
Iter:450, max:81673.7265625, mean:57782.62109375, min:44843.8125, std:4784.43994140625
Iter:451, max:85113.4453125, mean:58531.6953125, min:28391.5546875, std:5429.380859375
Iter:452, max:81848.46875, mean:58212.578125, min:43593.49609375, std:4422.849609375
Iter:453, max:77874.0625, mean:58707.1328125, min:31569.763671875, std:5213.7900390625
Iter:454, max:76976.7890625, mean:58362.8515625, min:42927.7734375, std:4379.431640625
Iter:455, max:83449.421875, mean:56953.2265625, min:38800.23046875, std:5038.271484375
Iter:456, max:83213.390625, mean:59150.484375, min:36051.9375, std:4724.80810546875
Iter:457, max:79930.59375, mean:58851.7890625, min:40166.953125, std:4648.67724609375
Iter:458, max:79691.4296875, mean:58713.12109375, min:38692.3828125, std:4514.68310546875
Iter:459, max:78371.5546875, mean:58526.125, min:34368.5, std:4491.59033203125
Iter:460, max:78181.984375, mean:59062.22265625, min:30208.66015625, std:4752.62158203125
Iter:461, max:86213.53125, mean:58536.0859375, min:32686.892578125, std:4834.51806640625
Iter:462, max:80561.7578125, mean:59428.4296875, min:29334.3515625, std:4837.94970703125
Iter:463, max:92458.984375, mean:59048.46875, min:34800.3125, std:4805.96484375
Iter:464, max:84174.640625, mean:58222.9296875, min:44241.4453125, std:4487.6474609375
Iter:465, max:86470.703125, mean:58914.859375, min:30819.48828125, std:4920.826171875
Iter:466, max:78385.6171875, mean:59608.578125, min:34920.99609375, std:4702.18701171875
Iter:467, max:78984.3046875, mean:59259.92578125, min:30032.017578125, std:4832.2509765625
Iter:468, max:79191.5234375, mean:59004.33984375, min:34658.171875, std:4377.2626953125
Iter:469, max:89027.5234375, mean:59085.59375, min:45817.32421875, std:4462.60009765625
Iter:470, max:79257.3828125, mean:59160.12890625, min:32294.599609375, std:4932.06640625
Iter:471, max:74383.453125, mean:59077.796875, min:32130.298828125, std:4863.6484375
Iter:472, max:82197.40625, mean:59894.39453125, min:33660.609375, std:4996.37158203125
Iter:473, max:92036.640625, mean:59386.49609375, min:30404.41796875, std:4891.27783203125
Iter:474, max:83174.703125, mean:59584.03125, min:37451.4296875, std:4506.16748046875
Iter:475, max:78093.421875, mean:58597.1796875, min:36681.546875, std:4435.376953125
Iter:476, max:77513.5625, mean:59198.08984375, min:45806.53515625, std:4600.646484375
Iter:477, max:81376.28125, mean:58802.3984375, min:30638.275390625, std:4870.93896484375
Iter:478, max:80635.265625, mean:58458.734375, min:28867.798828125, std:5703.36572265625
Iter:479, max:77720.5703125, mean:58697.4140625, min:30294.501953125, std:6095.39990234375
Iter:480, max:77490.8828125, mean:58763.84375, min:29083.1484375, std:5324.61669921875
Iter:481, max:77479.8828125, mean:58687.99609375, min:35383.10546875, std:4565.64013671875
Iter:482, max:79377.7421875, mean:59645.984375, min:32679.552734375, std:5621.4951171875
Iter:483, max:79056.640625, mean:57321.24609375, min:32454.5859375, std:4813.3798828125
Iter:484, max:79795.1953125, mean:58863.7421875, min:24105.994140625, std:5690.56640625
Iter:485, max:82190.34375, mean:59576.96875, min:33158.4453125, std:5409.02880859375
Iter:486, max:79772.2734375, mean:59691.4921875, min:29580.326171875, std:5334.5244140625
Iter:487, max:77242.4140625, mean:58646.54296875, min:41512.44140625, std:4357.818359375
Iter:488, max:85690.796875, mean:58667.75390625, min:26107.1796875, std:6145.90283203125
Iter:489, max:78368.59375, mean:58362.7421875, min:29079.439453125, std:5340.02392578125
Iter:490, max:79989.5859375, mean:59486.83984375, min:29936.64453125, std:4933.9267578125
Iter:491, max:79976.5625, mean:58516.203125, min:36886.7109375, std:4608.2900390625
Iter:492, max:80415.671875, mean:59259.1875, min:29942.478515625, std:6175.31689453125
Iter:493, max:78826.5, mean:58952.6875, min:28425.525390625, std:6315.7236328125
Iter:494, max:77092.6015625, mean:59647.2421875, min:33518.61328125, std:5003.87255859375
Iter:495, max:82123.8359375, mean:59462.125, min:26544.94140625, std:5861.80517578125
Iter:496, max:80453.03125, mean:59088.39453125, min:30566.248046875, std:5597.8681640625
Iter:497, max:98654.296875, mean:58777.890625, min:29689.4375, std:4890.123046875
Iter:498, max:79378.390625, mean:59212.87109375, min:27877.365234375, std:5567.82421875
Iter:499, max:84061.828125, mean:59218.6015625, min:35251.7265625, std:4984.0517578125
Iter:500, max:83960.0546875, mean:59899.828125, min:30291.69921875, std:5432.5185546875
Iter:501, max:78169.9609375, mean:59236.1953125, min:34822.27734375, std:4785.8671875
Iter:502, max:83573.3828125, mean:59101.6171875, min:29996.3203125, std:4994.78076171875
Iter:503, max:83602.5546875, mean:59818.359375, min:32539.630859375, std:5271.88916015625
Iter:504, max:84394.890625, mean:60100.609375, min:28888.52734375, std:5362.84033203125
Iter:505, max:81273.25, mean:58116.40234375, min:31501.869140625, std:4828.8955078125
Iter:506, max:88274.3203125, mean:59223.7265625, min:29615.2890625, std:5425.2421875
Iter:507, max:83053.0234375, mean:59799.24609375, min:29287.2421875, std:5259.826171875
Iter:508, max:80882.765625, mean:59787.63671875, min:32535.044921875, std:5325.3857421875
Iter:509, max:86229.9296875, mean:59847.42578125, min:30662.73828125, std:4949.31689453125
Iter:510, max:82391.28125, mean:59483.9140625, min:33179.93359375, std:4985.49951171875
Iter:511, max:81555.5234375, mean:59638.6015625, min:29737.4765625, std:4933.39501953125
Iter:512, max:82848.4453125, mean:59945.04296875, min:33437.60546875, std:4977.9482421875
Iter:513, max:84786.390625, mean:57103.15625, min:35348.67578125, std:4407.85791015625
Iter:514, max:84571.9296875, mean:59936.87890625, min:26902.3984375, std:5721.72802734375
Iter:515, max:87009.4140625, mean:59738.2109375, min:30358.134765625, std:5637.01513671875
Iter:516, max:88445.34375, mean:59677.34375, min:37145.28125, std:4836.18359375
Iter:517, max:79397.109375, mean:59317.71875, min:30931.84375, std:5622.0078125
Iter:518, max:85479.484375, mean:59672.1953125, min:39938.15625, std:4800.90185546875
Iter:519, max:88235.484375, mean:59696.1640625, min:33193.24609375, std:4700.47021484375
Iter:520, max:82922.6484375, mean:60596.3046875, min:33704.28125, std:5358.77392578125
Iter:521, max:81672.859375, mean:59959.5703125, min:34623.4375, std:4830.9755859375
Iter:522, max:83486.6328125, mean:60252.8203125, min:31606.4609375, std:5260.90771484375
Iter:523, max:81862.5234375, mean:59336.9765625, min:41642.01953125, std:5143.52734375
Iter:524, max:84832.203125, mean:60228.09375, min:48424.5, std:4840.15283203125
Iter:525, max:86031.8125, mean:59706.96875, min:33271.890625, std:5219.14404296875
Iter:526, max:73829.5859375, mean:57054.890625, min:39353.17578125, std:4144.3681640625
Iter:527, max:92986.140625, mean:60399.515625, min:34723.27734375, std:5262.443359375
Iter:528, max:89779.109375, mean:59455.578125, min:40635.21875, std:4724.69287109375
Iter:529, max:85464.109375, mean:60524.609375, min:32235.51171875, std:5052.4873046875
Iter:530, max:81522.0546875, mean:58731.578125, min:39334.7421875, std:4446.65625
Iter:531, max:82676.609375, mean:60617.2734375, min:37388.8046875, std:4843.5986328125
Iter:532, max:79482.1953125, mean:57910.296875, min:31537.619140625, std:4727.08544921875
Iter:533, max:82306.6796875, mean:59916.171875, min:33618.03125, std:5069.18212890625
Iter:534, max:81885.1015625, mean:60125.5546875, min:29440.109375, std:5093.509765625
Iter:535, max:81591.265625, mean:60041.0078125, min:34406.90234375, std:5222.22119140625
Iter:536, max:78961.796875, mean:60016.6640625, min:30098.97265625, std:5029.33447265625
Iter:537, max:79783.46875, mean:60081.2109375, min:34667.69921875, std:4903.95751953125
Iter:538, max:77775.1015625, mean:59831.8671875, min:32394.318359375, std:4704.70263671875
Iter:539, max:82029.9296875, mean:60143.37890625, min:29105.244140625, std:5149.9130859375
Iter:540, max:84769.109375, mean:60255.54296875, min:32952.640625, std:5442.27490234375
Iter:541, max:81633.2578125, mean:60560.359375, min:35102.63671875, std:5046.74462890625
Iter:542, max:91469.9765625, mean:59991.5546875, min:47814.80078125, std:4985.92431640625
Iter:543, max:82396.390625, mean:60599.046875, min:47307.62890625, std:4915.7734375
Iter:544, max:85714.96875, mean:60233.00390625, min:36590.9921875, std:5250.3173828125
Iter:545, max:87487.515625, mean:60018.83984375, min:43769.47265625, std:4764.263671875
Iter:546, max:83519.8828125, mean:60355.703125, min:45950.7265625, std:5400.310546875
Iter:547, max:79665.6875, mean:59183.796875, min:41172.00390625, std:4984.68798828125
Iter:548, max:81075.46875, mean:60660.8046875, min:33308.76953125, std:5176.41015625
Iter:549, max:80294.671875, mean:60564.71875, min:47652.51953125, std:5174.89697265625
Iter:550, max:86519.4296875, mean:59784.7265625, min:37009.5546875, std:4883.73681640625
Iter:551, max:84141.015625, mean:60762.890625, min:35116.703125, std:5314.484375
Iter:552, max:77681.96875, mean:60453.5859375, min:48152.12890625, std:4896.876953125
Iter:553, max:80145.9140625, mean:59916.234375, min:35414.47265625, std:5263.1767578125
Iter:554, max:84528.625, mean:60527.31640625, min:44825.78515625, std:4823.9013671875
Iter:555, max:83242.6171875, mean:59898.0, min:33384.375, std:4847.06298828125
Iter:556, max:79743.9296875, mean:59798.8671875, min:46402.078125, std:5137.41015625
Iter:557, max:82241.1875, mean:61022.01171875, min:38304.484375, std:5267.8408203125
Iter:558, max:86896.046875, mean:58488.828125, min:39090.3671875, std:4622.67578125
Iter:559, max:74826.359375, mean:59943.08203125, min:46493.03125, std:4990.16064453125
Iter:560, max:85662.6171875, mean:60321.984375, min:29743.2265625, std:5429.19873046875
Iter:561, max:82574.4765625, mean:60683.8046875, min:32404.828125, std:5388.2646484375
Iter:562, max:80931.09375, mean:59836.609375, min:34490.55078125, std:4994.58984375
Iter:563, max:83021.4921875, mean:61279.109375, min:32760.0703125, std:5451.826171875
Iter:564, max:85389.6953125, mean:61015.8359375, min:48422.5234375, std:5442.57373046875
Iter:565, max:83632.1328125, mean:60933.74609375, min:31070.630859375, std:5233.39892578125
Iter:566, max:82807.6484375, mean:60756.796875, min:38191.5546875, std:5281.93896484375
Iter:567, max:89901.171875, mean:61289.31640625, min:31733.205078125, std:5371.04638671875
Iter:568, max:84547.2421875, mean:61232.6015625, min:39431.90625, std:5088.2158203125
Iter:569, max:91299.0234375, mean:61275.65625, min:36103.06640625, std:5673.6318359375
Iter:570, max:87866.5625, mean:60291.97265625, min:31865.05078125, std:5367.14697265625
Iter:571, max:81695.734375, mean:61091.08203125, min:36259.0390625, std:5076.25927734375
Iter:572, max:94536.09375, mean:59718.09375, min:27847.9453125, std:5136.15087890625
Iter:573, max:89842.796875, mean:60137.6875, min:35837.76171875, std:5335.46533203125
Iter:574, max:80658.9140625, mean:61498.6640625, min:38629.421875, std:5428.126953125
Iter:575, max:87178.734375, mean:61222.875, min:36022.11328125, std:5525.0390625
Iter:576, max:85857.7890625, mean:61717.85546875, min:40553.60546875, std:5495.67578125
Iter:577, max:83008.4921875, mean:61463.31640625, min:31744.515625, std:5605.63232421875
Iter:578, max:81860.890625, mean:61057.8359375, min:26753.12109375, std:5374.57666015625
Iter:579, max:83928.3203125, mean:61479.8515625, min:29417.75390625, std:5707.7568359375
Iter:580, max:81506.0234375, mean:60774.5546875, min:33591.2734375, std:5955.8984375
Iter:581, max:80218.609375, mean:61693.8203125, min:33369.66015625, std:5755.32373046875
Iter:582, max:95560.640625, mean:61306.4453125, min:32619.3046875, std:5816.93359375
Iter:583, max:80326.6484375, mean:59220.3125, min:39017.28125, std:4640.150390625
Iter:584, max:84335.1640625, mean:61826.0078125, min:41145.62890625, std:5348.3623046875
Iter:585, max:79751.375, mean:59565.953125, min:32723.609375, std:5186.68017578125
Iter:586, max:88346.921875, mean:61331.171875, min:41185.63671875, std:5510.8232421875
Iter:587, max:87236.9921875, mean:61941.5859375, min:34461.44140625, std:5715.943359375
Iter:588, max:82123.3203125, mean:60716.046875, min:31090.587890625, std:5639.837890625
Iter:589, max:91065.953125, mean:61684.484375, min:31127.654296875, std:5919.96875
Iter:590, max:83554.6015625, mean:61585.2421875, min:32628.212890625, std:5870.40869140625
Iter:591, max:92735.703125, mean:60261.203125, min:31654.349609375, std:5413.68505859375
Iter:592, max:78963.7109375, mean:60892.19921875, min:27800.76953125, std:5391.91845703125
Iter:593, max:92094.453125, mean:61345.3125, min:33920.25, std:5664.32470703125
Iter:594, max:85617.296875, mean:62046.87890625, min:32043.634765625, std:5615.4365234375
Iter:595, max:89578.203125, mean:62071.17578125, min:28535.98828125, std:6087.279296875
Iter:596, max:84045.046875, mean:60315.4375, min:27549.880859375, std:6485.3408203125
Iter:597, max:82161.9375, mean:61577.9609375, min:32300.892578125, std:6386.69091796875
Iter:598, max:83722.125, mean:62041.6796875, min:32112.783203125, std:5845.07568359375
Iter:599, max:82911.0, mean:61894.265625, min:31648.103515625, std:5912.296875
Iter:600, max:89356.4140625, mean:60612.58984375, min:33166.76171875, std:6091.8662109375
Iter:601, max:86724.7421875, mean:61784.29296875, min:31933.06640625, std:6170.25439453125
Iter:602, max:81807.2890625, mean:60626.2734375, min:29227.041015625, std:5784.36669921875
Iter:603, max:85891.0546875, mean:61929.30078125, min:32572.166015625, std:5750.62548828125
Iter:604, max:86429.78125, mean:61282.96484375, min:31879.49609375, std:5863.53369140625
Iter:605, max:79364.734375, mean:59171.171875, min:35171.90625, std:4697.26904296875
Iter:606, max:82222.7265625, mean:61591.6640625, min:31011.01953125, std:6145.66357421875
Iter:607, max:83377.296875, mean:61347.234375, min:30153.525390625, std:6010.0966796875
Iter:608, max:91992.765625, mean:61279.6484375, min:32755.16796875, std:5937.2666015625
Iter:609, max:90368.953125, mean:62387.66796875, min:36472.83203125, std:5842.62646484375
Iter:610, max:86046.4765625, mean:61915.4375, min:31987.560546875, std:6112.6396484375
Iter:611, max:80116.1015625, mean:60078.2578125, min:31114.728515625, std:5687.9501953125
Iter:612, max:87232.609375, mean:59929.296875, min:47461.94921875, std:4861.564453125
Iter:613, max:84625.5546875, mean:61996.8359375, min:31401.43359375, std:6114.40576171875
Iter:614, max:80738.4921875, mean:61429.0625, min:38156.890625, std:5361.6904296875
Iter:615, max:90856.90625, mean:61794.796875, min:31701.5625, std:6088.375
Iter:616, max:86287.1328125, mean:61537.9921875, min:29743.7109375, std:6277.74951171875
Iter:617, max:87590.2578125, mean:62185.78125, min:33290.59765625, std:5734.93896484375
Iter:618, max:92143.09375, mean:61745.7109375, min:30266.94140625, std:5597.47265625
Iter:619, max:83961.65625, mean:61161.390625, min:33582.36328125, std:5268.03857421875
Iter:620, max:80077.4375, mean:60470.23828125, min:37527.4921875, std:4810.91943359375
Iter:621, max:79428.3515625, mean:59661.6484375, min:41503.46484375, std:4818.9462890625
Iter:622, max:85828.640625, mean:60402.0, min:32234.609375, std:5451.17626953125
Iter:623, max:84762.75, mean:60829.5, min:33012.546875, std:5025.0927734375
Iter:624, max:82998.9921875, mean:60731.91015625, min:43287.3125, std:5236.6318359375
Iter:625, max:83075.6171875, mean:62054.984375, min:49109.21484375, std:5619.67724609375
Iter:626, max:80525.1015625, mean:58506.71875, min:36679.33203125, std:4775.28662109375
Iter:627, max:85494.2109375, mean:61477.7890625, min:47315.2578125, std:5404.4150390625
Iter:628, max:86100.9609375, mean:61403.3046875, min:28939.025390625, std:5803.50341796875
Iter:629, max:86450.40625, mean:61058.3203125, min:46146.63671875, std:5398.9873046875
Iter:630, max:82467.8984375, mean:59541.34765625, min:45924.453125, std:4721.64111328125
Iter:631, max:88094.1171875, mean:60831.359375, min:30411.990234375, std:5933.40234375
Iter:632, max:83355.6171875, mean:60679.5703125, min:34642.90625, std:5166.8681640625
Iter:633, max:98750.1171875, mean:61667.74609375, min:28021.12890625, std:6603.2216796875
Iter:634, max:86174.171875, mean:62043.92578125, min:32016.005859375, std:6124.552734375
Iter:635, max:89411.7890625, mean:60497.64453125, min:30189.814453125, std:5707.9072265625
Iter:636, max:86784.4453125, mean:61919.84765625, min:30577.115234375, std:5750.43408203125
Iter:637, max:90740.546875, mean:60958.1484375, min:31050.015625, std:6100.11083984375
Iter:638, max:86549.25, mean:61568.95703125, min:28360.052734375, std:6496.4345703125
Iter:639, max:83060.078125, mean:61560.796875, min:30915.595703125, std:5947.6181640625
Iter:640, max:82653.421875, mean:60879.25390625, min:29110.046875, std:6027.9267578125
Iter:641, max:88021.421875, mean:62045.7890625, min:31662.0703125, std:6419.68505859375
Iter:642, max:87924.640625, mean:62035.25, min:33408.7265625, std:5818.9638671875
Iter:643, max:85170.515625, mean:61485.8515625, min:29268.30078125, std:6562.7734375
Iter:644, max:87762.6640625, mean:61447.4140625, min:37598.328125, std:5599.0205078125
Iter:645, max:82159.53125, mean:61554.859375, min:31288.939453125, std:5940.13134765625
Iter:646, max:83797.5, mean:61807.9140625, min:33031.90234375, std:5715.9462890625
Iter:647, max:86812.421875, mean:61450.76953125, min:32532.4921875, std:6578.60595703125
Iter:648, max:87944.515625, mean:60983.77734375, min:29867.974609375, std:6869.103515625
Iter:649, max:85700.1796875, mean:57922.76171875, min:27709.416015625, std:5813.787109375
Iter:650, max:84195.21875, mean:62013.484375, min:34597.67578125, std:5866.55859375
Iter:651, max:87435.8125, mean:60391.70703125, min:32102.0234375, std:5259.3232421875
Iter:652, max:85524.1328125, mean:61726.0859375, min:28260.8984375, std:6896.3291015625
Iter:653, max:83908.8984375, mean:60869.4453125, min:37063.0546875, std:5207.919921875
Iter:654, max:93762.25, mean:61330.15625, min:33109.55078125, std:5752.8037109375
Iter:655, max:85023.4765625, mean:61989.47265625, min:28752.8125, std:6194.54443359375
Iter:656, max:86925.625, mean:62149.546875, min:31953.9453125, std:5965.22119140625
Iter:657, max:90906.59375, mean:61208.4375, min:30800.974609375, std:6004.22998046875
Iter:658, max:86502.8359375, mean:62515.85546875, min:28060.20703125, std:6127.15966796875
Iter:659, max:87204.5, mean:62888.6796875, min:28932.455078125, std:6305.783203125
Iter:660, max:78382.375, mean:59686.015625, min:49358.18359375, std:4524.9384765625
Iter:661, max:83951.25, mean:62227.921875, min:29981.4609375, std:5949.38525390625
Iter:662, max:93479.25, mean:60434.58203125, min:31962.4609375, std:5502.4462890625
Iter:663, max:90326.5859375, mean:62687.91015625, min:34549.125, std:5722.59912109375
Iter:664, max:85053.7109375, mean:60213.3359375, min:31552.390625, std:5298.91259765625
Iter:665, max:87972.28125, mean:63252.03125, min:31992.53515625, std:6078.91650390625
Iter:666, max:82782.1171875, mean:60058.8125, min:33062.7890625, std:5217.90380859375
Iter:667, max:85561.9765625, mean:61086.9609375, min:34697.5234375, std:5516.4296875
Iter:668, max:85828.890625, mean:62816.4375, min:35302.66796875, std:6206.3076171875
Iter:669, max:83756.1484375, mean:62504.58203125, min:32640.005859375, std:6039.658203125
Iter:670, max:85343.03125, mean:60609.89453125, min:36432.79296875, std:4713.775390625
Iter:671, max:87827.5546875, mean:62125.17578125, min:35095.40625, std:5984.9501953125
Iter:672, max:81670.796875, mean:61691.9140625, min:31170.35546875, std:6181.79150390625
Iter:673, max:88855.515625, mean:63067.8671875, min:37094.546875, std:5968.927734375
Iter:674, max:85217.640625, mean:62014.0625, min:41609.44140625, std:5549.20068359375
Iter:675, max:78785.5, mean:59308.19140625, min:45779.06640625, std:4544.7666015625
Iter:676, max:88536.8984375, mean:62751.375, min:47889.40625, std:5595.97265625
Iter:677, max:92166.828125, mean:62855.42578125, min:44866.6484375, std:5607.1611328125
Iter:678, max:83214.890625, mean:60961.94140625, min:47300.62890625, std:4920.15283203125
Iter:679, max:85378.03125, mean:61905.3984375, min:29762.015625, std:6980.33349609375
Iter:680, max:91185.4375, mean:62400.98828125, min:29005.994140625, std:6059.50830078125
Iter:681, max:83755.6953125, mean:62669.6171875, min:29764.955078125, std:5650.912109375
Iter:682, max:85057.4765625, mean:61620.1875, min:30688.43359375, std:5888.23681640625
Iter:683, max:88374.359375, mean:62254.74609375, min:27865.984375, std:6084.57373046875
Iter:684, max:89842.8359375, mean:63298.7734375, min:29499.267578125, std:6106.13134765625
Iter:685, max:83229.796875, mean:61858.12890625, min:29728.390625, std:5535.36181640625
Iter:686, max:77579.234375, mean:60532.328125, min:34639.95703125, std:4873.5546875
Iter:687, max:87628.109375, mean:63004.59375, min:32023.75390625, std:6085.03369140625
Iter:688, max:82032.2734375, mean:62225.0625, min:29051.134765625, std:7086.6201171875
Iter:689, max:91043.4921875, mean:63207.9375, min:32734.861328125, std:6397.06201171875
Iter:690, max:86229.15625, mean:61553.7265625, min:29601.5, std:7313.7802734375
Iter:691, max:90488.484375, mean:62333.22265625, min:33484.05078125, std:6461.98486328125
Iter:692, max:93540.1015625, mean:63419.83984375, min:31276.07421875, std:6605.064453125
Iter:693, max:81091.515625, mean:62388.890625, min:31039.884765625, std:6159.69189453125
Iter:694, max:83351.3125, mean:62968.0234375, min:31776.041015625, std:6368.5986328125
Iter:695, max:86970.890625, mean:62007.91015625, min:28452.1796875, std:7340.48388671875
Iter:696, max:90681.09375, mean:63051.515625, min:34337.12890625, std:6164.16162109375
Iter:697, max:98725.6484375, mean:62963.73828125, min:33809.984375, std:6684.236328125
Iter:698, max:91083.3828125, mean:62989.75390625, min:30957.384765625, std:6682.01513671875
Iter:699, max:85284.203125, mean:62522.90234375, min:34724.49609375, std:5763.26708984375
Iter:700, max:86750.0078125, mean:62103.40625, min:32075.056640625, std:6490.87451171875
Iter:701, max:83825.140625, mean:63204.6328125, min:32863.43359375, std:6363.31591796875
Iter:702, max:82261.5546875, mean:61082.36328125, min:34510.1171875, std:5014.66845703125
Iter:703, max:90132.59375, mean:62821.40625, min:28810.564453125, std:6171.9736328125
Iter:704, max:86505.234375, mean:62080.02734375, min:39999.1171875, std:5902.38134765625
Iter:705, max:89441.09375, mean:63679.95703125, min:32037.294921875, std:6725.99462890625
Iter:706, max:87210.25, mean:63427.171875, min:30205.8671875, std:6846.15234375
Iter:707, max:88578.7109375, mean:60903.09375, min:31446.744140625, std:5386.09814453125
Iter:708, max:88745.171875, mean:62694.5234375, min:34963.49609375, std:6007.0517578125
Iter:709, max:85662.6875, mean:62784.0390625, min:31564.88671875, std:6167.0810546875
Iter:710, max:96912.9296875, mean:63219.9296875, min:36895.51953125, std:6088.44140625
Iter:711, max:88127.9375, mean:63813.3671875, min:30933.60546875, std:6322.822265625
Iter:712, max:89033.8984375, mean:63583.859375, min:32980.69921875, std:6018.02392578125
Iter:713, max:85625.828125, mean:64002.04296875, min:32201.9375, std:6261.84130859375
Iter:714, max:90983.3984375, mean:63857.140625, min:31174.46484375, std:6610.80322265625
Iter:715, max:85207.9296875, mean:61191.328125, min:30897.84375, std:5542.84765625
Iter:716, max:92642.2109375, mean:62129.0546875, min:36879.28125, std:6103.298828125
Iter:717, max:85332.5703125, mean:64175.8828125, min:33291.671875, std:6345.794921875
Iter:718, max:93996.9296875, mean:62403.359375, min:28868.435546875, std:6500.27001953125
Iter:719, max:86793.1796875, mean:64202.87890625, min:33543.953125, std:6058.890625
Iter:720, max:88167.0, mean:62005.1640625, min:36138.81640625, std:5862.75537109375
Iter:721, max:86968.6640625, mean:63897.90625, min:33229.9140625, std:6884.14794921875
Iter:722, max:97540.65625, mean:61746.3984375, min:30401.185546875, std:6123.234375
Iter:723, max:86631.6171875, mean:63724.86328125, min:48554.53125, std:5987.23779296875
Iter:724, max:86960.9140625, mean:63355.0625, min:41406.10546875, std:6074.29248046875
Iter:725, max:90195.53125, mean:64323.4609375, min:30022.091796875, std:6162.02392578125
Iter:726, max:89789.8046875, mean:63766.4453125, min:50134.4453125, std:5977.92578125
Iter:727, max:92976.0859375, mean:64171.96484375, min:48483.9296875, std:6024.67822265625
Iter:728, max:90141.1171875, mean:64657.1328125, min:38512.25, std:6294.6435546875
Iter:729, max:92271.734375, mean:63626.8125, min:42474.5546875, std:5881.27001953125
Iter:730, max:88412.5234375, mean:64142.3046875, min:36903.6015625, std:6155.458984375
Iter:731, max:86704.796875, mean:64336.69140625, min:30797.525390625, std:6158.05517578125
Iter:732, max:86190.609375, mean:61121.703125, min:32268.5546875, std:5791.3515625
Iter:733, max:88128.375, mean:62009.71484375, min:33825.02734375, std:6286.103515625
Iter:734, max:87162.6796875, mean:63902.5390625, min:35880.5859375, std:6212.900390625
Iter:735, max:99384.484375, mean:62157.3984375, min:32772.73046875, std:6072.859375
Iter:736, max:116118.25, mean:63683.01171875, min:35556.8125, std:6186.333984375
Iter:737, max:88841.078125, mean:63128.3671875, min:36461.12890625, std:5973.4189453125
Iter:738, max:92013.28125, mean:61953.5859375, min:33619.68359375, std:6077.92919921875
Iter:739, max:96160.703125, mean:63979.7890625, min:29469.041015625, std:6360.23583984375
Iter:740, max:81934.4296875, mean:63257.5234375, min:29702.5234375, std:6090.5419921875
Iter:741, max:90787.5859375, mean:64279.25, min:39009.02734375, std:6038.81201171875
Iter:742, max:86852.140625, mean:64249.55078125, min:31442.04296875, std:6455.41015625
Iter:743, max:87566.6484375, mean:62459.3203125, min:30000.14453125, std:6818.48583984375
Iter:744, max:92295.234375, mean:63772.0703125, min:38710.15625, std:6390.12646484375
Iter:745, max:84399.2578125, mean:62395.5, min:32499.9921875, std:6402.8359375
Iter:746, max:86956.578125, mean:62536.5625, min:30510.056640625, std:6222.13623046875
Iter:747, max:83478.8984375, mean:61128.3125, min:32788.44921875, std:6167.12451171875
Iter:748, max:90099.3984375, mean:63804.4609375, min:27938.556640625, std:6890.814453125
Iter:749, max:88054.8046875, mean:63682.39453125, min:30610.19140625, std:7210.29296875
Iter:750, max:90919.609375, mean:64042.5, min:33885.8046875, std:6396.06005859375
Iter:751, max:86443.6484375, mean:63438.6875, min:38075.72265625, std:6230.11962890625
Iter:752, max:86121.9609375, mean:63706.328125, min:33727.80078125, std:6708.77978515625
Iter:753, max:98749.9375, mean:61615.2265625, min:28487.771484375, std:7279.5830078125
Iter:754, max:84411.09375, mean:62625.234375, min:33361.05078125, std:6544.52587890625
Iter:755, max:86818.03125, mean:64102.76171875, min:34120.19921875, std:6694.23681640625
Iter:756, max:84006.125, mean:62910.7890625, min:30601.654296875, std:5766.67041015625
Iter:757, max:89490.8984375, mean:61125.484375, min:28838.771484375, std:8268.4736328125
Iter:758, max:84635.7734375, mean:63812.7109375, min:30352.318359375, std:6718.70703125
Iter:759, max:85979.90625, mean:62749.1875, min:31548.779296875, std:6720.927734375
Iter:760, max:86001.234375, mean:63088.62890625, min:27574.1171875, std:6986.54052734375
Iter:761, max:86626.578125, mean:63456.1328125, min:35625.71484375, std:6448.65185546875
Iter:762, max:84390.6953125, mean:61464.16015625, min:33681.83203125, std:5500.98974609375
Iter:763, max:96068.1171875, mean:63138.1640625, min:30399.37109375, std:6478.89599609375
Iter:764, max:81881.078125, mean:62903.375, min:31844.587890625, std:6147.63720703125
Iter:765, max:89594.328125, mean:62495.2265625, min:34840.8671875, std:6003.5224609375
Iter:766, max:91243.8125, mean:63301.3046875, min:31946.056640625, std:6877.7275390625
Iter:767, max:88106.75, mean:64526.7890625, min:29810.7890625, std:6754.859375
Iter:768, max:94275.75, mean:64282.08203125, min:31942.62890625, std:6457.4111328125
Iter:769, max:96457.828125, mean:63689.6875, min:32004.009765625, std:7076.7177734375
Iter:770, max:85796.6015625, mean:64723.9296875, min:28374.06640625, std:6950.630859375
Iter:771, max:96951.734375, mean:64255.53125, min:31806.818359375, std:6586.09814453125
Iter:772, max:88408.109375, mean:61571.0703125, min:40694.46484375, std:5450.22412109375
Iter:773, max:87376.4296875, mean:64153.921875, min:34644.25390625, std:6508.62646484375
Iter:774, max:94529.78125, mean:64874.48046875, min:31029.44921875, std:7256.5283203125
Iter:775, max:86339.0390625, mean:62055.16015625, min:32685.087890625, std:5902.58935546875
Iter:776, max:88666.1484375, mean:62854.5859375, min:31758.025390625, std:7606.748046875
Iter:777, max:83507.1875, mean:61091.75390625, min:41220.57421875, std:5375.44189453125
Iter:778, max:93715.9140625, mean:62248.9140625, min:47821.56640625, std:5695.14208984375
Iter:779, max:86271.140625, mean:64507.2890625, min:32184.26171875, std:6453.02392578125
Iter:780, max:87447.0390625, mean:62799.0546875, min:30893.912109375, std:7222.66748046875
Iter:781, max:86006.046875, mean:59727.78125, min:50361.8671875, std:4851.974609375
Iter:782, max:93266.71875, mean:64302.76953125, min:34369.22265625, std:6408.72021484375
Iter:783, max:90078.09375, mean:63964.48828125, min:29489.32421875, std:7207.5810546875
Iter:784, max:92694.28125, mean:64310.29296875, min:29640.443359375, std:6765.83544921875
Iter:785, max:95280.9921875, mean:62368.87109375, min:33995.14453125, std:6100.93359375
Iter:786, max:88535.0390625, mean:65211.08203125, min:32176.994140625, std:6571.7626953125
Iter:787, max:88982.5390625, mean:64852.03125, min:41736.00390625, std:6492.734375
Iter:788, max:88870.671875, mean:61970.30078125, min:50389.22265625, std:5656.3076171875
Iter:789, max:85382.3671875, mean:61955.52734375, min:41039.5390625, std:5895.9365234375
Iter:790, max:85593.9453125, mean:62691.15625, min:38428.6796875, std:5962.05810546875
Iter:791, max:101783.2734375, mean:65452.94140625, min:34296.41796875, std:6737.37109375
Iter:792, max:88571.8203125, mean:65200.5234375, min:45816.50390625, std:6398.64892578125
Iter:793, max:90327.015625, mean:63620.1015625, min:29353.0625, std:6720.4541015625
Iter:794, max:91362.515625, mean:64254.00390625, min:31655.107421875, std:7238.52587890625
Iter:795, max:90881.6484375, mean:65353.69921875, min:37518.44140625, std:6376.36083984375
Iter:796, max:91479.859375, mean:62391.0, min:30889.7890625, std:8142.90283203125
Iter:797, max:88156.9609375, mean:63732.71875, min:27863.396484375, std:6217.6669921875
Iter:798, max:90200.125, mean:61935.2578125, min:27787.34765625, std:7020.0849609375
Iter:799, max:90402.90625, mean:65106.6015625, min:33767.96875, std:6697.97216796875
Iter:800, max:87443.7421875, mean:64052.765625, min:28394.58203125, std:6303.34619140625
Iter:801, max:91115.078125, mean:63283.0546875, min:32142.640625, std:6864.53369140625
Iter:802, max:85879.6171875, mean:64287.765625, min:32156.4140625, std:6285.78515625
Iter:803, max:98823.953125, mean:62685.9140625, min:47888.703125, std:6153.111328125
Iter:804, max:95505.1171875, mean:63765.48828125, min:47581.51953125, std:6375.45654296875
Iter:805, max:91649.5703125, mean:64801.54296875, min:37879.5, std:6502.14013671875
Iter:806, max:90614.625, mean:64372.0390625, min:40078.546875, std:5933.890625
Iter:807, max:92346.2265625, mean:64695.2421875, min:31056.349609375, std:6704.18798828125
Iter:808, max:94563.8125, mean:63498.953125, min:34318.9140625, std:6125.21240234375
Iter:809, max:86376.6015625, mean:65236.44140625, min:35947.9140625, std:6876.28173828125
Iter:810, max:91994.5625, mean:64992.1328125, min:35067.1171875, std:6816.201171875
Iter:811, max:103230.2734375, mean:65648.796875, min:41314.75, std:6625.42919921875
Iter:812, max:93308.9609375, mean:64608.578125, min:41967.73046875, std:6542.41015625
Iter:813, max:91227.125, mean:64673.4296875, min:33404.16015625, std:6735.4814453125
Iter:814, max:86569.3984375, mean:65347.21484375, min:29921.29296875, std:6568.38720703125
Iter:815, max:86419.8046875, mean:64587.84375, min:37047.58984375, std:6221.74560546875
Iter:816, max:88399.6171875, mean:65057.67578125, min:31279.4296875, std:6533.3291015625
Iter:817, max:89649.4921875, mean:65131.0625, min:31766.30078125, std:6558.5556640625
Iter:818, max:92092.8203125, mean:64774.796875, min:33912.9609375, std:7338.49462890625
Iter:819, max:88942.78125, mean:61617.3359375, min:43143.109375, std:5822.78466796875
Iter:820, max:101361.21875, mean:64988.8046875, min:33195.3671875, std:6772.54345703125
Iter:821, max:98628.390625, mean:62896.90625, min:34670.2890625, std:6434.95947265625
Iter:822, max:85925.625, mean:65045.03125, min:36299.57421875, std:6634.71142578125
Iter:823, max:87556.21875, mean:63585.1953125, min:31192.79296875, std:7431.1162109375
Iter:824, max:95203.6953125, mean:65307.671875, min:33105.65234375, std:6839.625
Iter:825, max:91628.390625, mean:63841.140625, min:32109.935546875, std:6643.5419921875
Iter:826, max:83381.9296875, mean:63684.8828125, min:32242.443359375, std:6837.115234375
Iter:827, max:88403.1875, mean:63313.2421875, min:33366.16796875, std:7417.9267578125
Iter:828, max:83892.9765625, mean:64268.640625, min:34542.0, std:6713.63134765625
Iter:829, max:93803.0234375, mean:64848.0078125, min:33664.42578125, std:7242.0517578125
Iter:830, max:95165.109375, mean:63740.85546875, min:33757.34375, std:7250.05078125
Iter:831, max:85149.984375, mean:65090.48046875, min:29378.009765625, std:7277.14697265625
Iter:832, max:92095.921875, mean:62973.73828125, min:31531.779296875, std:7234.791015625
Iter:833, max:87557.8515625, mean:63818.390625, min:28287.330078125, std:7608.35498046875
Iter:834, max:85819.578125, mean:64181.7734375, min:31273.234375, std:6901.41015625
Iter:835, max:91153.296875, mean:65677.03125, min:31199.197265625, std:7454.8271484375
Iter:836, max:80689.359375, mean:61119.2734375, min:31377.453125, std:5683.20947265625
Iter:837, max:89230.9609375, mean:65238.5234375, min:33173.3828125, std:6713.24560546875
Iter:838, max:89047.5, mean:65624.46875, min:31408.990234375, std:6871.91064453125
Iter:839, max:90288.4296875, mean:65704.2421875, min:35382.62109375, std:6893.923828125
Iter:840, max:89209.578125, mean:64777.328125, min:30878.025390625, std:7423.25244140625
Iter:841, max:96444.171875, mean:65082.54296875, min:36293.12109375, std:6934.57373046875
Iter:842, max:85735.4453125, mean:64377.8125, min:34666.98828125, std:6301.5615234375
Iter:843, max:89975.0546875, mean:63866.9609375, min:31099.935546875, std:7616.287109375
Iter:844, max:88448.453125, mean:64019.16015625, min:34415.13671875, std:6978.79931640625
Iter:845, max:91429.1875, mean:65220.00390625, min:31685.216796875, std:7205.4990234375
Iter:846, max:85832.1640625, mean:64264.90234375, min:31587.826171875, std:6329.685546875
Iter:847, max:95711.7109375, mean:65404.4375, min:30957.9921875, std:6819.1708984375
Iter:848, max:89999.4140625, mean:63769.8984375, min:33845.87890625, std:6417.50048828125
Iter:849, max:92622.6796875, mean:63041.53125, min:30053.171875, std:6237.51123046875
Iter:850, max:91915.15625, mean:64596.65625, min:37068.41015625, std:6691.5498046875
Iter:851, max:96366.90625, mean:65412.171875, min:33572.45703125, std:6906.52099609375
Iter:852, max:90811.453125, mean:65226.3046875, min:37559.8046875, std:6648.52392578125
Iter:853, max:86613.0078125, mean:63864.234375, min:31768.453125, std:6615.61962890625
Iter:854, max:90768.1171875, mean:65591.0703125, min:35813.46484375, std:6458.61328125
Iter:855, max:87857.65625, mean:64651.73046875, min:30810.927734375, std:6915.49951171875
Iter:856, max:85083.0390625, mean:64494.02734375, min:39447.66015625, std:6432.439453125
Iter:857, max:90551.3359375, mean:65718.9921875, min:38236.05859375, std:6334.31005859375
Iter:858, max:88950.703125, mean:65327.1796875, min:29813.072265625, std:7200.19091796875
Iter:859, max:88672.0625, mean:65509.4921875, min:38293.83203125, std:6332.32080078125
Iter:860, max:88690.6953125, mean:66064.7734375, min:47381.2109375, std:6306.84326171875
Iter:861, max:86149.875, mean:65641.5625, min:36879.2109375, std:6422.8125
Iter:862, max:93098.4921875, mean:65991.546875, min:37058.52734375, std:6306.802734375
Iter:863, max:99259.234375, mean:65749.21875, min:40843.734375, std:6707.634765625
Iter:864, max:98789.25, mean:64825.15234375, min:45822.4453125, std:6449.9951171875
Iter:865, max:88505.0546875, mean:65098.4609375, min:35166.5703125, std:6539.29833984375
Iter:866, max:86865.8828125, mean:65282.2421875, min:38952.91015625, std:6439.30908203125
Iter:867, max:89183.2734375, mean:65881.8046875, min:50562.8125, std:6483.25390625
Iter:868, max:93824.7421875, mean:64888.640625, min:47229.78515625, std:6419.021484375
Iter:869, max:89346.21875, mean:65387.6640625, min:36209.01171875, std:6417.6328125
Iter:870, max:91495.1796875, mean:63777.84375, min:38468.91015625, std:6181.23828125
Iter:871, max:88906.828125, mean:65439.34375, min:37026.87890625, std:6339.2978515625
Iter:872, max:84311.328125, mean:64167.78515625, min:43514.7421875, std:6246.587890625
Iter:873, max:87063.5625, mean:65460.5546875, min:46885.76171875, std:6482.7451171875
Iter:874, max:84834.78125, mean:63542.26953125, min:34429.8359375, std:6303.98779296875
Iter:875, max:88648.703125, mean:65377.15234375, min:32405.751953125, std:6502.11474609375
Iter:876, max:84669.53125, mean:64086.2890625, min:45421.17578125, std:6045.46240234375
Iter:877, max:87707.671875, mean:65323.0078125, min:51147.00390625, std:6431.36572265625
Iter:878, max:87902.8984375, mean:65320.2890625, min:50211.08203125, std:6202.298828125
Iter:879, max:89072.15625, mean:62835.125, min:37744.67578125, std:5936.38671875
Iter:880, max:101428.921875, mean:63984.8203125, min:39974.91015625, std:6464.833984375
Iter:881, max:92307.234375, mean:64495.8203125, min:39920.84765625, std:6423.2939453125
Iter:882, max:86721.125, mean:61132.81640625, min:32552.865234375, std:6420.52099609375
Iter:883, max:90090.375, mean:64370.71484375, min:30635.087890625, std:6472.3955078125
Iter:884, max:87469.8984375, mean:64347.4296875, min:43612.6796875, std:6271.5947265625
Iter:885, max:86315.2265625, mean:65814.7421875, min:49407.734375, std:6247.81640625
Iter:886, max:95157.1796875, mean:65478.875, min:49301.484375, std:6178.26123046875
Iter:887, max:83861.7734375, mean:64587.68359375, min:32878.203125, std:6676.0263671875
Iter:888, max:90464.8515625, mean:65264.7265625, min:47121.8203125, std:6203.14208984375
Iter:889, max:80635.6484375, mean:62809.828125, min:30482.5, std:6315.75244140625
Iter:890, max:91354.1015625, mean:64506.421875, min:38597.921875, std:6355.07080078125
Iter:891, max:100174.2265625, mean:66342.828125, min:34149.66015625, std:6912.84912109375
Iter:892, max:98294.84375, mean:64174.52734375, min:48456.26171875, std:6411.1328125
Iter:893, max:87450.4296875, mean:65490.6484375, min:34803.2109375, std:6240.76220703125
Iter:894, max:94241.265625, mean:65395.25390625, min:38770.17578125, std:6400.2412109375
Iter:895, max:87545.9375, mean:65083.6796875, min:47620.078125, std:6406.31787109375
Iter:896, max:96127.0859375, mean:65457.703125, min:33353.921875, std:6626.38037109375
Iter:897, max:94486.5234375, mean:65958.515625, min:36122.5078125, std:6275.837890625
Iter:898, max:86909.546875, mean:65397.16015625, min:39104.8515625, std:6175.3369140625
Iter:899, max:91978.296875, mean:65576.2734375, min:39468.35546875, std:6376.83154296875
Iter:900, max:87543.84375, mean:64725.43359375, min:38218.95703125, std:6303.8828125
Iter:901, max:91402.4296875, mean:63667.0859375, min:42957.8203125, std:6047.98388671875
Iter:902, max:84821.2109375, mean:63866.546875, min:33359.44140625, std:6285.94287109375
Iter:903, max:84779.484375, mean:64030.2734375, min:46672.9453125, std:6094.88330078125
Iter:904, max:90809.8125, mean:65871.21875, min:28226.515625, std:6681.77783203125
Iter:905, max:87520.59375, mean:63344.4765625, min:31247.61328125, std:6461.85107421875
Iter:906, max:99991.7265625, mean:65818.1875, min:33343.4375, std:6385.97509765625
Iter:907, max:90626.3203125, mean:65708.921875, min:37685.58984375, std:6597.693359375
Iter:908, max:98887.7109375, mean:66189.1875, min:32751.376953125, std:6604.40966796875
Iter:909, max:101832.921875, mean:66394.2109375, min:30444.599609375, std:7286.74365234375
Iter:910, max:95988.8203125, mean:65535.53125, min:32656.45703125, std:6563.35986328125
Iter:911, max:94082.5234375, mean:64638.65625, min:36925.14453125, std:6275.42236328125
Iter:912, max:87742.3125, mean:64346.890625, min:48898.9140625, std:6105.20556640625
Iter:913, max:105137.4453125, mean:65294.578125, min:33483.1171875, std:6603.9775390625
Iter:914, max:96043.609375, mean:65966.4609375, min:36227.328125, std:6163.857421875
Iter:915, max:90302.828125, mean:63776.796875, min:42510.234375, std:6206.7509765625
Iter:916, max:82013.671875, mean:63781.84375, min:32646.84375, std:6145.27099609375
Iter:917, max:87006.8984375, mean:63019.79296875, min:38384.27734375, std:5705.34521484375
Iter:918, max:94557.5, mean:65910.640625, min:43903.05859375, std:6366.9453125
Iter:919, max:91979.609375, mean:65951.640625, min:41829.859375, std:6288.681640625
Iter:920, max:86152.59375, mean:65344.49609375, min:33827.19921875, std:6692.5302734375
Iter:921, max:97885.90625, mean:66225.09375, min:40562.05859375, std:6377.2451171875
Iter:922, max:95325.671875, mean:65465.6171875, min:30220.802734375, std:6891.02880859375
Iter:923, max:98461.6953125, mean:65979.6640625, min:40475.890625, std:6345.39208984375
Iter:924, max:87571.1484375, mean:65092.2421875, min:33469.2734375, std:6766.14111328125
Iter:925, max:88018.1328125, mean:64964.71484375, min:28804.2734375, std:7388.3525390625
Iter:926, max:87585.703125, mean:65707.296875, min:31009.06640625, std:6690.04150390625
Iter:927, max:94069.8984375, mean:66300.0703125, min:39675.19921875, std:6384.91162109375
Iter:928, max:86741.90625, mean:65620.6171875, min:36075.50390625, std:6415.3515625
Iter:929, max:87378.5625, mean:64961.92578125, min:46947.05078125, std:6417.73974609375
Iter:930, max:95537.3046875, mean:66220.4453125, min:31374.07421875, std:7030.10791015625
Iter:931, max:89869.03125, mean:65258.671875, min:36181.14453125, std:6495.791015625
Iter:932, max:97707.484375, mean:65517.6953125, min:33888.50390625, std:6842.6220703125
Iter:933, max:91760.59375, mean:66448.078125, min:33922.50390625, std:7173.0419921875
Iter:934, max:89015.71875, mean:65165.21875, min:30440.373046875, std:7633.47314453125
Iter:935, max:84685.96875, mean:64617.6953125, min:34179.234375, std:6321.44287109375
Iter:936, max:95573.875, mean:64820.921875, min:34503.62890625, std:6873.09716796875
Iter:937, max:91373.3671875, mean:65286.4453125, min:36659.7109375, std:6768.1259765625
Iter:938, max:88792.6875, mean:65589.6953125, min:38401.83203125, std:6707.71826171875
Iter:939, max:89798.4921875, mean:63515.9921875, min:29876.533203125, std:6859.765625
Iter:940, max:87908.8359375, mean:62263.37109375, min:34907.66015625, std:6110.63916015625
Iter:941, max:99724.7109375, mean:63561.8984375, min:32011.662109375, std:6930.3701171875
Iter:942, max:89042.2109375, mean:63181.82421875, min:33935.52734375, std:6364.62890625
Iter:943, max:91234.9296875, mean:65376.6328125, min:33512.22265625, std:6787.8564453125
Iter:944, max:90245.9921875, mean:66583.5, min:36136.25, std:6793.94189453125
Iter:945, max:100237.1640625, mean:65631.921875, min:27595.12890625, std:7284.056640625
Iter:946, max:85346.921875, mean:65514.1640625, min:41413.5703125, std:6687.533203125
Iter:947, max:91792.703125, mean:65615.484375, min:41477.47265625, std:6833.1748046875
Iter:948, max:87597.2890625, mean:62979.3046875, min:29291.392578125, std:6812.57177734375
Iter:949, max:105183.2421875, mean:64758.87109375, min:36746.6015625, std:6485.02783203125
Iter:950, max:96888.390625, mean:65979.484375, min:37244.5625, std:6626.68212890625
Iter:951, max:98546.0703125, mean:66278.546875, min:36132.46484375, std:7234.14892578125
Iter:952, max:89140.5078125, mean:64071.921875, min:32923.30859375, std:7559.7216796875
Iter:953, max:86698.78125, mean:63070.6640625, min:36632.2265625, std:6246.494140625
Iter:954, max:98038.4453125, mean:65938.8125, min:36091.47265625, std:6736.5712890625
Iter:955, max:90071.125, mean:65367.0703125, min:33622.9140625, std:6835.9853515625
Iter:956, max:90162.734375, mean:66232.375, min:32583.908203125, std:6862.43017578125
Iter:957, max:89068.25, mean:65666.7109375, min:49798.890625, std:6313.51171875
Iter:958, max:90240.3203125, mean:65152.34375, min:34606.41796875, std:6666.90771484375
Iter:959, max:89903.140625, mean:65532.9765625, min:37536.265625, std:6598.83544921875
Iter:960, max:91447.390625, mean:66357.703125, min:31310.6953125, std:6955.16845703125
Iter:961, max:87404.796875, mean:65333.2109375, min:35239.5390625, std:6534.09521484375
Iter:962, max:89355.21875, mean:65176.2109375, min:35084.7109375, std:6565.76904296875
Iter:963, max:87028.578125, mean:65360.890625, min:35424.80078125, std:6913.21044921875
Iter:964, max:90560.34375, mean:65432.37109375, min:30244.779296875, std:7929.93505859375
Iter:965, max:91328.203125, mean:66130.6640625, min:34031.0, std:7052.8896484375
Iter:966, max:84668.8515625, mean:65226.36328125, min:27405.052734375, std:7303.9033203125
Iter:967, max:88121.2578125, mean:63580.25, min:37952.59765625, std:6185.67431640625
Iter:968, max:90036.1640625, mean:66700.234375, min:34557.296875, std:6715.94287109375
Iter:969, max:91789.9765625, mean:66361.8203125, min:28189.43359375, std:7311.13671875
Iter:970, max:96540.15625, mean:66200.8828125, min:43641.703125, std:6378.2509765625
Iter:971, max:92003.0546875, mean:66224.9609375, min:34736.4765625, std:6789.744140625
Iter:972, max:92860.0, mean:64142.91796875, min:31105.423828125, std:7473.63525390625
Iter:973, max:87779.0234375, mean:65011.0703125, min:33088.8359375, std:6831.28857421875
Iter:974, max:89737.609375, mean:66886.8046875, min:29295.21875, std:6794.73779296875
Iter:975, max:91084.4453125, mean:67423.9375, min:38152.04296875, std:6863.13818359375
Iter:976, max:86764.578125, mean:63251.1875, min:26542.484375, std:7622.0693359375
Iter:977, max:87422.6484375, mean:66689.1875, min:27328.44921875, std:7685.09716796875
Iter:978, max:93400.5703125, mean:65253.80859375, min:32430.611328125, std:7195.8779296875
Iter:979, max:85094.703125, mean:63930.8671875, min:30422.0, std:6310.0791015625
Iter:980, max:100532.125, mean:66216.515625, min:31330.3515625, std:6864.6396484375
Iter:981, max:93524.875, mean:65860.875, min:33705.0625, std:6747.37939453125
Iter:982, max:90130.109375, mean:65739.28125, min:28349.279296875, std:7441.53076171875
Iter:983, max:90102.5546875, mean:64352.04296875, min:45076.99609375, std:6271.39794921875
Iter:984, max:97028.296875, mean:67281.34375, min:34747.9296875, std:6690.04931640625
Iter:985, max:93668.5078125, mean:66135.9921875, min:32146.08203125, std:7000.5244140625
Iter:986, max:90077.4609375, mean:66085.1328125, min:30176.5546875, std:6401.80322265625
Iter:987, max:86125.2734375, mean:65449.984375, min:33949.234375, std:6596.4658203125
Iter:988, max:93316.21875, mean:65774.28125, min:29652.05859375, std:7783.83203125
Iter:989, max:90953.4921875, mean:66071.5390625, min:32592.0546875, std:6381.58544921875
Iter:990, max:90382.3671875, mean:66000.7109375, min:50133.57421875, std:6528.62451171875
Iter:991, max:94787.3359375, mean:67176.375, min:38210.9921875, std:7001.97119140625
Iter:992, max:87211.25, mean:65131.703125, min:46469.7890625, std:6476.55322265625
Iter:993, max:95935.4453125, mean:65958.046875, min:29553.6328125, std:6712.58935546875
Iter:994, max:92103.546875, mean:66619.1640625, min:51083.10546875, std:6110.587890625
Iter:995, max:91370.5, mean:67198.1875, min:50307.84765625, std:6316.7861328125
Iter:996, max:94441.125, mean:66299.9296875, min:46319.74609375, std:6638.984375
Iter:997, max:93292.8125, mean:65601.921875, min:40946.96484375, std:6743.07666015625
Iter:998, max:91641.8515625, mean:67282.2421875, min:35985.28125, std:6516.439453125
Iter:999, max:86183.0625, mean:66437.9140625, min:51999.01953125, std:6510.10009765625
